lykkeligste	0.986
lykke	0.984
lyksalighed	0.971
fejrer	0.970
ekstatisk	0.954
bedste dag nogensinde	0.938
loveee	0.932
fest	0.929
awesomeness	0.926
lykkeligt	0.922
spænding	0.922
eufori	0.922
fabelagtig	0.922
lovee	0.920
taknemmelighed	0.914
spektakulære	0.912
lystighed	0.912
happydance	0.912
himmelhenrykt	0.909
Triumferende	0.907
ecstasy	0.906
opmuntre	0.897
opstemt	0.894
opstemthed	0.891
Elsk dette	0.891
grine	0.891
jolly	0.891
fornøjelser	0.891
excitation	0.891
kærlig	0.879
salig	0.879
lystbetonet	0.877
entusiastisk	0.875
lovinglife	0.875
skadefryd	0.875
happyplace	0.875
så glad	0.868
woohoo	0.864
superb	0.864
jublende	0.859
ære	0.859
fejret	0.859
elskede	0.859
storslået	0.859
halleluja	0.859
himmelske	0.853
reddede min dag	0.848
vidunderligt	0.844
fejre	0.844
velsignelse	0.844
sødme	0.833
velsignet	0.833
paradis	0.833
fester	0.833
smilende	0.828
fortryllende	0.828
hjem kære hjem	0.826
vidunderlig	0.824
latter	0.824
begejstret	0.818
festlig	0.818
sensationel	0.818
happyheart	0.818
jubel	0.818
glæderne	0.818
godhed	0.818
ekspertise	0.818
jovial	0.814
fremragende	0.812
herlige	0.812
elske	0.812
Glæd dig	0.812
sejrende	0.812
bonanza	0.812
smiley	0.812
god fornøjelse	0.812
glimrende	0.812
gode tider	0.811
dejlig dag	0.809
min favorit	0.804
fornøjelse	0.803
fnise	0.802
yesss	0.797
succes	0.797
gladere	0.797
lovinlife	0.797
elsker mit liv	0.797
pragt	0.788
sjovt	0.788
lykkelig	0.788
glad	0.781
fortryllet	0.781
forherlige	0.781
så heldig	0.781
fnisen	0.781
himlen	0.779
fuldkommenhed	0.779
Christmassy	0.779
spændende	0.776
underholde	0.773
mirakuløs	0.773
fiesta	0.773
tillykke	0.773
Skål	0.773
positivitet	0.773
elskelig	0.773
jublede	0.773
sjov dag	0.772
nyder	0.771
krammer	0.766
morede	0.766
livet er godt	0.766
det bedste	0.766
så sød	0.766
glæde	0.765
orgasme	0.765
parti	0.765
positiv	0.761
mirakler	0.758
oplyse	0.758
juletid	0.757
svimmel	0.757
griner	0.750
smil	0.750
romantisk	0.750
storhed	0.750
velsignelser	0.750
løssluppenhed	0.748
jubilæum	0.742
entusiasme	0.742
triumf	0.742
magiske	0.742
mirakel	0.742
givende	0.742
have det godt	0.736
velstand	0.735
luksuriøs	0.734
livlig	0.734
god dag	0.734
lidenskabelig	0.734
fortrylle	0.734
sejr	0.734
beundring	0.734
TGIF	0.734
forherligelse	0.733
synge	0.729
betagende	0.728
yessss	0.728
hurra	0.727
taknemmelig	0.727
muntre	0.727
santa	0.727
pris	0.727
I fred	0.727
vinde	0.727
lystig	0.727
udstråling	0.725
inspiration	0.725
hævning	0.723
optimistisk	0.723
himmel	0.721
heldig	0.721
gys	0.721
helligdage	0.721
elsker	0.719
dejlig	0.719
harmoni	0.719
inderligt	0.719
utopisk	0.719
xmas	0.719
komplimenterende	0.719
rose	0.719
Perfekt	0.719
magi	0.712
heldigste	0.712
luksus	0.712
bestfeeling	0.712
skatte	0.712
præstation	0.712
yay	0.712
intim	0.710
klukle	0.706
rave	0.706
stolt	0.704
ægte kærlighed	0.703
fuckyeah	0.703
forbavsende	0.703
gode nyheder	0.703
optimisme	0.703
tilfredsstillende	0.703
gooood	0.703
sødeste	0.703
værdsætte	0.703
godt liv	0.703
forskønnelse	0.703
værdsætter	0.703
nusset	0.703
underholdt	0.700
ophidse	0.697
fødselsdag	0.691
metime	0.688
favorit	0.688
hædret	0.688
indhold	0.688
engleblid	0.688
tilbedelse	0.688
udsøgt	0.688
kostbar	0.682
majestætisk	0.682
værdsat	0.682
saftig	0.682
smilede	0.682
bedste venner	0.682
ophøjelse	0.682
ro	0.679
gifte	0.676
omfavne	0.676
positivt	0.676
lempelse	0.672
gennemført	0.672
bday	0.672
grin	0.672
oplive	0.672
hysterisk morsom	0.672
fniser	0.672
sprudlende	0.667
victor	0.667
larmende	0.667
opfyldt	0.667
opfylde	0.664
cuddles	0.662
blomstrende	0.660
romantik	0.656
tilfredsstille	0.656
behagelig	0.656
humor	0.656
glød	0.656
påskønnelse	0.656
opfordrede	0.656
sindsro	0.656
fange	0.656
besties	0.656
tilfredshed	0.652
beskæftiget	0.652
roser	0.652
formuer	0.652
slapper af	0.652
rost	0.652
supplement	0.647
kærlighed	0.647
lettet	0.647
karneval	0.643
guddommelig	0.641
hellig	0.641
harmonisk	0.641
taksigelse	0.641
jackpot	0.641
uvurderlig	0.641
sensualitet	0.641
champion	0.641
bryllup	0.641
opløftende	0.641
vinder	0.636
klimaks	0.636
fredelig	0.636
twinkle	0.636
drømmeri	0.636
ophøje	0.636
felicity	0.636
kæle	0.636
trøstende	0.636
bryllupsrejse	0.636
xoxo	0.634
underholdende	0.625
lysere	0.625
belønning	0.625
forkærlighed	0.625
hjerter	0.625
sød	0.625
stjernekiggeri	0.625
festival	0.625
styrketræning	0.625
gavmildhed	0.625
smukke	0.625
køn	0.622
parade	0.621
bifald	0.621
genial	0.621
skønhed	0.621
venlig	0.621
opfyldelse	0.618
nyt liv	0.618
aspirerende	0.618
dydige	0.613
kys	0.610
gevinster	0.609
rosværdigt	0.609
regnbuer	0.609
gavmild	0.609
oplysning	0.609
legende	0.609
jul	0.609
super	0.609
elegance	0.609
genoplive	0.609
priser	0.609
yndig	0.609
uafhængighed	0.607
venlighed	0.606
vellykket	0.606
en kærlighed	0.606
frit	0.606
overraskelser	0.606
inspireret	0.606
spekulerer	0.606
underholdning	0.603
finurlig	0.603
lidenskab	0.603
forskønne	0.601
solopgang	0.600
Gud er god	0.597
whoo	0.594
Engel	0.594
gudskelov	0.594
realisering	0.594
flirt	0.594
god musik	0.594
puttede	0.594
Revere	0.594
inspirere	0.594
fanfare	0.594
fredeligt	0.594
jesus	0.594
godbidder	0.594
heroisk	0.591
formue	0.591
venskab	0.591
sang	0.591
ophøjet	0.591
sommer	0.591
højeste	0.591
overstrømmende	0.588
woot	0.588
overstadig	0.588
håber	0.586
hyldest	0.586
hyggelig	0.583
skat	0.578
venlige	0.578
sanselige	0.578
rablende	0.578
ros	0.578
ambition	0.578
livet	0.578
glimte	0.577
yeahhh	0.576
heldig pige	0.576
flatterende	0.576
sanselig	0.576
heltemod	0.576
efterfølgende	0.576
nåde	0.576
fred	0.576
Lev livet	0.574
særlig	0.574
forjættende	0.572
pumpet	0.567
knus	0.562
værd	0.562
svælger	0.562
være fremherskende	0.562
smag	0.562
solrig	0.562
slap af	0.562
overraskelse	0.562
beundringsværdig	0.562
helt	0.562
humoristisk	0.562
søde sager	0.562
trives	0.562
superstar	0.562
gunstig	0.561
velsigne	0.561
ømhed	0.561
mesterværk	0.561
nyt år	0.561
drømme	0.559
håbefuld	0.559
hjem	0.559
cruising	0.556
trofasthed	0.553
nærhed	0.552
Iver	0.552
comfy	0.551
solskin	0.551
ferie	0.547
gave	0.547
tillid	0.547
mistelten	0.547
elite	0.547
himmelsk	0.547
hjerte	0.547
færdiggørelse	0.547
godt	0.547
datter	0.547
forbavselse	0.547
bonus	0.547
god morgen	0.547
løftet	0.547
belyse	0.547
charmeret	0.546
dans	0.545
rekreation	0.545
opmuntring	0.545
vælde	0.545
sublime	0.545
Gud	0.545
gratis	0.544
freshstart	0.544
frelser	0.543
fristed	0.541
børnebørn	0.540
wellness	0.537
svælge	0.534
inspirerende	0.531
Duft	0.531
penge	0.531
regnbue	0.531
selvsikker	0.531
brude	0.531
musik	0.531
fab	0.531
fredfyldte	0.531
i live	0.531
hellighed	0.531
vitalitet	0.531
befrielse	0.531
førstefødte	0.531
elegant	0.530
beherskelse	0.530
belysning	0.530
hilste	0.530
varme	0.530
blomst	0.530
glimt	0.530
trofast	0.529
behandle	0.529
Snuggles	0.522
laurbær	0.521
prisværdigt	0.519
strålende	0.516
gaver	0.516
magtfulde	0.516
fjollet	0.516
citronskal	0.516
lykkes	0.516
jingle	0.516
mødt	0.516
broderlig	0.516
stolthed	0.516
styrkelse	0.516
stræbe	0.516
rigelig	0.516
almægtig	0.516
fancy	0.516
zen	0.515
kroning	0.515
kudos	0.515
fritid	0.515
komplet	0.515
cutie	0.515
NewME	0.515
familie tid	0.515
animeret	0.515
ånd	0.515
takke	0.515
skinner	0.515
lønningsdag	0.515
fyrstelige	0.515
genforenet	0.515
terapeutisk	0.515
komfort	0.515
ægteskab	0.514
gudfrygtig	0.514
forhold	0.514
ægtefælle	0.507
intimt	0.507
tilfreds	0.500
opnå	0.500
Excel	0.500
indbydende	0.500
fortjenstfulde	0.500
diamant	0.500
natur	0.500
værdighed	0.500
familie	0.500
sjælfuld	0.500
velgørende	0.500
tilskynde	0.500
venner	0.500
sund og rask	0.500
surrealistisk	0.500
forfrisket	0.500
strand	0.500
moderskab	0.500
respekt	0.500
perle	0.500
erotisk	0.500
visionær	0.500
opnået	0.500
Kristus	0.500
mindeværdige	0.500
baby	0.500
spinde	0.500
sandfærdighed	0.500
flor	0.500
sorgløs	0.500
aura	0.493
sundhed	0.493
frihed	0.486
godkendt	0.486
oase	0.486
ekstase	0.485
engagerende	0.485
kronen	0.485
forhåbning	0.485
prestige	0.485
crescendo	0.485
befri	0.485
trolovet	0.485
dusør	0.485
privilegeret	0.485
loyal	0.485
uadskillelige	0.485
lækker	0.484
velmagtsdage	0.484
trofæ	0.484
held	0.484
kreativitet	0.484
skæbne	0.484
transcendens	0.484
buket	0.484
chokolade	0.484
aloha	0.484
drøm	0.484
ønske	0.484
kæreste	0.480
mindehøjtidelighed	0.479
intelligens	0.477
parathed	0.473
ven	0.471
entusiast	0.471
brud	0.471
beroligende	0.470
frodig	0.470
arv	0.470
Kiddo	0.470
massage	0.470
kildre	0.470
nostalgi	0.470
at lindre	0.470
smuk	0.469
evig	0.469
mål	0.469
glans	0.469
giver	0.469
prinsesse	0.469
hjerteligt	0.469
velvilje	0.469
pleje	0.469
Brudgom	0.469
bede	0.469
gå væk	0.469
humanitær	0.469
bonding	0.469
hvile	0.469
venskabelig	0.469
spinder	0.469
barn	0.466
gavnlig	0.465
invitere	0.457
reminiscing	0.456
bjælke	0.456
tropisk	0.455
æstetik	0.455
Fredag	0.455
elevation	0.455
ceremoni	0.455
mindfulness	0.455
hee	0.455
beslægtet	0.455
stipendium	0.455
befriend	0.455
mindes	0.453
lokke	0.453
tro	0.453
tilgivelse	0.453
landskab	0.453
vindication	0.453
vandfald	0.453
fødsel	0.453
Ingen problemer	0.453
godkende	0.453
meditation	0.446
afslappet	0.442
rolig	0.441
weekend	0.441
til stede	0.441
bud	0.441
nostalgisk	0.439
bøn	0.439
deling	0.439
agtelse	0.439
lyriske	0.439
retfærdighed	0.439
mand	0.438
liv	0.438
Sonnet	0.438
lettelse	0.438
ubesejret	0.438
ny dag	0.438
mægtig	0.438
ivrige	0.438
styrke	0.438
varm	0.429
kammerat	0.427
enhed	0.426
uovertruffen	0.424
ejakulation	0.424
uhindret	0.424
medalje	0.424
Amen	0.424
ærbødighed	0.424
sunde	0.424
carols	0.424
slæde	0.422
rigdom	0.422
graduering	0.422
Felix	0.422
energi	0.422
begyndelser	0.422
sikker	0.422
musikalsk	0.422
symfoni	0.422
LML	0.422
glitter	0.422
lethed	0.422
nyttig	0.422
soliditet	0.421
genforene	0.414
frelse	0.412
mor	0.412
digte	0.412
lysne	0.409
rejse	0.409
ulastelig	0.409
aromaterapi	0.409
lavendel	0.409
rense	0.409
klovn	0.409
stjerne	0.406
kontanter	0.406
hele	0.406
færdiggøre	0.406
ledsager	0.406
Direkte	0.406
blomster	0.406
ønsker	0.406
velgørenhed	0.406
opportunt	0.406
indkomst	0.403
sjæl	0.401
munchies	0.400
ubeskrivelig	0.397
fremskridt	0.397
frigørelse	0.397
kristen	0.397
hængekøje	0.394
sammen	0.394
lighed	0.394
fylde	0.394
picnic	0.394
berolige	0.394
barndom	0.394
rytmisk	0.394
film	0.393
ivrig	0.393
overflod	0.391
eventyr	0.391
små ting	0.391
menneskelighed	0.391
stjerneklar	0.391
legeplads	0.391
meningsfuld	0.391
varmer	0.391
Fedtmule	0.391
lovende	0.391
gestus	0.387
handle ind	0.382
vittig	0.382
tilbede	0.379
fællesskab	0.379
vibes	0.379
hoppe	0.379
munterhed	0.375
rykke	0.375
strande	0.375
ungdom	0.375
enkelhed	0.375
fuld	0.375
stigende	0.375
enestående	0.375
indløst	0.375
naturskøn	0.375
frieri	0.375
erfaring	0.375
genforening	0.375
klangfuld	0.375
uforglemmelig	0.375
dåb	0.368
alliance	0.368
give	0.366
forlig	0.364
måneskin	0.364
helliggørelse	0.364
forbedrer	0.364
forbedre	0.364
autentisk	0.364
killing	0.364
hindbær	0.360
Troskab	0.359
følelse	0.359
andægtig	0.359
sprogfærdighed	0.359
lametta	0.359
genoplivning	0.359
helliggøre	0.359
uafhængig	0.359
kakao	0.353
kor	0.348
delfin	0.348
udfrielse	0.348
tumle	0.348
brølende	0.348
melodi	0.348
favorisere	0.348
forening	0.348
overstige	0.348
formål	0.348
løfte	0.344
intet arbejde	0.344
vellystig	0.344
frugter	0.344
thx	0.344
ny start	0.344
manicure	0.344
dato	0.344
kiddos	0.344
tur	0.344
småkager	0.344
hedonisme	0.344
ydmyg	0.344
elektrisk	0.344
berømthed	0.342
rytme	0.338
brudepige	0.338
sne dag	0.333
ung	0.333
kaffe	0.333
opbyggelse	0.333
imødekommende	0.333
renovation	0.333
fortrolighed	0.333
spa	0.333
daggry	0.333
feinschmecker	0.333
partner	0.333
stirrede	0.333
foodie	0.331
synkronisere	0.329
salme	0.328
trængsel	0.328
healing	0.328
helgen	0.328
kvidren	0.328
hobby	0.328
carol	0.328
pedicure	0.328
amnesti	0.328
pusterum	0.324
mild	0.318
doven dag	0.318
rekreative	0.318
genoprettende	0.318
fætre	0.318
klassikere	0.318
forsoning	0.316
levende	0.312
del	0.312
due	0.312
presto	0.312
kunsthåndværk	0.312
genopretning	0.312
skov	0.312
solnedgang	0.312
fitness	0.312
legehus	0.312
superman	0.312
visdom	0.312
forenkle	0.312
herre	0.312
pund	0.312
progression	0.312
relight	0.312
pony	0.312
spædbarn	0.309
forbedring	0.309
syndsforladelse	0.306
forsigtigt	0.303
etableret	0.303
ærlig	0.303
pynter op	0.303
endeløs	0.303
banket	0.303
at sørge for	0.300
maleriske	0.297
bemærkelsesværdig	0.297
meditere	0.297
mine	0.297
broderlige	0.297
bedrift	0.297
høst	0.297
blidt	0.297
åndelig	0.297
moral	0.297
lounging	0.297
brise	0.297
slentrer	0.297
udgifter	0.297
joker	0.297
længsel	0.297
vækst	0.297
iver	0.295
citater	0.294
frivillig	0.294
salmer	0.288
hippie	0.288
gevinst	0.288
Taoisme	0.288
jordemoder	0.288
ressourcer	0.288
skab	0.288
modtager	0.287
ocean	0.286
snefald	0.286
lsd	0.286
vandring	0.283
chill	0.281
våbenstilstand	0.281
uendelighed	0.281
ristet brød	0.281
bestemmelsessted	0.281
buddhist	0.281
udhvilet	0.281
oprigtig	0.281
stedsegrønne	0.281
slappe af	0.281
summende	0.281
ærværdige	0.279
balance	0.275
pensionering	0.275
kompensere	0.273
svømme	0.273
drikkevarer	0.273
fromme	0.273
buddha	0.273
åndeløs	0.273
ildsted	0.273
sner	0.271
sublimering	0.270
frugtagtig	0.268
ydmyghed	0.266
dydsmønster	0.266
ministerium	0.266
Søndag	0.266
salut	0.266
fatning	0.266
indfald	0.266
sol	0.266
skitsering	0.266
bølger	0.266
buddhisme	0.266
katedral	0.266
yoga	0.266
kunstværk	0.265
praktiseres	0.264
ren	0.260
fundet	0.258
montering	0.258
fordybe	0.258
løb	0.258
klarhed	0.258
mad	0.258
dyrke motion	0.258
efterår	0.254
glødende	0.250
stearinlys	0.250
passe	0.250
bjerg	0.250
formålstjenligt	0.250
dagbog	0.250
udendørs	0.250
afkølet	0.250
klappe	0.250
smitsom	0.250
pippe	0.250
morgen	0.250
besøgende	0.250
hårdfør	0.250
landskabet	0.250
udødelige	0.250
fodbold	0.250
fortalervirksomhed	0.250
demonstrativ	0.250
vugge	0.247
trance	0.246
morgenmad	0.242
dyrke	0.242
betale	0.242
konserveringsmiddel	0.242
intens	0.242
overhøjhed	0.242
kirke	0.242
procession	0.242
indvielse	0.235
livstid	0.234
planteskole	0.234
ydmyget	0.234
stemme	0.234
røgelse	0.234
lyre	0.234
snedækket	0.234
dukke	0.234
stå på ski	0.234
ordination	0.234
kunst	0.234
bagværk	0.229
ildflue	0.227
nedkøling	0.227
afhjælpe	0.227
redde	0.225
Camping	0.221
perspektiv	0.221
frugthave	0.221
orkester	0.221
have	0.219
slot	0.219
lam	0.219
haver	0.219
breezy	0.219
rask	0.212
tilbagebetale	0.212
bånd	0.212
pho	0.212
reggae	0.212
regndråber	0.212
underviser	0.212
lur	0.206
lys	0.203
Stilhed	0.203
chant	0.203
leje	0.203
Vernal	0.203
bugt	0.203
ustyrlig	0.203
legaliseret	0.203
uventet	0.203
Gemme	0.200
sone	0.197
træer	0.197
pastor	0.197
symmetri	0.197
en dag	0.197
skriften	0.196
bjerge	0.194
spiritus	0.188
pathway	0.188
gå	0.188
vanvid	0.188
sentimental	0.188
te	0.188
rolige	0.188
forfædre	0.188
brugerdefinerede	0.188
hvidhed	0.188
sympatisk	0.188
patient	0.186
dukkehus	0.182
bad	0.182
score	0.182
komme videre	0.182
supporter	0.180
akkompagnement	0.179
forfølgelse	0.176
udbrud	0.176
frost-	0.174
træning	0.172
lukning	0.172
forretningsfrokost	0.172
service	0.172
wintery	0.172
løn	0.169
civiliseret	0.169
december	0.167
svæve	0.162
akrobat	0.162
endelig	0.157
reproduktive	0.156
nisse	0.156
organisation	0.156
spadseretur	0.156
pebermynte	0.156
pause	0.156
chai	0.156
opnåelig	0.156
badekar	0.156
advent	0.152
scifi	0.152
balsam	0.152
målt	0.152
spaniel	0.145
tan	0.141
Vise	0.141
boble	0.141
enkel	0.141
olier	0.141
øl	0.141
grøn	0.137
buss	0.136
bøger	0.136
chow	0.135
pitter	0.134
strømmer	0.130
stilhed	0.127
roadster	0.125
ensomhed	0.125
boghandel	0.125
vin	0.125
omstændigheder	0.125
japan	0.121
suge	0.121
ødemark	0.121
præstedømme	0.121
kritisk	0.116
neutral	0.114
løsne	0.109
jagt	0.109
opera	0.109
vægt	0.109
hvid	0.109
sand	0.109
vind	0.109
arbejdskraft	0.106
klassisk	0.106
lidelse	0.103
sø	0.103
organ	0.094
bolig	0.094
træ	0.090
Dam	0.089
marv	0.078
latte	0.078
nipper	0.076
godartet	0.074
flertal	0.073
blad	0.065
urolighederne	0.062
basketball	0.062
eksplosioner	0.061
fløde	0.061
fårehyrde	0.058
tirsdag	0.047
turbulens	0.045
kalv	0.040
trængsler	0.031
tres	0.016
ulykkelighed	0.016
