людоедство	0.953
увечье	0.930
назойливость	0.914
кровосмешение	0.914
гонорея	0.906
изнасилование	0.906
каннибал	0.898
гниль	0.891
бойня	0.883
экскременты	0.883
убой скота	0.875
скотобойня	0.867
прогорклый	0.859
канализация	0.859
кровосмесительный	0.859
гадость	0.859
изувер	0.859
заражение	0.852
чума	0.852
кровожадный	0.852
истребление	0.852
гниющих	0.844
личинка	0.844
фекалии	0.844
фекальный	0.844
убийство	0.836
детоубийство	0.836
Мудак	0.836
порабощенный	0.836
ластовица	0.828
пытки	0.828
забой	0.828
экскреция	0.828
окровавленный	0.820
осквернение	0.820
гротеск	0.820
понос	0.820
навоз	0.820
террорист	0.820
извращенец	0.820
труп	0.812
рабство	0.812
кал	0.812
сточная труба	0.812
рвотное	0.812
непредумышленное убийство	0.812
расчленение	0.812
извращенный	0.805
кровоизлияние	0.805
сточная вода	0.797
развращенность	0.797
заболевший	0.797
туша	0.795
разлагаться	0.789
вредители	0.789
тошнить	0.789
паразит	0.789
убийственный	0.789
гнилой	0.789
герпес	0.789
дерьмо	0.781
метеоризм	0.781
резня	0.781
мор	0.781
малярия	0.781
токсичный	0.773
коварный	0.773
проказа	0.773
морг	0.773
гной	0.773
герпесвирусов	0.773
жестокий	0.766
ксенофобия	0.766
регургитация	0.766
сибирская язва	0.766
линчевать	0.766
рассечение	0.759
стоматит	0.758
жестокость	0.758
извращение	0.758
зло	0.758
трущобы	0.758
инфекционный	0.758
мокрота	0.758
пиявки	0.750
разложение	0.750
зловещий	0.750
развращать	0.750
зловонный	0.742
септический	0.742
испачканный	0.742
слизь	0.742
мерзость	0.742
демонический	0.742
фол	0.734
страдающий ожирением	0.734
пресытиться	0.734
вырождение	0.734
распятие на кресте	0.734
рак	0.734
зверство	0.734
терроризм	0.734
грязный	0.727
дизентерия	0.727
прелюбодеяние	0.727
бактерия	0.727
заболеваемость	0.727
скверный	0.727
отталкивание	0.727
клизма	0.727
изуродованный	0.719
зараза	0.719
дрянь	0.719
вскрытие трупа	0.719
кишечник	0.719
валовой	0.719
вульгарный	0.719
варварский	0.719
порочный	0.719
внутренности	0.719
едкий	0.719
кровопролитие	0.714
загрязнять	0.711
насильственный	0.711
тиран	0.711
отравленный	0.711
омертвение	0.711
кляп	0.711
шлюха	0.703
слизистый	0.703
вульгарность	0.703
нащупывать	0.703
отравление	0.703
развращенный	0.703
порно	0.703
деспотизм	0.703
вызывать отвращение	0.703
секреция	0.703
запор	0.703
ненавистный	0.703
грязнить	0.703
корь	0.696
заразительный	0.695
адский	0.695
отходы	0.695
самоубийственный	0.695
злоупотребление	0.695
кишечный	0.695
бородавка	0.695
ожирение	0.695
сволочь	0.695
тина	0.688
загрязненный	0.688
бешеный	0.688
измена	0.688
глистов	0.688
головня	0.688
загрязнение	0.680
болезнь	0.680
холера	0.680
развратный	0.680
антихрист	0.680
бездушный	0.680
капризный	0.680
чумазый	0.680
микроб	0.680
ад	0.680
непристойный	0.672
ненависть	0.672
полуразрушенный	0.672
диктатура	0.672
нечеловеческий	0.672
сальный	0.672
налог	0.670
дьявол	0.664
еретик	0.664
смертоносный	0.664
дискриминация	0.664
мазохизм	0.664
предвзятый	0.656
бактерии	0.656
смерть	0.656
аборт	0.656
коррупция	0.656
виктимизации	0.656
угнетение	0.656
липкая	0.656
уборные	0.656
ужастик	0.656
какой ужас	0.656
бесчестный	0.656
омерзение	0.648
уродливый	0.648
мстительный	0.648
флигель	0.648
отстой	0.648
сука	0.648
аморальный	0.648
блевать	0.641
злодеяние	0.641
прыщ	0.641
неприглядный	0.641
злодейский	0.641
кистозный	0.641
уничижительный	0.641
слабительное	0.641
преступность	0.641
грешный	0.633
конец света	0.633
проституция	0.633
язва	0.633
выделять	0.633
нарушитель	0.633
крыса	0.633
милдью	0.633
презренный	0.625
дьявольский	0.625
непристойность	0.625
подлый	0.625
преследование	0.625
унижающие	0.625
грибок	0.625
прожорливость	0.625
испражнения	0.625
страдающий	0.625
рогоносец	0.625
раздутый	0.625
ошеломленный	0.625
отвратительный	0.617
тошнотворный	0.617
ненавидеть	0.617
предательство	0.617
гильотина	0.617
заражать	0.617
портить	0.617
столбняк	0.617
жир	0.617
вошь	0.617
злонамеренный	0.617
полигамия	0.617
раздражительный	0.617
термит	0.617
девка	0.617
умирающий	0.617
придушить	0.617
питать отвращение	0.609
ядовитый	0.609
сочиться	0.609
клевета	0.609
бордель	0.609
гетто	0.609
сильно	0.609
враждебный	0.609
саботаж	0.609
деформировать	0.609
кровотечение	0.609
уродство	0.602
немытый	0.602
неверующий	0.602
лишение	0.602
изменник	0.602
затхлый	0.602
незаконный	0.602
болотистый	0.602
браконьерство	0.602
карга	0.602
тошнота	0.594
яд	0.594
мясник	0.594
помешанный	0.594
головорез	0.594
нищета	0.594
туалет	0.594
слизень	0.594
эпидемия	0.594
потрошить	0.594
опьяненный	0.594
волдырь	0.594
лживый	0.594
враждебность	0.594
пылающий	0.594
грешник	0.594
ужасающий	0.586
непосильное бремя	0.586
изводить	0.586
Проститутка	0.586
порнография	0.586
ухудшилось	0.586
сыпь	0.578
унизительный	0.578
губительный	0.578
брезгливый	0.578
наступление	0.578
заговорщик	0.578
воровство	0.578
разврат	0.578
калечить	0.578
блоха	0.578
лицемер	0.578
запаздывание	0.578
изверг	0.578
трясина	0.578
вероломный	0.570
вертел	0.570
Ублюдок	0.570
беспорядочный	0.570
сечь	0.570
болотный	0.570
угнетать	0.570
змей	0.570
негодяй	0.562
ужасный	0.562
невменяемость	0.562
уборная	0.562
змея	0.562
неприличный	0.562
враг	0.562
алкоголизм	0.562
унижение	0.562
беспощадный	0.562
небрежный	0.562
тиранический	0.562
проститутка	0.562
грешить	0.562
убийца	0.555
отвращение	0.555
разборчивый	0.555
грабеж	0.555
мышьяк	0.555
кровавый	0.555
одиозный	0.555
атрофия	0.555
зверский	0.555
сговор	0.555
разделяться	0.555
трус	0.555
злобность	0.555
непривлекательный	0.555
дряблый	0.555
ветряная оспа	0.555
свинарник	0.547
великан-людоед	0.547
вор	0.547
марашка	0.547
удушающий	0.547
анафема	0.547
чистилище	0.547
недоброжелательный	0.547
горько	0.547
взломщик	0.547
нападающий	0.547
везикулярный	0.547
осуждение	0.547
мародерство	0.547
свинья	0.539
молотить	0.539
репеллент	0.539
отречение	0.539
неверность	0.539
лжец	0.539
жирный	0.539
плевок	0.539
насмешка	0.539
пьяный	0.539
позор	0.539
ревнивый	0.539
в заключении	0.539
жадный	0.539
леность	0.539
летальный	0.536
нетерпимый	0.531
разрушительный	0.531
сожжен	0.531
аберрация	0.531
снисходительность	0.531
гидроцефалия	0.531
подвешивание	0.531
контрабандист	0.531
пародия	0.531
назойливый	0.531
разрушенный	0.531
высохший	0.531
распадаться	0.531
скандалить	0.531
порок	0.531
невротический	0.531
богохульный	0.531
лежащий	0.531
болезненный	0.531
лишение свободы	0.523
алчность	0.523
опальный	0.523
госпожа	0.523
пренебрежительный	0.523
умаление	0.523
обвинение	0.523
непереносимость	0.523
омрачена	0.523
демон	0.516
бесчестие	0.516
отстойник	0.516
прискорбный	0.516
съеживаться	0.516
деградировать	0.516
водосточный желоб	0.516
грабить	0.516
мрачный	0.516
выманивать	0.516
деликтный	0.516
искоренение	0.516
вонь	0.516
осужденный	0.516
стервятник	0.516
остатки	0.516
клещ	0.516
предавать	0.516
катастрофа	0.508
эндемический	0.508
бомбил	0.508
бедствие	0.508
вредитель	0.508
неизлечимый	0.508
бесполезный	0.508
шизофрения	0.508
умалить	0.508
обоняние	0.508
мошенничать	0.508
капля	0.508
заключенный	0.508
идиотизм	0.508
бред	0.508
сырой	0.508
чувство обиды	0.508
ужасно	0.508
перенасыщение	0.508
кража	0.500
принуждение	0.500
полемика	0.500
идолопоклонство	0.500
табу	0.500
кричащий	0.500
отгонять	0.500
грязь	0.500
гоблин	0.500
дужка	0.500
взяточничество	0.500
ревность	0.500
примесь	0.500
горечь	0.500
преступление	0.500
оспаривать	0.500
отравлять	0.500
жадность	0.500
тирада	0.500
больной	0.492
извиваться	0.492
грабитель	0.492
спад	0.492
теснина	0.492
развалина	0.492
злокачественный	0.492
кипятить	0.492
идиот	0.492
постыдный	0.492
подгузник	0.484
невыносимый	0.484
расточительный	0.484
недуг	0.484
пятно	0.484
презрение	0.484
оккультный	0.484
бродяга	0.484
холопский	0.484
контрабанда	0.484
огрызаться	0.484
Сумасшедший	0.484
покорение	0.484
одержимый	0.484
злоба	0.484
диффамация	0.484
непочтительный	0.484
беспорядок	0.484
семейственность	0.484
непростительный	0.484
гнетущий	0.477
неприятный	0.477
жалкий	0.477
подавление	0.477
издевательство	0.477
паралич	0.477
преступник	0.477
незаконность	0.477
антагонистический	0.477
безнравственность	0.477
отталкивающий	0.469
дрянной	0.469
высылка	0.469
осмеяние	0.469
яростный	0.469
кашель	0.469
высокомерный	0.469
решетка	0.469
усугубление	0.469
синевато-багровый	0.469
сирена воздушной тревоги	0.469
бедность	0.469
барахтаться	0.469
безобразие	0.469
потение	0.469
колоть	0.461
безрассудство	0.461
искаженный	0.461
мошеннический	0.461
паук	0.461
крякать	0.461
погибель	0.461
мутный	0.461
поддельный	0.461
оскорбительный	0.461
шрам	0.461
обманывать	0.461
неоправданный	0.461
дурачить	0.461
оплакивать	0.461
расхищение	0.461
тля	0.453
отрава	0.453
возмущение	0.453
эгоистичный	0.453
принижать	0.453
дворняжка	0.453
нечестный	0.453
стигма	0.453
сторониться	0.453
отчуждать	0.453
устранение	0.453
немыслимый	0.453
впустую	0.445
беззаконие	0.445
комар	0.445
кариес	0.445
банкротство	0.445
самовлюбленный	0.445
геморрой	0.445
запах	0.445
праздный	0.445
отчаяние	0.445
опиум	0.445
показной	0.445
ложь	0.445
благочестивый	0.445
ненормальный	0.438
противный	0.438
липкий	0.438
орать	0.438
инопланетянин	0.438
гнушаться	0.438
совестно	0.438
обитатель	0.438
униженный	0.438
боров	0.438
безнадежность	0.438
бездомный	0.438
мусор	0.430
проклятие	0.430
существо	0.430
чертыхаясь	0.430
нелегальный	0.430
крепкий	0.430
бесстыдный	0.430
неповиновение	0.430
пелена	0.430
ложность	0.430
рефлюкс	0.430
недоверчивый	0.430
черствый	0.430
сепаратистский	0.430
нежелательный	0.430
денонсировать	0.430
ведьма	0.430
нечистый	0.422
правонарушитель	0.422
бомж	0.422
бычий	0.422
денонсация	0.422
неопрятный	0.422
потускнение	0.422
фонтанировать	0.422
инфантильный	0.422
аммиак	0.422
обижать	0.422
идиотский	0.422
гипертрофия	0.422
никотин	0.422
безвкусный	0.422
напыщенный	0.422
социалист	0.422
рой	0.422
сварливый	0.422
небрежность	0.422
волосатый	0.422
тратить	0.422
слякоть	0.422
коллапс	0.422
негодность	0.422
нечестность	0.414
вегетативный	0.414
displacency	0.414
не слушаться	0.414
кислый	0.414
социализм	0.414
темный	0.414
пренебрегли	0.414
бессмыслица	0.414
вампир	0.414
сутяжнический	0.414
незаконнорожденный	0.414
фиктивный	0.406
раздраженный	0.406
невежественный	0.406
отверженный	0.406
недобрый	0.406
отталкивать	0.406
неудовольствие	0.406
фальшивый	0.406
воровство в магазинах	0.406
нелюбовь	0.406
незаконное	0.406
разрыв	0.406
рецидив	0.406
неблагодарный	0.406
фальсифицировать	0.406
судебное преследование	0.406
ухудшение	0.398
презирать	0.398
отказ	0.398
непокорный	0.398
гагара	0.398
облизывание	0.398
ниспровергать	0.398
строгость	0.398
малочисленность	0.398
неестественный	0.398
прочь	0.398
бессмысленный	0.398
горе	0.398
удручающе	0.398
амфетамины	0.398
скупой	0.398
дробление	0.398
оскорбление	0.393
наносить ущерб	0.391
закаленные	0.391
диатриба	0.391
averseness	0.391
зверушка	0.391
неумелый	0.391
антиобщественный	0.391
наказание	0.391
Плохо	0.391
наказали	0.391
высылать	0.391
скорпион	0.391
лицемерный	0.383
жертвы	0.383
плагиат	0.383
развод	0.383
самонадеянный	0.383
диссонанс	0.383
беглец	0.383
похотливый	0.383
потертый	0.383
орк	0.383
сумматор	0.383
анаконда	0.383
неприветливый	0.383
иррациональный	0.383
разочаровывать	0.383
неграмотный	0.383
стенать	0.383
выселение	0.383
битком набитый	0.383
вина	0.375
отчуждение	0.375
унылый	0.375
раздражающий	0.375
положение	0.375
недостойный	0.375
дислоцированный	0.375
издеваться	0.375
раздражение	0.375
дефектный	0.375
шок	0.375
вредный	0.367
обман	0.367
вопиющий	0.367
принуждать	0.367
отзывать	0.367
раздетый	0.367
исключение	0.367
разочарованность	0.367
шумоподавление	0.367
нездоровый	0.367
жаба	0.367
малодушный	0.367
западня	0.367
тщетно	0.367
бессильный	0.367
хам	0.367
дрожащий	0.367
занудный	0.367
бунт	0.359
странность	0.359
несовместимый	0.359
неумелость	0.359
располагать	0.359
непослушание	0.359
черт	0.359
ошибка	0.359
пустынный	0.359
неблагоприятный	0.352
свирепый	0.352
проступок	0.352
судиться	0.352
смешной	0.352
компост	0.352
оби	0.352
цензор	0.352
неуверенный	0.352
адвокат	0.352
плоть	0.352
раздавленный	0.352
недовольный	0.352
неподходящий	0.352
противоправный	0.352
резка	0.352
срывать	0.352
увольнение	0.352
не одобрять	0.344
амортизировать	0.344
плачущий	0.344
нерасположение	0.336
недоверие	0.336
беспечный	0.336
нерешенный	0.336
комковатый	0.336
обесцвечивание	0.336
просчет	0.336
раздражать	0.336
судебный процесс	0.336
недовольство	0.336
ворчать	0.336
бесшабашный	0.336
удрученный	0.336
нелюбимое	0.336
ссора	0.336
неуправляемый	0.328
водобоязнь	0.328
неудовлетворительный	0.328
ныть	0.328
озлобление	0.328
нестабильность	0.328
провоцирующий	0.328
разочарованный	0.328
препятствовать	0.328
лукавый	0.328
обида	0.328
материалист	0.328
Исключенный	0.328
какофония	0.328
вводящий в заблуждение	0.321
отказываться	0.320
тряпье	0.320
сажа	0.320
вред	0.320
неравный	0.320
надувать	0.320
упрекать	0.320
ограниченный	0.320
неодобрительный	0.320
досада	0.320
несчастье	0.320
стон	0.320
невнимательный	0.312
почва	0.312
амортизироваться	0.312
отбивать охоту	0.312
несоответствующий	0.312
замять	0.312
завышена	0.312
чихать	0.312
желудок	0.312
критиковать	0.312
теизм	0.312
желчь	0.305
сердитый	0.305
антипатия	0.305
несоответствие	0.305
латентный	0.305
бах	0.305
недопустимый	0.305
недружественный	0.305
лачуга	0.305
необъяснимый	0.305
курятник	0.304
ругать	0.297
рычать	0.297
Одинокий	0.297
задержка	0.297
конгресс	0.297
игнорируются	0.297
разочарование	0.297
назад	0.297
болезненность	0.297
Изгой	0.297
позорный	0.289
лесбиянка	0.289
дурная слава	0.289
катехизис	0.289
провал	0.289
крапива	0.289
дворник	0.289
недобросовестный	0.281
вздрогнуть	0.281
запрещено	0.281
насыщенный	0.281
простофиля	0.281
непростительно	0.281
воздерживаться	0.281
отава	0.281
фуканье	0.273
обесцвеченными	0.273
беспокойный	0.273
пререкаться	0.273
суд	0.273
странный	0.266
бюрократ	0.266
холодность	0.266
невежливый	0.266
политичный	0.266
неудовлетворенный	0.266
глоток спиртного	0.266
неэффективность	0.266
неистовый	0.266
ползать	0.266
инстинктивный	0.258
курган	0.258
в случае	0.258
осьминог	0.258
огорчение	0.258
обезьяна	0.258
мошенник	0.258
сарказм	0.258
грубоватый	0.258
неправильное представление	0.250
килектор	0.250
Шанхай	0.250
бабуин	0.250
склонно	0.250
потерять	0.250
Джон	0.250
применение банок	0.250
ладья	0.242
беспричинный	0.242
запутанный	0.242
противник	0.242
тариф	0.242
скраб	0.242
в отставку	0.234
продлить	0.234
отсталость	0.234
нежелание	0.234
под вопросом	0.234
отстающий	0.234
несчастливый	0.234
неправильное заявление	0.234
реверс	0.227
дисквалифицированный	0.227
субсидия	0.227
неэффективна	0.227
суетливый	0.227
непопулярный	0.227
по умолчанию	0.227
угрожающий	0.219
интенсивный	0.219
дама	0.219
уклоняться	0.219
нефть	0.219
вес	0.219
несчастный	0.211
действенные	0.211
рыжевато-коричневый	0.211
осел	0.211
равнодушие	0.203
рейв	0.203
береза	0.203
капот	0.203
пустыня	0.203
обязанный	0.203
гном	0.203
неловкость	0.203
неудобный	0.203
денди	0.203
пятнышко	0.203
руно	0.195
вой	0.195
монохромный	0.195
арии	0.195
желатин	0.195
нравы	0.195
вмешиваются	0.195
знаменитость	0.188
избежать	0.188
безвыходное положение	0.188
пышный	0.188
джентльмен	0.188
меньший	0.188
смехотворный	0.180
погруженный	0.180
нос	0.180
истец	0.180
владение	0.180
больше	0.164
гудок	0.164
полный рот	0.164
бережливость	0.164
беременность	0.164
бесспорный	0.164
ропот	0.156
класть не на место	0.156
предложение	0.156
попугай	0.156
услужливый	0.156
безымянный	0.148
лентяй	0.148
чувство	0.141
эльф	0.141
превосходство	0.141
очередь	0.133
серый	0.133
асимметрия	0.133
топорный	0.133
стойло	0.133
отруби	0.125
в конце концов	0.125
господин	0.125
мальчик	0.117
бухточка	0.117
взрастить	0.117
Вкус	0.117
лимон	0.109
выигрыш	0.109
мощный	0.102
сверкание	0.094
интерьер	0.086
разум	0.086
рассматривать	0.078
заинтересованный	0.078
изобилие	0.078
честный	0.055
воздушный змей	0.055
смиренный	0.047
дерево	0.039
