friend	4.20
praise	4.07
neighbors	4.06
friends	3.91
glad	3.88
christmas	3.87
loving	3.84
brother	3.83
joy	3.83
wife	3.77
family	3.73
dad	3.63
mom	3.55
clever	3.53
forgiving	3.51
fellow	3.49
relationship	3.47
thank	3.47
enemy	3.46
enjoying	3.41
enjoy	3.39
fascinating	3.39
neighbor	3.37
honor	3.36
brilliant	3.33
appreciate	3.33
thy	3.29
thanks	3.28
excellent	3.28
unto	3.28
btw	3.22
sir	3.22
caring	3.19
wow	3.18
compassion	3.17
kindness	3.16
heart	3.14
cool	3.13
music	3.12
families	3.11
celebrate	3.11
welcome	3.07
father	3.06
enemies	3.06
joke	3.05
mutual	3.03
mercy	3.03
stranger	3.02
bro	3.01
mate	3.01
yup	2.99
goodness	2.99
brothers	2.99
patience	2.98
dear	2.98
happily	2.97
him	2.95
prefer	2.94
enjoyed	2.92
uh	2.91
ha	2.90
super	2.90
obedience	2.90
fun	2.87
duty	2.87
alright	2.87
polite	2.86
forgiveness	2.86
beauty	2.86
lol	2.85
empathy	2.84
husband	2.83
sharing	2.83
sister	2.83
oh	2.82
fucking	2.82
haha	2.82
perfectly	2.80
hey	2.80
dude	2.80
awe	2.80
his	2.79
ah	2.78
mother	2.76
laugh	2.75
tolerance	2.75
art	2.73
party	2.71
peace	2.71
living	2.69
herself	2.69
daughter	2.69
guys	2.69
healthy	2.66
life	2.65
respect	2.62
cute	2.58
suck	2.58
humility	2.53
luck	2.53
her	2.53
trust	2.51
kidding	2.51
yep	2.49
safe	2.49
nope	2.49
save	2.47
she	2.47
expression	2.45
rest	2.43
yeah	2.41
whom	2.41
ya	2.40
forgive	2.39
glory	2.39
worries	2.39
himself	2.36
oneself	2.36
nah	2.34
stable	2.34
damn	2.33
forgot	2.30
treat	2.29
yea	2.28
fuck	2.25
looks	2.25
charity	2.24
stay	2.24
suffers	2.23
lost	2.23
humble	2.21
parents	2.21
normal	2.21
hang	2.19
sons	2.18
lord	2.18
huh	2.17
song	2.15
upvote	2.12
ta	2.11
em	2.11
parent	2.10
grew	2.10
home	2.10
wanting	2.10
edit	2.10
anyways	2.09
sorry	2.09
sarcasm	2.09
hilarious	2.09
profound	2.07
son	2.06
discoveries	2.06
shit	2.06
apologies	2.05
feeling	2.05
closest	2.05
live	2.03
lose	2.01
hmm	2.01
fits	2.01
ai	2.00
got	1.99
wise	1.99
eh	1.98
comfortable	1.98
saves	1.98
kid	1.98
reminds	1.97
willing	1.95
discovery	1.95
guy	1.94
wish	1.94
remain	1.92
satisfaction	1.92
adapt	1.91
spelling	1.91
ass	1.91
gon	1.91
member	1.90
others	1.89
mine	1.88
ye	1.87
followed	1.87
happier	1.86
cain	1.86
input	1.86
wisdom	1.86
creations	1.85
boy	1.84
girl	1.84
blessed	1.83
na	1.82
merciful	1.81
um	1.81
correction	1.81
incredible	1.81
lives	1.80
sounds	1.78
helpful	1.78
info	1.78
pastor	1.78
piece	1.78
benevolent	1.78
phone	1.77
righteousness	1.77
gift	1.76
kids	1.76
achieve	1.75
citation	1.75
hurts	1.75
theres	1.74
coincidence	1.71
repentance	1.71
faithful	1.71
thats	1.71
man	1.70
hopes	1.70
demands	1.70
gotcha	1.69
strive	1.68
wait	1.68
younger	1.67
shall	1.67
clarifying	1.67
contribution	1.67
cake	1.65
refuses	1.65
clarification	1.65
til	1.65
poetry	1.64
ok	1.64
perfect	1.64
beautiful	1.64
mundane	1.63
whoever	1.63
goal	1.62
wishes	1.62
grammar	1.62
almighty	1.62
reply	1.62
sees	1.60
happiness	1.60
corrected	1.60
wan	1.59
went	1.58
ensure	1.58
prayed	1.57
kinda	1.57
kick	1.57
lifestyle	1.57
available	1.56
grace	1.56
entertaining	1.56
calm	1.56
chosen	1.56
consistent	1.55
all-knowing	1.55
servant	1.54
sincere	1.54
edited	1.54
behold	1.53
troll	1.53
powerful	1.52
dick	1.52
sacrifice	1.52
error	1.52
dunno	1.51
inerrant	1.51
catch	1.50
community	1.50
wills	1.50
im	1.50
behalf	1.49
mr	1.49
tag	1.48
effective	1.48
alternatives	1.48
accurate	1.47
beat	1.47
broke	1.47
partner	1.47
omniscient	1.46
mistake	1.46
all-powerful	1.45
wives	1.45
dog	1.44
seed	1.44
repent	1.44
simplest	1.43
perfection	1.41
missed	1.41
spirit	1.41
omnipresent	1.41
isaac	1.40
currently	1.40
fathers	1.39
omnipotent	1.39
redemption	1.39
members	1.39
brings	1.38
mary	1.38
youre	1.38
us	1.37
house	1.37
allah	1.37
world	1.37
commandment	1.36
dumb	1.36
typing	1.36
chooses	1.36
worship	1.36
holy	1.35
loss	1.35
replying	1.35
incomplete	1.34
atonement	1.33
savior	1.32
pleasure	1.32
supposedly	1.32
nations	1.32
responses	1.32
unity	1.31
infinitely	1.31
submission	1.31
whats	1.31
woman	1.30
honesty	1.30
button	1.30
bs	1.30
sunday	1.29
sarcastic	1.29
relationships	1.28
insight	1.28
omnibenevolent	1.27
creator	1.27
raised	1.27
allegedly	1.27
newton	1.26
guidance	1.26
willingly	1.25
baptism	1.25
former	1.23
interpretation	1.23
seriously	1.23
master	1.21
leader	1.21
preferred	1.21
knows	1.21
understands	1.21
day	1.21
conceivable	1.20
ideal	1.20
open	1.20
priest	1.19
cat	1.19
deity	1.19
sword	1.19
serve	1.18
tells	1.18
literature	1.18
thou	1.18
o	1.18
saved	1.18
pagan	1.17
wants	1.17
maximally	1.17
replies	1.17
messenger	1.16
mouth	1.16
sacrificing	1.16
ghost	1.16
salvation	1.15
clarified	1.15
fulfillment	1.15
continually	1.15
baptist	1.15
hopefully	1.15
treating	1.14
incarnation	1.14
crap	1.14
kingdom	1.13
worthy	1.13
married	1.12
approved	1.12
accomplish	1.12
fixed	1.11
virgin	1.11
losing	1.11
gained	1.11
asks	1.11
deep	1.10
tl	1.10
surely	1.10
attributes	1.10
yourselves	1.10
ahead	1.10
pregnant	1.10
immortality	1.10
devout	1.09
apparently	1.09
constructive	1.09
sacrificed	1.09
response	1.09
nevertheless	1.09
painting	1.09
heavenly	1.09
games	1.08
plan	1.08
broken	1.08
jehovah	1.08
submit	1.08
miss	1.07
played	1.07
cry	1.07
cares	1.07
named	1.07
pain	1.07
smart	1.06
respectful	1.05
offering	1.05
receive	1.05
thereof	1.04
likewise	1.04
marry	1.04
comfort	1.04
offspring	1.04
moments	1.03
slave	1.03
victory	1.03
forth	1.02
rabbi	1.02
date	1.02
qualities	1.02
christ	1.02
ready	1.02
totally	1.02
crazy	1.01
detailed	1.01
hat	1.01
angel	1.01
sake	1.01
obama	1.00
lest	1.00
opportunity	1.00
charitable	1.00
experiencing	1.00
mankind	0.99
masters	0.99
attend	0.99
sends	0.99
send	0.99
pbuh	0.99
sadly	0.99
hope	0.98
mistakes	0.98
interesting	0.98
club	0.98
yhwh	0.98
lets	0.97
wouldnt	0.97
upbringing	0.97
drink	0.97
willingness	0.97
fallible	0.97
prophet	0.97
gaining	0.97
elaborate	0.97
possible	0.96
trinity	0.96
agreeing	0.96
revealed	0.96
flair	0.95
speaking	0.95
reveal	0.95
childhood	0.95
divine	0.95
clarity	0.95
longer	0.94
mystery	0.94
create	0.94
replied	0.94
contact	0.94
strike	0.93
mature	0.93
imperfect	0.93
inaccurate	0.93
sheep	0.93
unlimited	0.93
wonderful	0.92
earn	0.92
paid	0.92
curse	0.92
essence	0.92
inspiration	0.92
apologize	0.91
jesus	0.91
innate	0.91
street	0.91
spirituality	0.91
gladly	0.91
mission	0.91
basing	0.90
greatly	0.90
paragraph	0.90
omnibenevolence	0.90
horse	0.90
turn	0.89
remembered	0.89
full	0.89
finds	0.89
summary	0.89
follower	0.89
highest	0.89
previous	0.89
loud	0.89
young	0.89
winning	0.88
hearts	0.88
confusion	0.88
apostle	0.88
purpose	0.88
simplicity	0.88
humanity	0.88
bored	0.88
air	0.88
price	0.88
okay	0.87
22	0.87
hearing	0.87
situation	0.87
pharaoh	0.87
ibn	0.87
loses	0.87
buildings	0.87
advice	0.87
humans	0.87
trusting	0.86
tactic	0.86
trinitarian	0.86
reveals	0.86
sent	0.86
head	0.86
consideration	0.86
creature	0.86
arm	0.86
fancy	0.85
recently	0.85
post	0.85
ill	0.85
shut	0.85
saving	0.85
descendants	0.85
drive	0.85
cross	0.85
valid	0.84
hoping	0.84
mad	0.84
attention	0.84
communion	0.84
honest	0.84
exchange	0.84
nicely	0.84
listening	0.83
visit	0.83
strategy	0.83
downvote	0.83
obligation	0.83
writer	0.83
inspired	0.83
join	0.83
yours	0.82
comment	0.82
ones	0.82
sinless	0.82
aid	0.82
rhetorical	0.82
wonder	0.82
president	0.82
muhammed	0.82
depth	0.82
achieved	0.81
pissed	0.81
off	0.81
rephrase	0.81
invite	0.81
shalt	0.81
doesnt	0.81
entity	0.81
trustworthy	0.81
pursuit	0.81
joseph	0.81
misunderstood	0.80
yesterday	0.80
knowledgeable	0.80
commandments	0.80
persons	0.80
maintain	0.80
service	0.80
demanded	0.79
entirety	0.79
trait	0.79
sign	0.79
bear	0.79
forgiven	0.79
lived	0.79
sentence	0.79
worshiping	0.79
school	0.78
enter	0.78
sacred	0.78
powers	0.78
door	0.78
guide	0.78
imperative	0.78
wont	0.78
comments	0.78
upon	0.78
darwin	0.77
chose	0.77
shared	0.77
bill	0.77
divinely	0.77
expecting	0.77
followers	0.77
serving	0.77
pictures	0.77
opened	0.76
bullshit	0.76
eye	0.76
inside	0.76
sudden	0.76
battle	0.75
services	0.75
hair	0.75
deleted	0.75
freely	0.75
noble	0.75
covered	0.75
sticking	0.74
responding	0.74
einstein	0.74
attribute	0.74
emotionally	0.74
secret	0.74
sentient	0.74
productive	0.74
didnt	0.73
promises	0.73
preserve	0.73
quality	0.73
abraham	0.73
greatest	0.73
sacrifices	0.73
truly	0.73
king	0.73
misunderstanding	0.72
grown	0.72
girls	0.72
preacher	0.72
spot	0.72
creates	0.72
desire	0.72
fulfill	0.72
trees	0.72
errors	0.72
satan	0.72
ourselves	0.72
adult	0.72
poster	0.71
whichever	0.71
vote	0.71
dare	0.71
bring	0.71
tired	0.71
ll	0.71
creatures	0.71
matches	0.71
infallible	0.71
bet	0.71
scriptures	0.71
evolved	0.70
dust	0.70
destroy	0.70
till	0.70
muhammad	0.70
win	0.70
offered	0.69
knowing	0.69
sincerely	0.69
revealing	0.69
power	0.69
computer	0.69
ultimate	0.69
deserves	0.69
obligated	0.69
erroneous	0.69
pull	0.69
goals	0.69
hands	0.69
internet	0.69
valuable	0.68
advantage	0.68
image	0.68
re-approve	0.68
divinity	0.68
walked	0.68
voices	0.68
fulfilling	0.68
army	0.68
prepared	0.68
conceived	0.68
obey	0.68
functioning	0.68
sins	0.68
met	0.68
dont	0.68
scientist	0.68
participating	0.67
heavens	0.67
refusing	0.67
sinner	0.67
careful	0.67
pick	0.67
disobey	0.67
edge	0.67
beings	0.67
wrath	0.67
gain	0.67
pretty	0.67
won	0.66
israel	0.66
13	0.66
survive	0.66
card	0.66
timeless	0.66
mormon	0.66
let	0.66
match	0.66
playing	0.66
nature	0.66
unbiased	0.66
lottery	0.66
refuse	0.66
fake	0.65
fan	0.65
refused	0.65
below	0.64
taught	0.64
contract	0.64
aim	0.64
reliable	0.64
spiritual	0.64
cant	0.64
ears	0.64
communication	0.64
regular	0.64
robots	0.63
drunk	0.63
roll	0.63
smoke	0.63
appears	0.63
third	0.63
obtain	0.63
patient	0.63
flesh	0.63
promised	0.63
maximum	0.63
memory	0.63
he/she	0.62
philosopher	0.62
communities	0.62
flip	0.62
russell	0.62
trolling	0.62
reasoned	0.62
growing	0.62
alien	0.62
baptized	0.62
week	0.62
successful	0.62
character	0.62
town	0.62
senses	0.62
deuteronomy	0.62
current	0.61
hidden	0.61
universes	0.61
witness	0.61
experience	0.61
speaks	0.61
arent	0.61
teacher	0.61
idiot	0.61
taste	0.61
great	0.61
clean	0.61
guarantee	0.61
sensible	0.60
doctor	0.60
properties	0.60
technically	0.60
adults	0.60
smarter	0.60
namely	0.60
capacity	0.60
kept	0.60
clothes	0.60
complete	0.60
replaced	0.60
effort	0.60
cut	0.59
justice	0.59
jerk	0.59
literary	0.59
consent	0.59
sucks	0.59
plans	0.59
downvoted	0.59
programmed	0.59
taxes	0.59
machine	0.59
peaceful	0.59
spell	0.59
culture	0.59
children	0.58
omniscience	0.58
retarded	0.58
nazareth	0.58
security	0.58
nonetheless	0.58
pay	0.58
intuition	0.58
information	0.58
churches	0.58
turned	0.58
eg	0.58
journey	0.58
conspiracy	0.58
texts	0.58
shoes	0.58
scripture	0.58
preference	0.58
everyday	0.58
wanted	0.58
solar	0.58
enormous	0.58
james	0.57
title	0.57
downvotes	0.57
qur'an	0.57
versa	0.57
wording	0.57
received	0.57
koran	0.57
greatness	0.57
cities	0.57
blindly	0.57
cheating	0.57
blow	0.57
decides	0.57
accepts	0.57
sane	0.57
voting	0.57
book	0.57
pass	0.57
desired	0.56
contest	0.56
instinct	0.56
seeks	0.56
second	0.56
guided	0.56
balance	0.56
mystical	0.56
david	0.56
evolutionary	0.56
garden	0.56
thinks	0.56
serious	0.56
environment	0.56
maintaining	0.56
relying	0.56
raising	0.55
tortured	0.55
bed	0.55
served	0.55
guess	0.55
choice	0.55
document	0.55
spoke	0.55
drop	0.55
hot	0.55
manifestation	0.55
night	0.55
unwilling	0.55
gives	0.55
useful	0.55
top	0.55
safety	0.55
meat	0.55
pulled	0.55
interaction	0.54
satisfied	0.54
human	0.54
credit	0.54
figured	0.54
volcano	0.54
possibilities	0.54
keeping	0.54
born	0.54
unclear	0.54
discourse	0.54
parties	0.54
accordance	0.54
added	0.54
skip	0.54
bought	0.54
machines	0.54
authoritative	0.54
politicians	0.54
robot	0.54
hear	0.54
forgotten	0.54
whose	0.54
advances	0.53
fully	0.53
forcing	0.53
lewis	0.53
demanding	0.53
choose	0.53
animal	0.53
seek	0.53
false	0.53
confident	0.53
told	0.53
fitting	0.53
schools	0.53
dreams	0.53
posts	0.53
shoot	0.52
window	0.52
quran	0.52
sagan	0.52
improve	0.52
understandings	0.52
immortal	0.52
rebuttal	0.52
daily	0.52
afterwards	0.52
controls	0.52
omnipotence	0.52
hits	0.52
golden	0.52
remind	0.52
country	0.52
determined	0.51
wake	0.51
predetermined	0.51
attempting	0.51
game	0.51
bible	0.51
waste	0.51
rely	0.51
user	0.51
tries	0.51
description	0.51
rebellion	0.51
misinterpreted	0.51
pantheon	0.51
created	0.51
debt	0.51
revelation	0.51
ours	0.51
concede	0.51
eyes	0.51
deterministic	0.51
canon	0.50
serves	0.50
confuse	0.50
heck	0.50
leave	0.50
alternative	0.50
clarify	0.50
adam	0.50
23	0.50
models	0.50
specified	0.50
meta	0.50
commenting	0.50
cards	0.50
relation	0.50
paragraphs	0.49
flawed	0.49
score	0.49
produced	0.49
worthwhile	0.49
failing	0.49
misunderstand	0.49
mohammed	0.49
above	0.49
tuned	0.49
church	0.49
wins	0.49
folks	0.49
vice	0.49
letting	0.49
property	0.49
lifetime	0.49
through	0.49
non-sequitur	0.49
society	0.49
color	0.49
access	0.49
mode	0.49
extend	0.49
original	0.48
hit	0.48
coin	0.48
damned	0.48
receiving	0.48
saints	0.48
chance	0.48
efforts	0.48
older	0.48
unreliable	0.48
ruler	0.48
voice	0.48
odin	0.48
red	0.48
impressed	0.48
beg	0.48
option	0.48
presence	0.48
clearer	0.48
16	0.48
mountains	0.48
suffice	0.47
predictive	0.47
fruit	0.47
blind	0.47
sitting	0.47
responded	0.47
irony	0.47
integrity	0.47
half	0.47
permission	0.47
extensive	0.47
worked	0.47
adds	0.47
survived	0.47
2,000	0.46
socrates	0.46
dna	0.46
egg	0.46
paste	0.46
indoctrinated	0.46
survival	0.46
eat	0.46
g-d	0.46
faulty	0.46
genuine	0.46
poison	0.46
spare	0.46
calls	0.46
operating	0.46
coherent	0.46
physicist	0.46
mysterious	0.46
notice	0.46
corner	0.46
dictated	0.46
decided	0.46
demonstrably	0.46
viable	0.45
preaching	0.45
sufficiently	0.45
hadith	0.45
inner	0.45
fell	0.45
theme	0.45
build	0.45
lucky	0.45
programs	0.45
waters	0.45
device	0.45
moses	0.45
intelligent	0.45
sermon	0.45
well-being	0.45
converted	0.45
likely	0.45
essay	0.45
unable	0.44
worshipping	0.44
ban	0.44
stood	0.44
abilities	0.44
waiting	0.44
planning	0.44
wo	0.44
reads	0.44
serpent	0.44
teachers	0.44
blue	0.44
causal	0.44
eve	0.44
societies	0.44
picture	0.44
looked	0.44
limited	0.44
technology	0.44
tribes	0.44
curiosity	0.44
funny	0.44
movies	0.43
satisfy	0.43
virtue	0.43
eating	0.43
saint	0.43
egypt	0.43
male	0.43
alternatively	0.43
fallen	0.43
city	0.43
illiterate	0.43
enlightenment	0.43
resources	0.43
develop	0.43
simulation	0.43
trick	0.43
opening	0.43
old	0.43
ordinary	0.43
ambiguity	0.43
forget	0.43
mount	0.43
command	0.43
sensory	0.43
media	0.43
relations	0.42
abide	0.42
legs	0.42
render	0.42
feet	0.42
understanding	0.42
outcomes	0.42
partly	0.42
reaching	0.42
3rd	0.42
minimal	0.42
foreign	0.42
name	0.42
literal	0.42
creative	0.42
traits	0.42
twist	0.42
colors	0.42
our	0.42
puts	0.42
buddha	0.42
organism	0.42
apple	0.42
paying	0.42
liked	0.41
organization	0.41
lds	0.41
owning	0.41
bringing	0.41
social	0.41
finger	0.41
birth	0.41
return	0.41
clouds	0.41
tools	0.41
desires	0.41
yourself	0.41
text	0.41
route	0.41
covenant	0.41
faces	0.41
students	0.41
close	0.41
pascal	0.41
able	0.41
managed	0.41
eden	0.41
car	0.41
works	0.41
cloud	0.41
grade	0.41
finish	0.41
order	0.41
running	0.41
inconsistent	0.40
considers	0.40
provides	0.40
college	0.40
buy	0.40
tomorrow	0.40
deserve	0.40
utter	0.40
finished	0.40
metaphorical	0.40
settle	0.40
surprise	0.40
drives	0.40
complexity	0.40
overall	0.40
pop	0.40
consistency	0.40
experiences	0.40
model	0.40
banned	0.39
believes	0.39
intelligence	0.39
limitation	0.39
distinct	0.39
planet	0.39
increased	0.39
matrix	0.39
worlds	0.39
leaves	0.39
ascribe	0.39
theirs	0.39
books	0.39
ken	0.39
improved	0.39
fish	0.39
emotion	0.39
santa	0.39
try	0.39
lacking	0.39
stick	0.39
body	0.39
turning	0.39
contribute	0.38
messianic	0.38
intellect	0.38
section	0.38
entire	0.38
spoken	0.38
occam	0.38
wall	0.38
authentic	0.38
yahweh	0.38
negatively	0.38
room	0.38
karma	0.38
oldest	0.38
parables	0.38
libertarian	0.38
map	0.38
breath	0.38
mod	0.38
disagrees	0.38
somebody	0.38
polytheistic	0.37
fuzzy	0.37
determines	0.37
poetic	0.37
interestingly	0.37
reach	0.37
cognition	0.37
claus	0.37
metaphor	0.37
testimony	0.37
awareness	0.37
box	0.37
preached	0.37
dollars	0.37
randomness	0.37
prediction	0.37
union	0.37
authority	0.36
zeus	0.36
gave	0.36
needing	0.36
measurements	0.36
matthew	0.36
boundaries	0.36
forced	0.36
seven	0.36
surface	0.36
monotheistic	0.36
interest	0.36
lesson	0.36
possess	0.36
thoroughly	0.36
thomas	0.36
sinned	0.36
age	0.36
improbable	0.36
intervention	0.36
matt	0.36
minutes	0.36
loose	0.36
chair	0.36
future	0.36
average	0.36
comprehensive	0.36
fit	0.36
evolve	0.36
contributing	0.36
normally	0.36
driven	0.36
sidebar	0.36
chaos	0.36
status	0.36
firstly	0.36
grow	0.36
civilization	0.36
conscience	0.35
link	0.35
wrote	0.35
choices	0.35
scenarios	0.35
genes	0.35
exile	0.35
listen	0.35
brought	0.35
scenario	0.35
computers	0.35
fulfilled	0.35
24	0.35
determinism	0.35
slaves	0.35
sight	0.35
odds	0.35
cup	0.35
parallel	0.35
describes	0.34
citizens	0.34
reported	0.34
capabilities	0.34
genetic	0.34
individuals	0.34
meeting	0.34
waves	0.34
paper	0.34
ran	0.34
initial	0.34
truthful	0.34
righteous	0.34
promise	0.34
reign	0.34
teach	0.34
arose	0.34
down	0.34
showed	0.33
isnt	0.33
skin	0.33
conversations	0.33
helps	0.33
knowledge	0.33
possibility	0.33
secondary	0.33
downvoting	0.33
separate	0.33
nation	0.33
fix	0.33
18	0.33
emphasis	0.33
thread	0.33
tree	0.33
reproduce	0.33
noah	0.33
guidelines	0.33
pregnancy	0.33
source	0.33
species	0.33
genesis	0.33
teaching	0.33
9	0.33
phrasing	0.33
demand	0.33
offers	0.33
outcome	0.33
vision	0.33
smith	0.33
statistically	0.33
teaches	0.32
expectations	0.32
follow	0.32
lens	0.32
pursue	0.32
deeds	0.32
informed	0.32
next	0.32
arms	0.32
dogs	0.32
bliss	0.32
denies	0.32
novel	0.32
stupid	0.32
expressing	0.32
dictates	0.32
deistic	0.32
year	0.32
lessons	0.32
mods	0.32
continue	0.32
morality	0.31
guessing	0.31
subreddit	0.31
fall	0.31
allegorical	0.31
k	0.31
naked	0.31
morning	0.31
trip	0.31
tall	0.31
respond	0.31
health	0.31
societal	0.31
function	0.31
mind	0.31
suggested	0.31
came	0.31
collective	0.31
conviction	0.31
ability	0.31
isaiah	0.31
posting	0.31
please	0.30
options	0.30
testament	0.30
enlightened	0.30
learned	0.30
creation	0.30
torah	0.30
smell	0.30
angels	0.30
idols	0.30
probable	0.30
spending	0.30
tactics	0.30
agents	0.30
tao	0.30
designed	0.30
inevitably	0.30
gods	0.30
salt	0.30
authorities	0.30
shape	0.30
closely	0.30
bodies	0.30
participate	0.30
teeth	0.30
polytheism	0.30
tax	0.30
straightforward	0.30
razor	0.30
intangible	0.29
aside	0.29
training	0.29
romans	0.29
tool	0.29
beforehand	0.29
prophecy	0.29
expand	0.29
opens	0.29
walk	0.29
techniques	0.29
near	0.29
turns	0.29
posit	0.29
impossibility	0.29
total	0.29
entitled	0.29
twice	0.29
land	0.29
parameters	0.29
kings	0.29
merit	0.29
record	0.29
mountain	0.29
reliability	0.29
sit	0.29
communicating	0.29
guaranteed	0.29
introduced	0.29
garbage	0.29
seconds	0.29
originally	0.29
exempt	0.29
feature	0.29
similarities	0.29
pressed	0.29
posted	0.29
r/debatereligion	0.29
remaining	0.29
treated	0.29
increase	0.29
dream	0.28
net	0.28
users	0.28
characteristics	0.28
participation	0.28
attempt	0.28
sinai	0.28
7	0.28
op	0.28
needed	0.28
protect	0.28
creed	0.28
supreme	0.28
authors	0.28
engage	0.28
ignores	0.28
association	0.28
judeo-christian	0.28
eaten	0.28
bottom	0.28
written	0.28
reflects	0.28
strength	0.28
play	0.28
regularly	0.28
sound	0.28
generation	0.28
instruction	0.28
medium	0.28
brief	0.28
organizations	0.28
sending	0.28
findings	0.28
characteristic	0.28
hour	0.27
ate	0.27
arabic	0.27
closer	0.27
variables	0.27
copy	0.27
civil	0.27
writings	0.27
acceptance	0.27
classes	0.27
walking	0.27
cheap	0.27
gap	0.27
constrained	0.27
foot	0.27
key	0.27
insofar	0.27
decide	0.27
divorce	0.27
his/her	0.27
nobody	0.27
took	0.27
creating	0.27
fiction	0.27
transcendent	0.27
pray	0.27
explanatory	0.26
qualia	0.26
allow	0.26
creationist	0.26
reached	0.26
devoted	0.26
birds	0.26
tradition	0.26
produces	0.26
threads	0.26
deeper	0.26
fought	0.26
don't	0.26
jerusalem	0.26
combination	0.26
linked	0.26
breaks	0.26
mutations	0.26
allegory	0.26
19	0.26
doctrine	0.26
breaking	0.26
declare	0.26
perception	0.26
canaanite	0.26
contradictions	0.26
short	0.25
concern	0.25
spend	0.25
manner	0.25
17	0.25
accuracy	0.25
further	0.25
brains	0.25
strict	0.25
invention	0.25
documents	0.25
sky	0.25
conditions	0.25
reality	0.25
confidence	0.25
removed	0.25
adhere	0.25
talmud	0.25
discovered	0.25
daniel	0.25
capability	0.25
understandable	0.25
relatively	0.25
surviving	0.25
ball	0.25
southern	0.25
ancestor	0.24
hint	0.24
preferences	0.24
passes	0.24
15	0.24
commentary	0.24
narratives	0.24
student	0.24
limits	0.24
circumstances	0.24
stories	0.24
prayer	0.24
interests	0.24
sell	0.24
faith	0.24
agrees	0.24
features	0.24
brain	0.24
intend	0.24
govern	0.24
histories	0.24
tried	0.24
invisible	0.24
task	0.24
via	0.24
misguided	0.24
approaching	0.24
conversion	0.24
supply	0.23
whenever	0.23
rose	0.23
stuff	0.23
consequently	0.23
memories	0.23
influences	0.23
fingers	0.23
ridicule	0.23
rant	0.23
success	0.23
subtle	0.23
cutting	0.23
outdated	0.23
evidently	0.23
relies	0.23
asshole	0.23
augustine	0.23
cost	0.23
month	0.23
familiar	0.23
alert	0.23
variable	0.23
rejects	0.23
hand	0.23
addresses	0.23
instructions	0.23
advancement	0.23
teachings	0.23
appearance	0.23
earth	0.23
akin	0.23
contradicts	0.23
predictions	0.23
bears	0.23
theoretically	0.23
maintained	0.23
sand	0.23
multiverse	0.22
oral	0.22
methods	0.22
hours	0.22
gospel	0.22
engaged	0.22
high	0.22
bread	0.22
biblical	0.22
mutually	0.22
agent	0.22
parable	0.22
content	0.22
unchanging	0.22
posters	0.22
focusing	0.22
compelled	0.22
tone	0.22
ancestors	0.22
selected	0.22
recognition	0.22
phrased	0.22
emotional	0.22
norse	0.22
genetics	0.22
trying	0.22
realms	0.22
temple	0.22
own	0.22
belongs	0.21
up	0.21
st	0.21
answering	0.21
runs	0.21
differs	0.21
operates	0.21
fly	0.21
embrace	0.21
accomplished	0.21
flaw	0.21
addressed	0.21
characters	0.21
assessment	0.21
drinking	0.21
fill	0.21
messiah	0.21
narrative	0.21
board	0.21
increasing	0.21
conception	0.21
disciples	0.21
noted	0.21
preserved	0.21
utility	0.21
final	0.21
strongest	0.21
organisms	0.21
following	0.21
says	0.21
constraints	0.21
share	0.21
constant	0.21
limitations	0.21
accessible	0.21
unlike	0.21
react	0.20
article	0.20
raise	0.20
wine	0.20
consciousness	0.20
simpler	0.20
investigation	0.20
12	0.20
earliest	0.20
coffee	0.20
christian	0.20
automatically	0.20
unlikely	0.20
reduced	0.20
internal	0.20
reader	0.20
non-christian	0.20
logically	0.20
mythology	0.20
built	0.20
concerns	0.20
predictable	0.20
pedantic	0.20
modern	0.20
representation	0.20
appeared	0.20
gravity	0.20
prayers	0.20
worshipped	0.20
conversation	0.20
rain	0.19
arrived	0.19
changes	0.19
building	0.19
myth	0.19
fewer	0.19
tribe	0.19
mechanics	0.19
bush	0.19
requirements	0.19
local	0.19
add	0.19
visions	0.19
insert	0.19
relativity	0.19
biological	0.19
incompatible	0.19
heads	0.19
beyond	0.19
reformed	0.19
premises	0.19
magical	0.19
themselves	0.19
break	0.19
20	0.19
soon	0.19
contradiction	0.19
news	0.19
8	0.19
feels	0.19
became	0.19
green	0.19
water	0.19
purposes	0.19
writing	0.19
table	0.19
consistently	0.19
connections	0.19
decisions	0.18
immediately	0.18
read	0.18
desperate	0.18
pages	0.18
pulling	0.18
dating	0.18
criteria	0.18
deciding	0.18
inductive	0.18
versions	0.18
theologian	0.18
typical	0.18
controlling	0.18
inability	0.18
physically	0.18
gospels	0.18
talks	0.18
accurately	0.18
worded	0.18
badly	0.18
sea	0.18
sun	0.18
method	0.18
linguistic	0.18
sentences	0.18
class	0.18
noise	0.18
path	0.18
scope	0.17
predict	0.17
primary	0.17
writers	0.17
chances	0.17
level	0.17
forming	0.17
simultaneously	0.17
worshiped	0.17
rationality	0.17
corrupted	0.17
faculties	0.17
initially	0.17
mutation	0.17
metaphors	0.17
person	0.17
free	0.17
driving	0.17
derived	0.17
engineering	0.17
page	0.17
dichotomy	0.17
deductive	0.17
ongoing	0.17
standing	0.17
wear	0.17
progress	0.17
10	0.17
invalid	0.17
readily	0.17
low	0.17
attempts	0.17
quote	0.17
remained	0.17
representing	0.17
private	0.17
observations	0.17
military	0.17
conscious	0.17
recent	0.17
curious	0.17
requirement	0.17
alcohol	0.17
precise	0.17
online	0.17
story	0.16
ocean	0.16
visible	0.16
reaction	0.16
discussion	0.16
probabilities	0.16
designer	0.16
blog	0.16
chapter	0.16
bare	0.16
hypothetical	0.16
limit	0.16
consciously	0.16
11	0.16
bridge	0.16
premise	0.16
continues	0.16
plain	0.16
therefor	0.16
developing	0.16
1st	0.16
probability	0.16
front	0.16
singular	0.16
author	0.16
days	0.16
double	0.16
everyone	0.16
benefit	0.16
immaterial	0.16
ten	0.16
noting	0.15
advanced	0.15
follows	0.15
hallucinations	0.15
period	0.15
design	0.15
letter	0.15
stands	0.15
rules	0.15
miles	0.15
prime	0.15
mars	0.15
plants	0.15
professor	0.15
increases	0.15
apostles	0.15
6	0.15
lift	0.15
earthly	0.15
likelihood	0.15
trade	0.15
meant	0.15
non-physical	0.15
contents	0.15
bones	0.15
scholar	0.15
secondly	0.15
animals	0.15
reflection	0.15
review	0.15
predicted	0.15
entities	0.15
gene	0.15
approach	0.15
prophecies	0.15
varies	0.15
historian	0.15
saw	0.15
freewill	0.15
messages	0.15
pantheism	0.15
agency	0.14
higher	0.14
readers	0.14
hypotheses	0.14
reproduction	0.14
dragon	0.14
sabbath	0.14
mormons	0.14
watch	0.14
writes	0.14
artificial	0.14
moderation	0.14
light	0.14
complaint	0.14
gentiles	0.14
journal	0.14
existent	0.14
classical	0.14
wind	0.14
occurrence	0.14
plato	0.14
degree	0.14
align	0.14
copies	0.14
invent	0.14
greek	0.14
compatible	0.14
fictional	0.14
nt	0.14
fourth	0.14
university	0.13
moon	0.13
illusion	0.13
missionaries	0.13
phd	0.13
ham	0.13
carefully	0.13
soul	0.13
complex	0.13
seeing	0.13
everybody	0.13
plays	0.13
affects	0.13
conceive	0.13
worldly	0.13
within	0.13
based	0.13
refusal	0.13
mythical	0.13
interacts	0.13
feed	0.13
plausible	0.13
program	0.13
subjective	0.13
requiring	0.13
checking	0.13
offer	0.13
noticed	0.13
factors	0.13
lay	0.13
papers	0.13
lower	0.12
functional	0.12
anecdotal	0.12
new	0.12
converts	0.12
minor	0.12
sleep	0.12
witnesses	0.12
accounts	0.12
pink	0.12
fails	0.12
ground	0.12
money	0.12
grows	0.12
spent	0.12
rich	0.12
thor	0.12
forward	0.12
iirc	0.12
international	0.12
united	0.12
operate	0.12
nail	0.12
believer	0.12
points	0.12
essential	0.12
special	0.12
discarded	0.12
interpreted	0.12
meet	0.12
al	0.12
contained	0.12
giant	0.12
attributing	0.12
ignored	0.12
flow	0.12
leadership	0.12
symbolic	0.12
quick	0.12
bodily	0.12
earlier	0.12
stars	0.12
objections	0.12
converting	0.12
functions	0.11
working	0.11
trusted	0.11
misses	0.11
random	0.11
value	0.11
seemed	0.11
until	0.11
physical	0.11
ot	0.11
interact	0.11
condition	0.11
mental	0.11
communicated	0.11
paul	0.11
manage	0.11
started	0.11
counts	0.11
translation	0.11
tale	0.11
education	0.11
assuming	0.11
code	0.11
baby	0.11
decision	0.11
version	0.11
continuing	0.11
pertinent	0.11
business	0.11
quoted	0.10
product	0.10
proposed	0.10
north	0.10
responsibility	0.10
leibniz	0.10
report	0.10
ritual	0.10
explore	0.10
stones	0.10
prone	0.10
translated	0.10
separated	0.10
dense	0.10
luke	0.10
unconscious	0.10
meets	0.10
introduction	0.10
judgement	0.10
scholarship	0.10
josephus	0.10
qualified	0.10
flying	0.10
begs	0.10
additionally	0.10
possession	0.10
viewing	0.10
road	0.10
silent	0.10
emotions	0.10
4th	0.10
denomination	0.10
incorrect	0.10
credibility	0.09
vatican	0.09
6000	0.09
tangent	0.09
emergent	0.09
2nd	0.09
universal	0.09
falling	0.09
poe	0.09
delusions	0.09
inference	0.09
correspond	0.09
solutions	0.09
planets	0.09
conclusion	0.09
30	0.09
imagination	0.09
invented	0.09
5	0.09
reddit	0.09
comprehension	0.09
cosmology	0.09
base	0.09
reasoning	0.09
project	0.09
harry	0.09
excluded	0.09
hume	0.09
populations	0.09
identity	0.09
john	0.09
moving	0.09
pope	0.08
dimensions	0.08
medieval	0.08
anymore	0.08
interpretations	0.08
dedicated	0.08
asked	0.08
destroying	0.08
substantive	0.08
logical	0.08
records	0.08
explanations	0.08
minimum	0.08
reward	0.08
may	0.08
dilemma	0.08
manifest	0.08
priority	0.08
constants	0.08
travel	0.08
trained	0.08
wager	0.08
helping	0.08
formation	0.08
rule	0.08
female	0.08
physicists	0.08
apologetics	0.08
languages	0.08
taoist	0.08
opponent	0.08
self	0.08
gold	0.08
underlying	0.08
theory	0.08
thesis	0.08
blood	0.08
string	0.08
theology	0.08
skills	0.08
descriptive	0.08
translations	0.07
switch	0.07
criticisms	0.07
potter	0.07
meaningful	0.07
bar	0.07
disagreement	0.07
induction	0.07
formal	0.07
satisfying	0.07
argumentation	0.07
temporary	0.07
write	0.07
wiki	0.07
mentally	0.07
defeated	0.07
wikipedia	0.07
produce	0.07
check	0.07
selection	0.07
moment	0.07
sub	0.07
answered	0.07
aliens	0.07
arguments	0.07
abstraction	0.07
qualifies	0.07
origins	0.07
alive	0.07
dinosaurs	0.07
bound	0.07
muslim	0.07
given	0.07
flat	0.07
control	0.07
evolution	0.07
articles	0.07
quickly	0.06
role	0.06
realities	0.06
solution	0.06
jewish	0.06
entropy	0.06
paint	0.06
propose	0.06
repeat	0.06
meanwhile	0.06
intended	0.06
peter	0.06
implied	0.06
abusing	0.06
citations	0.06
usa	0.06
educated	0.06
letters	0.06
last	0.06
store	0.06
historicity	0.06
split	0.06
civilizations	0.06
21	0.06
ancient	0.06
laws	0.06
experiment	0.06
skeptical	0.06
25	0.06
firm	0.06
nonsense	0.06
background	0.06
asserts	0.06
slight	0.06
cells	0.06
questions	0.06
law	0.06
appropriate	0.06
scientists	0.06
paradox	0.06
returned	0.06
sphere	0.06
failed	0.06
morals	0.06
aristotle	0.06
throw	0.05
traditions	0.05
rising	0.05
paths	0.05
theoretical	0.05
impossible	0.05
discussions	0.05
weeks	0.05
existing	0.05
perceive	0.05
roles	0.05
discard	0.05
myths	0.05
galaxy	0.05
william	0.05
subs	0.05
circular	0.05
historical	0.05
handed	0.05
hobby	0.05
virtually	0.05
material	0.05
textual	0.05
aquinas	0.05
hebrews	0.05
argues	0.05
alternate	0.05
creationism	0.05
presentation	0.05
ruling	0.05
imho	0.05
variations	0.05
evolving	0.05
physics	0.05
stress	0.05
decay	0.05
rate	0.05
tuning	0.05
exodus	0.05
analogous	0.05
allows	0.05
debate	0.04
hierarchy	0.04
affect	0.04
descriptions	0.04
construct	0.04
cults	0.04
square	0.04
influence	0.04
symbol	0.04
descartes	0.04
perceptions	0.04
discount	0.04
materials	0.04
50	0.04
interacting	0.04
limiting	0.04
influenced	0.04
circle	0.04
realm	0.04
reviewed	0.04
agreement	0.04
closed	0.04
gets	0.04
answers	0.04
repeating	0.04
fast	0.04
efficient	0.04
paradise	0.04
distant	0.04
mechanism	0.04
conclusions	0.04
neuroscience	0.04
individually	0.04
inconsistencies	0.04
dig	0.04
sophisticated	0.04
domain	0.04
shaped	0.04
prophets	0.04
plant	0.04
imposed	0.03
teapot	0.03
cover	0.03
substitute	0.03
peer	0.03
passed	0.03
collectively	0.03
verse	0.03
company	0.03
praying	0.03
left	0.03
famous	0.03
spirits	0.03
tales	0.03
system	0.03
variation	0.03
heard	0.03
anybody	0.03
traditional	0.03
question	0.03
dialogue	0.03
tv	0.03
inherent	0.03
logic	0.03
assign	0.03
wildly	0.03
monotheism	0.03
severely	0.03
rests	0.03
continued	0.03
realise	0.03
r/atheism	0.03
diversity	0.03
mentions	0.03
definitely	0.03
quantum	0.03
interpret	0.03
easier	0.03
formulate	0.03
team	0.03
theologically	0.03
request	0.02
objects	0.02
generate	0.02
instead	0.02
galaxies	0.02
utilitarian	0.02
affected	0.02
sin	0.02
run	0.02
objection	0.02
counting	0.02
analysis	0.02
nuanced	0.02
philosophy	0.02
equal	0.02
branches	0.02
utilitarianism	0.02
inquiry	0.02
months	0.02
conduct	0.02
mechanisms	0.02
wholly	0.02
nihilo	0.02
miraculous	0.02
korea	0.02
center	0.02
expert	0.02
unique	0.02
elsewhere	0.02
rock	0.02
account	0.02
unknowable	0.02
fair	0.02
instant	0.02
billion	0.02
finally	0.02
ergo	0.02
posed	0.02
insufficient	0.02
beneficial	0.02
standard	0.02
introduce	0.02
interactions	0.01
regret	0.01
argument	0.01
consists	0.01
holes	0.01
catholic	0.01
firmly	0.01
crowd	0.01
relates	0.01
paganism	0.01
cosmos	0.01
assure	0.01
perform	0.01
leaders	0.01
unrelated	0.01
data	0.01
legitimacy	0.01
sources	0.01
google	0.01
modal	0.01
substance	0.01
f	0.01
mess	0.01
under	0.01
contradicting	0.01
controlled	0.01
address	0.01
website	0.01
corinthians	0.01
theories	0.01
boat	0.01
snake	0.01
entering	0.01
collection	0.01
wherein	0.01
published	0.01
contemporary	0.01
ends	0.01
gone	0.01
immediate	0.01
failure	0.01
catholics	0.01
internally	0.01
orthodox	0.01
presume	0.00
purgatory	0.00
topics	0.00
mysticism	0.00
dependent	0.00
jump	0.00
insane	0.00
extended	0.00
scholarly	0.00
notable	0.00
wearing	0.00
science	0.00
cite	0.00
ect	0.00
r	0.00
thoughts	0.00
foundation	0.00
belong	0.00
horrific	-6.02
brutal	-6.02
worse	-5.59
disgusting	-5.51
atrocities	-5.23
bad	-5.22
justifies	-5.18
gays	-5.15
shitty	-5.14
hatred	-5.08
abhorrent	-5.03
justifying	-4.92
cruel	-4.89
dislike	-4.88
disasters	-4.76
bigotry	-4.76
genocide	-4.73
murderers	-4.69
mentality	-4.66
homophobia	-4.65
oppression	-4.61
questionable	-4.61
hating	-4.57
racism	-4.54
violence	-4.50
prejudice	-4.45
discrimination	-4.38
bigoted	-4.36
promotes	-4.35
persecuted	-4.33
homosexuals	-4.30
evils	-4.30
victims	-4.25
committed	-4.22
nazis	-4.12
oppose	-4.08
sexism	-4.00
deaths	-3.95
diseases	-3.94
immoral	-3.92
promoting	-3.91
type	-3.90
persecution	-3.89
comparison	-3.86
hostility	-3.85
favorite	-3.83
sorts	-3.79
labeled	-3.76
killed	-3.75
hateful	-3.73
anti-theists	-3.73
terrorism	-3.71
promote	-3.71
rapists	-3.66
rid	-3.60
barbaric	-3.57
speech	-3.56
sought	-3.53
racist	-3.53
arguably	-3.52
torture	-3.50
signs	-3.39
stalin	-3.38
plus	-3.38
anti	-3.37
holocaust	-3.36
ending	-3.33
unfortunate	-3.31
murders	-3.21
anti-theism	-3.18
habit	-3.15
endorse	-3.15
ridiculous	-3.12
transition	-3.11
morally	-3.09
poor	-3.09
against	-3.08
wars	-3.05
job	-3.04
gay	-3.03
justified	-3.01
arrogance	-3.01
slavery	-3.00
suicide	-3.00
lies	-3.00
cherry	-2.99
blaming	-2.97
condemn	-2.95
kind	-2.95
punishes	-2.93
uncomfortable	-2.87
attitudes	-2.86
sexist	-2.83
acceptable	-2.82
bits	-2.79
stoning	-2.79
murdered	-2.73
picked	-2.71
hitler	-2.71
crusades	-2.71
upset	-2.70
murder	-2.66
committing	-2.65
advocate	-2.64
justify	-2.64
homosexuality	-2.62
prison	-2.61
nazi	-2.59
violent	-2.58
heretics	-2.58
anger	-2.58
filled	-2.57
carried	-2.54
commit	-2.53
openly	-2.52
mass	-2.52
acts	-2.50
prevent	-2.48
responsible	-2.48
permissible	-2.46
criticizing	-2.44
hypocrisy	-2.43
justifiable	-2.42
motivated	-2.42
crimes	-2.41
witches	-2.40
unacceptable	-2.39
theft	-2.39
rape	-2.38
criticize	-2.37
pride	-2.37
pathetic	-2.36
stopping	-2.35
spreading	-2.35
poverty	-2.34
criminals	-2.31
condemning	-2.30
murdering	-2.27
scared	-2.27
shame	-2.27
twisted	-2.26
murderer	-2.26
commits	-2.24
unjust	-2.21
certain	-2.17
superiority	-2.15
leviticus	-2.14
killing	-2.14
blame	-2.14
lust	-2.12
stealing	-2.12
justifications	-2.11
preventing	-2.10
ignorance	-2.10
opposition	-2.07
slow	-2.05
painful	-2.05
encourages	-2.04
crime	-2.03
innocent	-2.02
attacked	-2.01
camp	-2.01
communism	-2.00
disease	-1.99
weird	-1.97
aids	-1.95
opposed	-1.95
executed	-1.95
bunch	-1.95
jail	-1.94
burned	-1.93
adultery	-1.93
protected	-1.93
stoned	-1.92
execution	-1.90
ideology	-1.90
defending	-1.89
advocating	-1.86
witch	-1.86
caused	-1.85
evil	-1.85
capital	-1.85
punishments	-1.84
petty	-1.84
ironic	-1.84
statistics	-1.83
gender	-1.83
immorality	-1.83
blatant	-1.81
comparing	-1.81
abortion	-1.79
equality	-1.78
secularism	-1.77
afraid	-1.76
millions	-1.74
trials	-1.73
practicing	-1.73
harmful	-1.72
homosexual	-1.72
criminal	-1.71
abuse	-1.71
types	-1.71
moderates	-1.71
guilty	-1.70
watching	-1.70
lots	-1.69
corrupt	-1.69
accused	-1.69
stake	-1.68
excuses	-1.67
doing	-1.67
threats	-1.67
thousands	-1.66
sometimes	-1.65
apostasy	-1.65
etc	-1.63
causing	-1.63
dying	-1.63
toward	-1.62
extremist	-1.62
ethnic	-1.61
illegal	-1.61
justification	-1.61
were	-1.61
good	-1.61
harsh	-1.60
blasphemy	-1.60
sort	-1.60
unfair	-1.59
corruption	-1.57
propaganda	-1.57
anti-theist	-1.57
stone	-1.56
non-christians	-1.56
lot	-1.55
burn	-1.54
mindset	-1.54
hurting	-1.54
unbelievers	-1.53
moderate	-1.53
hypocritical	-1.53
germany	-1.53
non-believers	-1.53
prevented	-1.53
race	-1.52
various	-1.52
hundreds	-1.52
minority	-1.51
protecting	-1.51
indirectly	-1.51
disrespect	-1.51
behaviour	-1.50
portrayed	-1.50
prevalent	-1.49
angry	-1.49
punishment	-1.49
sexuality	-1.48
eliminate	-1.45
offensive	-1.45
plenty	-1.45
these	-1.45
dishonesty	-1.44
comparable	-1.42
lump	-1.42
numerous	-1.42
lying	-1.41
express	-1.41
widespread	-1.41
actively	-1.41
countless	-1.40
cared	-1.40
proud	-1.40
inferior	-1.39
objectively	-1.39
heresy	-1.38
penalty	-1.37
threatened	-1.37
instances	-1.37
christians	-1.37
equate	-1.37
often	-1.36
climate	-1.36
punished	-1.36
vocal	-1.35
those	-1.35
much	-1.35
extremists	-1.35
jealous	-1.33
variety	-1.33
terrorist	-1.33
opposing	-1.32
defend	-1.31
illustrate	-1.31
excuse	-1.31
priests	-1.31
including	-1.30
worldwide	-1.30
organized	-1.30
display	-1.29
offended	-1.29
worried	-1.29
slaughter	-1.29
consequences	-1.28
revolution	-1.28
extreme	-1.28
intrinsically	-1.27
hurt	-1.27
ideologies	-1.26
norm	-1.26
discipline	-1.26
many	-1.26
communist	-1.26
cop	-1.26
global	-1.25
challenging	-1.25
threat	-1.25
kinds	-1.24
rights	-1.24
ironically	-1.24
caught	-1.24
dubious	-1.22
scary	-1.22
compare	-1.22
problematic	-1.21
trial	-1.20
cars	-1.20
fundamentalists	-1.20
stem	-1.20
cancer	-1.20
insulting	-1.19
odd	-1.19
atheists	-1.19
abused	-1.18
deal	-1.18
likes	-1.18
another	-1.18
raping	-1.18
usually	-1.17
critics	-1.16
denied	-1.16
fucked	-1.16
war	-1.16
stems	-1.16
considered	-1.15
idolatry	-1.15
rapist	-1.15
20th	-1.15
overlap	-1.15
marriage	-1.14
accuse	-1.14
severe	-1.14
weather	-1.14
alike	-1.14
active	-1.14
arrogant	-1.14
constitute	-1.14
target	-1.13
criticism	-1.13
lesser	-1.13
defense	-1.13
mock	-1.11
offense	-1.11
punishing	-1.11
general	-1.11
bacteria	-1.10
thereby	-1.10
refrain	-1.10
strange	-1.09
death	-1.09
ignorant	-1.09
tough	-1.09
particular	-1.08
bias	-1.08
confronted	-1.08
theists	-1.08
burning	-1.08
approve	-1.08
infants	-1.08
devoid	-1.07
americans	-1.06
judging	-1.06
dozens	-1.06
feel	-1.06
favor	-1.06
whilst	-1.06
insults	-1.06
threatening	-1.06
recall	-1.05
frequently	-1.05
accusing	-1.05
showing	-1.05
prevents	-1.04
protection	-1.04
grave	-1.04
outright	-1.04
unnatural	-1.04
unusual	-1.03
white	-1.03
e.g	-1.03
luther	-1.03
baseless	-1.02
criticized	-1.02
sexually	-1.02
hell	-1.01
america	-1.01
privilege	-1.01
isis	-1.01
religion	-1.01
miserable	-1.00
establishment	-1.00
accountable	-1.00
women	-1.00
referencing	-1.00
idiotic	-0.99
atheistic	-0.99
several	-0.99
fear	-0.99
annoying	-0.99
victim	-0.99
radical	-0.99
dozen	-0.99
religiously	-0.98
decent	-0.98
behavior	-0.98
bronze	-0.98
prohibition	-0.98
pot	-0.98
involve	-0.98
quotes	-0.98
surprised	-0.97
avoid	-0.97
thing	-0.97
skeptics	-0.97
idea	-0.96
assertions	-0.96
publicly	-0.96
allowing	-0.96
suggesting	-0.96
fundamentalism	-0.95
difference	-0.95
unreasonable	-0.95
agenda	-0.95
challenged	-0.95
sticks	-0.95
reasonable	-0.95
german	-0.94
led	-0.94
leading	-0.93
dogmatic	-0.93
accusations	-0.93
amendment	-0.92
rationalize	-0.92
reporting	-0.92
sharia	-0.92
stop	-0.92
religious	-0.91
thinking	-0.91
hung	-0.91
black	-0.91
implicitly	-0.91
obvious	-0.90
bizarre	-0.90
throwing	-0.90
magnitude	-0.90
inherently	-0.90
exclusively	-0.90
making	-0.90
patently	-0.90
tend	-0.90
gathering	-0.89
supporting	-0.89
claiming	-0.89
unnecessary	-0.89
so-called	-0.89
dealing	-0.88
selective	-0.88
unfounded	-0.88
distinction	-0.88
non-religious	-0.87
aggressive	-0.87
socially	-0.87
clergy	-0.87
form	-0.87
require	-0.87
tendencies	-0.87
natural	-0.87
contrast	-0.86
practiced	-0.86
subsequent	-0.86
hostile	-0.86
ordered	-0.85
intervene	-0.85
disagreeing	-0.85
absolutely	-0.85
albeit	-0.85
multiple	-0.85
disregard	-0.85
towards	-0.85
tons	-0.85
forms	-0.84
spread	-0.84
motivate	-0.84
judge	-0.84
metric	-0.84
groups	-0.83
humanism	-0.83
merits	-0.83
leap	-0.82
incapable	-0.82
typically	-0.82
eternal	-0.82
sinful	-0.82
distinctions	-0.82
guilt	-0.82
clearly	-0.82
barely	-0.81
compared	-0.81
fact	-0.81
kills	-0.81
attacking	-0.81
non-muslims	-0.81
democracy	-0.80
economic	-0.80
suffer	-0.80
additional	-0.80
raped	-0.80
cure	-0.80
ideas	-0.80
either	-0.80
movement	-0.80
dangerous	-0.80
concerned	-0.79
atheism	-0.79
unjustified	-0.79
talking	-0.79
legally	-0.79
disingenuous	-0.79
similar	-0.79
presupposing	-0.78
imo	-0.78
stuck	-0.78
always	-0.77
anything	-0.77
convinced	-0.77
basically	-0.77
otherwise	-0.77
attached	-0.77
intentional	-0.77
moral	-0.77
ethical	-0.77
dissonance	-0.77
pointing	-0.76
handful	-0.76
deemed	-0.76
conflict	-0.76
blanket	-0.76
saying	-0.76
dishonest	-0.76
nonsensical	-0.76
brand	-0.75
trouble	-0.75
politically	-0.75
instance	-0.75
died	-0.75
wicked	-0.75
demonstrate	-0.75
violation	-0.74
ignoring	-0.74
die	-0.74
baggage	-0.74
mean	-0.74
eternity	-0.74
arbitrary	-0.74
tribal	-0.74
utterly	-0.74
few	-0.73
specific	-0.73
deserved	-0.73
jews	-0.73
china	-0.73
binary	-0.73
explicitly	-0.73
still	-0.73
detrimental	-0.72
police	-0.72
validate	-0.72
case	-0.72
different	-0.72
legitimately	-0.72
unsupported	-0.72
without	-0.72
struggle	-0.72
destructive	-0.72
absurd	-0.72
discredit	-0.72
man-made	-0.72
convince	-0.71
apples	-0.71
fundamentalist	-0.71
void	-0.71
picking	-0.71
movements	-0.71
solve	-0.71
course	-0.71
charge	-0.71
office	-0.71
irrational	-0.71
superior	-0.71
declaring	-0.70
actually	-0.70
stops	-0.70
unless	-0.70
action	-0.70
classic	-0.70
also	-0.70
actions	-0.70
especially	-0.69
obviously	-0.69
tendency	-0.69
desirable	-0.69
most	-0.69
vacuum	-0.69
getting	-0.69
delusion	-0.69
fire	-0.68
eternally	-0.68
episode	-0.68
such	-0.68
politics	-0.68
felt	-0.68
legal	-0.68
hunger	-0.68
torment	-0.68
cases	-0.68
line	-0.68
differentiate	-0.68
mostly	-0.67
exercise	-0.67
shot	-0.67
persuade	-0.67
rewards	-0.67
babies	-0.67
multitude	-0.67
complain	-0.66
hold	-0.66
theism	-0.66
court	-0.66
courts	-0.66
childish	-0.66
plainly	-0.66
activity	-0.66
damnation	-0.66
scientism	-0.66
considering	-0.66
assert	-0.66
sense	-0.66
pointless	-0.66
reason	-0.66
arguing	-0.66
ludicrous	-0.65
carry	-0.65
frustrating	-0.65
rude	-0.65
involves	-0.65
majority	-0.65
lake	-0.65
same	-0.65
show	-0.65
relate	-0.65
dismissive	-0.65
gymnastics	-0.65
agnostics	-0.65
permanent	-0.65
described	-0.64
classify	-0.64
agnostic	-0.64
et	-0.64
escape	-0.64
differing	-0.64
sure	-0.64
generally	-0.64
reconcile	-0.64
draw	-0.64
declaration	-0.64
products	-0.64
islamic	-0.64
nothing	-0.63
rationally	-0.63
muslims	-0.63
deny	-0.63
else	-0.63
views	-0.63
liar	-0.63
tricky	-0.63
minded	-0.63
evidence	-0.63
rarely	-0.62
liberal	-0.62
ended	-0.62
supports	-0.62
establish	-0.62
disrespectful	-0.62
done	-0.62
position	-0.62
stating	-0.62
acting	-0.62
fallacy	-0.62
place	-0.62
admission	-0.61
negative	-0.61
explain	-0.61
doubt	-0.61
deists	-0.61
claim	-0.61
analogy	-0.61
pieces	-0.61
lastly	-0.61
having	-0.61
support	-0.61
yet	-0.61
drug	-0.60
classified	-0.60
fault	-0.60
distinguish	-0.60
infant	-0.60
culturally	-0.60
fallacies	-0.60
associated	-0.60
arise	-0.60
practice	-0.60
stretch	-0.60
essentially	-0.60
straight	-0.60
ca	-0.60
kill	-0.59
throughout	-0.59
cold	-0.59
stopped	-0.59
agree	-0.59
whatsoever	-0.59
afterlife	-0.59
intentionally	-0.59
nuclear	-0.59
complaining	-0.59
assertion	-0.59
heal	-0.59
since	-0.59
realizing	-0.59
buried	-0.59
fringe	-0.59
indistinguishable	-0.59
fed	-0.58
prove	-0.58
resort	-0.58
replace	-0.58
gnostic	-0.58
neutral	-0.58
preferable	-0.58
doomed	-0.58
stance	-0.58
labels	-0.58
scale	-0.58
none	-0.58
wishful	-0.58
national	-0.57
refute	-0.57
am	-0.57
illogical	-0.57
chinese	-0.57
act	-0.57
scotsman	-0.57
humanist	-0.57
falsehood	-0.57
exist	-0.57
recognized	-0.57
aware	-0.57
ton	-0.56
idiots	-0.56
again	-0.56
illness	-0.56
blatantly	-0.56
analogies	-0.56
implying	-0.56
soldiers	-0.56
substantiate	-0.56
uk	-0.56
proof	-0.56
end	-0.56
believers	-0.56
respective	-0.56
matter	-0.56
dismissing	-0.56
means	-0.56
galileo	-0.55
held	-0.55
happened	-0.55
involving	-0.55
grand	-0.55
together	-0.55
figuring	-0.55
mirror	-0.55
handle	-0.55
atheist	-0.55
insisting	-0.55
thrown	-0.55
nor	-0.55
hominem	-0.55
ever	-0.55
examine	-0.55
argue	-0.55
practices	-0.55
happening	-0.54
conclusive	-0.54
theistic	-0.54
two	-0.54
buddhists	-0.54
attitude	-0.54
empty	-0.54
hitchens	-0.54
explaining	-0.54
holding	-0.54
freedom	-0.54
discussing	-0.54
evaluate	-0.54
adherents	-0.54
destroyed	-0.54
separation	-0.54
somewhere	-0.54
abandoned	-0.54
conflicting	-0.53
recommend	-0.53
though	-0.53
ideals	-0.53
identify	-0.53
medicine	-0.53
consider	-0.53
questioned	-0.53
widely	-0.53
adequate	-0.53
commonly	-0.53
opposite	-0.53
primitive	-0.53
effectively	-0.53
subjectively	-0.53
depends	-0.52
deliberately	-0.52
expressed	-0.52
confirmation	-0.52
start	-0.52
almost	-0.52
pretend	-0.52
however	-0.52
offend	-0.52
explicit	-0.52
define	-0.52
assume	-0.52
over	-0.52
harming	-0.52
equating	-0.52
motive	-0.52
unfortunately	-0.52
connect	-0.52
convenient	-0.52
called	-0.52
backing	-0.52
evident	-0.52
someone	-0.52
watched	-0.52
hole	-0.52
unproven	-0.51
refuting	-0.51
condescending	-0.51
implicit	-0.51
taking	-0.51
ignore	-0.51
healed	-0.51
see	-0.51
ad	-0.51
count	-0.51
hardly	-0.51
hindus	-0.51
worldviews	-0.51
looking	-0.50
disprove	-0.50
anywhere	-0.50
reduce	-0.50
investigating	-0.50
rationale	-0.50
imply	-0.50
varying	-0.50
believed	-0.50
ideological	-0.50
bold	-0.50
examples	-0.50
entirely	-0.50
naturalist	-0.50
denying	-0.50
personally	-0.50
grant	-0.50
get	-0.50
claims	-0.50
lie	-0.50
creationists	-0.50
biggest	-0.49
finding	-0.49
example	-0.49
proving	-0.49
incoherent	-0.49
islam	-0.49
sufficient	-0.49
slightest	-0.49
evaluating	-0.49
established	-0.49
recognize	-0.49
judges	-0.49
denial	-0.49
asserting	-0.49
understand	-0.49
positive	-0.49
european	-0.49
engaging	-0.49
permitted	-0.49
satisfactory	-0.49
orders	-0.49
happens	-0.49
recognizing	-0.49
condemned	-0.48
agnosticism	-0.48
deeply	-0.48
steal	-0.48
treatment	-0.48
africa	-0.48
survey	-0.48
materialist	-0.48
rather	-0.48
incredibly	-0.48
except	-0.48
call	-0.48
combined	-0.48
sexual	-0.48
disbelieve	-0.48
grounds	-0.48
seem	-0.48
label	-0.47
quit	-0.47
attacks	-0.47
believing	-0.47
passive	-0.47
universally	-0.47
couple	-0.47
intellectually	-0.47
connected	-0.47
worldview	-0.47
assholes	-0.47
going	-0.47
punish	-0.47
definition	-0.47
intrinsic	-0.47
drawing	-0.47
causes	-0.47
non-belief	-0.47
clear	-0.47
dismiss	-0.46
fraction	-0.46
root	-0.46
never	-0.46
opinion	-0.46
sentiment	-0.46
philosophies	-0.46
makes	-0.46
smaller	-0.46
dodge	-0.46
slowly	-0.46
suffering	-0.46
whether	-0.46
compelling	-0.46
uncertain	-0.46
insult	-0.46
similarly	-0.46
work	-0.46
beliefs	-0.46
default	-0.46
delusional	-0.46
contrary	-0.45
selfish	-0.45
dominant	-0.45
somehow	-0.45
matters	-0.45
been	-0.45
nowhere	-0.45
popular	-0.45
native	-0.45
uncertainty	-0.45
include	-0.45
state	-0.45
talk	-0.45
tell	-0.45
relativism	-0.45
begin	-0.44
happen	-0.44
faced	-0.44
fighting	-0.44
governments	-0.44
wipe	-0.44
basis	-0.44
required	-0.44
places	-0.44
null	-0.44
merely	-0.44
periods	-0.44
accept	-0.44
non-existence	-0.44
deliberate	-0.44
presenting	-0.44
words	-0.44
exactly	-0.43
word	-0.43
deist	-0.43
seen	-0.43
parts	-0.43
theist	-0.43
nihilism	-0.43
youtube	-0.43
construction	-0.43
silence	-0.43
stand	-0.43
redefining	-0.43
where	-0.43
certainty	-0.43
keeps	-0.43
poll	-0.43
difficulty	-0.43
masses	-0.43
positions	-0.43
existed	-0.43
pantheist	-0.43
planned	-0.43
indicate	-0.43
avoiding	-0.43
granted	-0.43
mixed	-0.43
accepted	-0.43
cell	-0.43
furthermore	-0.43
exact	-0.43
part	-0.42
change	-0.42
demonstrating	-0.42
care	-0.42
disbelief	-0.42
europe	-0.42
questioning	-0.42
set	-0.42
really	-0.42
unfalsifiable	-0.42
clause	-0.42
occurred	-0.42
remove	-0.42
observing	-0.42
asserted	-0.42
lied	-0.42
undermine	-0.42
categories	-0.42
progressive	-0.42
adopt	-0.42
dogma	-0.41
skepticism	-0.41
single	-0.41
diverse	-0.41
harder	-0.41
now	-0.41
appeal	-0.41
insist	-0.41
aka	-0.41
facts	-0.41
certainly	-0.41
forever	-0.41
determination	-0.41
deluded	-0.41
completely	-0.41
demonstrated	-0.41
struggling	-0.41
meaningless	-0.41
violates	-0.41
disproven	-0.41
among	-0.41
identifying	-0.41
defended	-0.41
encountered	-0.41
whereas	-0.41
point	-0.40
convert	-0.40
both	-0.40
sam	-0.40
real	-0.40
ruled	-0.40
describing	-0.40
defined	-0.40
listed	-0.40
french	-0.40
magic	-0.40
acknowledge	-0.40
proved	-0.40
thought	-0.40
motivation	-0.40
select	-0.40
least	-0.39
here	-0.39
traditionally	-0.39
se	-0.39
lean	-0.39
bothered	-0.39
come	-0.39
zero	-0.39
political	-0.39
vs	-0.39
exposed	-0.39
made	-0.39
term	-0.39
stage	-0.39
said	-0.39
occur	-0.39
today	-0.39
british	-0.39
belief	-0.39
empirically	-0.39
concrete	-0.39
asking	-0.39
demonstrable	-0.39
pagans	-0.39
measure	-0.39
measured	-0.39
potentially	-0.38
rejection	-0.38
indication	-0.38
unconvinced	-0.38
unsubstantiated	-0.38
possibly	-0.38
significant	-0.38
examining	-0.38
east	-0.38
had	-0.38
divide	-0.38
saudi	-0.38
includes	-0.38
maybe	-0.38
wild	-0.38
energy	-0.38
disagreed	-0.38
gnosticism	-0.38
probably	-0.38
videos	-0.38
lead	-0.38
backed	-0.38
hanging	-0.38
consensus	-0.38
discern	-0.38
superstition	-0.38
subset	-0.38
proven	-0.38
notion	-0.38
meaning	-0.38
banning	-0.38
better	-0.38
strawman	-0.38
randomly	-0.38
aimed	-0.38
concept	-0.38
passages	-0.37
strong	-0.37
percentage	-0.37
imagining	-0.37
non	-0.37
conclude	-0.37
ages	-0.37
small	-0.37
laughable	-0.37
conservative	-0.37
development	-0.37
statements	-0.37
impression	-0.37
effects	-0.37
subscribe	-0.37
accusation	-0.37
apart	-0.37
epistemological	-0.37
large	-0.37
rooted	-0.37
performing	-0.37
occurs	-0.37
pragmatic	-0.37
yec	-0.37
represents	-0.37
used	-0.36
secular	-0.36
look	-0.36
warrant	-0.36
might	-0.36
institution	-0.36
find	-0.36
wherever	-0.36
definitions	-0.36
removes	-0.36
statement	-0.36
indian	-0.36
relating	-0.36
weapons	-0.36
harris	-0.36
itself	-0.36
suffered	-0.36
absence	-0.36
violate	-0.36
backwards	-0.36
irrelevant	-0.36
ego	-0.36
precedent	-0.36
attack	-0.36
superstitious	-0.36
rational	-0.36
semantics	-0.35
largest	-0.35
convincing	-0.35
spectrum	-0.35
involved	-0.35
verifiable	-0.35
suggest	-0.35
gradually	-0.35
ask	-0.35
round	-0.35
explained	-0.35
hard	-0.35
equivocation	-0.35
textbook	-0.35
already	-0.35
viewpoints	-0.35
resulted	-0.35
burden	-0.35
view	-0.35
correlation	-0.35
conjecture	-0.35
using	-0.35
too	-0.35
shows	-0.35
agreed	-0.35
contradict	-0.35
progression	-0.35
intellectual	-0.34
suspect	-0.34
strongly	-0.34
begging	-0.34
hiding	-0.34
investigate	-0.34
tenets	-0.34
vastly	-0.34
notions	-0.34
etymology	-0.34
observe	-0.34
determine	-0.34
silly	-0.34
acknowledging	-0.34
argued	-0.34
acted	-0.34
rates	-0.34
skeptic	-0.34
wide	-0.34
preach	-0.34
laid	-0.34
everything	-0.34
huge	-0.34
cause	-0.34
verses	-0.34
observed	-0.33
redefine	-0.33
side	-0.33
directed	-0.33
population	-0.33
previously	-0.33
sex	-0.33
shown	-0.33
usage	-0.33
very	-0.33
related	-0.33
dispute	-0.33
rough	-0.33
tiny	-0.33
rightly	-0.33
positively	-0.33
searching	-0.33
scientifically	-0.33
substantial	-0.33
noun	-0.33
pretending	-0.33
thousand	-0.33
terms	-0.33
sample	-0.33
spite	-0.33
veracity	-0.33
bigger	-0.33
american	-0.33
ve	-0.33
use	-0.33
restrict	-0.33
independently	-0.33
truth	-0.32
far	-0.32
synonymous	-0.32
measuring	-0.32
describe	-0.32
supposed	-0.32
pose	-0.32
provide	-0.32
viewpoint	-0.32
appealing	-0.32
homeless	-0.32
increasingly	-0.32
larger	-0.32
hundred	-0.32
india	-0.32
dead	-0.32
dictionaries	-0.32
regarded	-0.32
growth	-0.32
viewed	-0.32
indoctrination	-0.32
scholars	-0.32
despite	-0.32
exists	-0.32
straw	-0.32
measurable	-0.32
during	-0.32
images	-0.31
vast	-0.31
speculation	-0.31
middle	-0.31
constitution	-0.31
largely	-0.31
leads	-0.31
weak	-0.31
circumcision	-0.31
known	-0.31
objective	-0.31
performed	-0.31
repeatedly	-0.31
scriptural	-0.31
represent	-0.31
touched	-0.31
controversial	-0.31
composition	-0.31
remotely	-0.31
rejected	-0.31
refer	-0.31
incorrectly	-0.31
represented	-0.31
analyze	-0.31
demonstration	-0.31
proves	-0.31
communicate	-0.31
israelites	-0.31
worthless	-0.31
willfully	-0.31
actual	-0.31
little	-0.31
exclusive	-0.31
popularity	-0.31
buddhist	-0.30
martin	-0.30
arabia	-0.30
partially	-0.30
atoms	-0.30
verify	-0.30
solid	-0.30
mention	-0.30
consequence	-0.30
myself	-0.30
literally	-0.30
shift	-0.30
genuinely	-0.30
falsify	-0.30
broad	-0.30
useless	-0.30
surprising	-0.30
representative	-0.30
deserving	-0.30
applying	-0.30
enough	-0.30
demonstrates	-0.30
past	-0.30
constitutes	-0.30
apply	-0.30
understood	-0.30
impose	-0.30
assumptions	-0.30
religions	-0.30
philosophically	-0.30
negation	-0.30
result	-0.30
confusing	-0.30
refuted	-0.30
proponents	-0.30
overwhelming	-0.30
uncaused	-0.30
simply	-0.29
critically	-0.29
explanation	-0.29
condemnation	-0.29
indeed	-0.29
reference	-0.29
hoc	-0.29
requires	-0.29
dictionary	-0.29
beginning	-0.29
interested	-0.29
must	-0.29
subjects	-0.29
circles	-0.29
truths	-0.29
referred	-0.29
giving	-0.29
identified	-0.29
times	-0.29
mentioning	-0.29
although	-0.29
imagine	-0.29
referring	-0.29
its	-0.29
examined	-0.29
seems	-0.29
before	-0.29
sick	-0.29
gotten	-0.29
help	-0.28
counter	-0.28
unsure	-0.28
assumption	-0.28
exception	-0.28
i.e	-0.28
relevant	-0.28
direction	-0.28
concluded	-0.28
intuitively	-0.28
sets	-0.28
labor	-0.28
mocking	-0.28
lines	-0.28
beating	-0.28
comes	-0.28
present	-0.28
discuss	-0.28
capable	-0.28
dealt	-0.28
remember	-0.28
south	-0.28
perhaps	-0.28
reasons	-0.28
number	-0.28
affirm	-0.28
sinners	-0.28
expect	-0.28
debated	-0.28
force	-0.28
proposition	-0.28
molecules	-0.28
give	-0.28
contain	-0.27
iron	-0.27
mark	-0.27
concepts	-0.27
presuppositionalism	-0.27
context	-0.27
fine	-0.27
critique	-0.27
ii	-0.27
resolve	-0.27
thus	-0.27
acknowledged	-0.27
misrepresenting	-0.27
precisely	-0.27
major	-0.27
spontaneously	-0.27
contradicted	-0.27
correctly	-0.27
constantly	-0.27
proposing	-0.27
contexts	-0.27
african	-0.27
hospital	-0.27
tested	-0.27
specifically	-0.27
carrying	-0.27
naturalism	-0.27
repeated	-0.27
apologists	-0.27
credence	-0.27
heavy	-0.27
nothingness	-0.27
issue	-0.27
unified	-0.27
weakness	-0.27
each	-0.27
moot	-0.27
lend	-0.27
verified	-0.27
documented	-0.27
forbidden	-0.27
neither	-0.26
presented	-0.26
addition	-0.26
doctors	-0.26
changed	-0.26
official	-0.26
specify	-0.26
enforce	-0.26
briefly	-0.26
ways	-0.26
inclination	-0.26
debating	-0.26
challenges	-0.26
terribly	-0.26
presuppose	-0.26
due	-0.26
metaphysics	-0.26
taoism	-0.26
telling	-0.26
disagreements	-0.26
practically	-0.26
decades	-0.26
80	-0.26
missing	-0.26
arbitrarily	-0.26
adequately	-0.26
whole	-0.26
buddhism	-0.26
list	-0.26
boring	-0.25
event	-0.25
boils	-0.25
rationalism	-0.25
implications	-0.25
grounded	-0.25
desert	-0.25
philosophers	-0.25
practical	-0.25
knowingly	-0.25
finite	-0.25
technical	-0.25
right	-0.25
herring	-0.25
ghosts	-0.25
speculate	-0.25
adding	-0.25
pattern	-0.25
style	-0.25
<URL>	-0.25
<SPECIAL>	-0.25
covers	-0.25
materialism	-0.25
favour	-0.25
connection	-0.25
differences	-0.25
controversy	-0.24
loaded	-0.24
solipsism	-0.24
drugs	-0.24
food	-0.24
learning	-0.24
dictate	-0.24
organs	-0.24
pleading	-0.24
appear	-0.24
unknown	-0.24
host	-0.24
trivial	-0.24
reducing	-0.24
becomes	-0.24
tangible	-0.24
naturalistic	-0.24
detect	-0.24
extremely	-0.24
opinions	-0.24
cult	-0.24
experienced	-0.24
ought	-0.24
easily	-0.24
claimed	-0.24
dismissed	-0.24
degrees	-0.24
ontology	-0.24
checked	-0.24
west	-0.24
attributed	-0.24
impact	-0.23
presupposition	-0.23
vary	-0.23
face	-0.23
suppose	-0.23
actuality	-0.23
amongst	-0.23
resulting	-0.23
starting	-0.23
confirmed	-0.23
problem	-0.23
hide	-0.23
whatever	-0.23
untrue	-0.23
phrase	-0.23
accident	-0.23
train	-0.23
easy	-0.23
purely	-0.23
generic	-0.23
invoke	-0.23
insignificant	-0.23
after	-0.23
iraq	-0.23
trivially	-0.23
witnessed	-0.23
realism	-0.23
measurement	-0.23
personhood	-0.23
broader	-0.23
methodological	-0.22
phenomenon	-0.22
persuasive	-0.22
extra	-0.22
figure	-0.22
hinduism	-0.22
torturing	-0.22
ultimately	-0.22
defining	-0.22
pushing	-0.22
quite	-0.22
motivations	-0.22
sect	-0.22
concerning	-0.22
inconsistency	-0.22
take	-0.22
meanings	-0.22
research	-0.22
cease	-0.22
disproved	-0.22
violated	-0.22
perspective	-0.22
provided	-0.22
redundant	-0.22
sheer	-0.22
portion	-0.22
deduce	-0.22
press	-0.22
naive	-0.22
prominent	-0.22
doubts	-0.21
terminology	-0.21
harm	-0.21
realize	-0.21
empiricism	-0.21
common	-0.21
magically	-0.21
14	-0.21
debunked	-0.21
jumping	-0.21
aspects	-0.21
anyone	-0.21
occasionally	-0.21
primarily	-0.21
regards	-0.21
group	-0.21
chemicals	-0.21
epistemic	-0.21
realistic	-0.21
existence	-0.21
roman	-0.21
particle	-0.21
40	-0.21
along	-0.21
challenge	-0.21
onto	-0.21
medical	-0.21
government	-0.21
reform	-0.21
assumed	-0.21
attempted	-0.21
credible	-0.21
size	-0.21
disagree	-0.21
nowadays	-0.21
observable	-0.21
location	-0.20
christianity	-0.20
child	-0.20
three	-0.20
speaker	-0.20
proofs	-0.20
admits	-0.20
speed	-0.20
vaguely	-0.20
convey	-0.20
shifting	-0.20
applicable	-0.20
move	-0.20
placed	-0.20
realist	-0.20
begins	-0.20
importantly	-0.20
alone	-0.20
issues	-0.20
factual	-0.20
renders	-0.20
everywhere	-0.20
resolved	-0.20
contingent	-0.20
study	-0.20
disorder	-0.20
judged	-0.20
chemical	-0.20
refutation	-0.20
significance	-0.20
chemistry	-0.20
sold	-0.20
falsifiable	-0.20
relevance	-0.20
potential	-0.20
personality	-0.20
history	-0.20
gathered	-0.20
invalidate	-0.20
video	-0.20
isolated	-0.19
tends	-0.19
defines	-0.19
feelings	-0.19
thin	-0.19
percent	-0.19
strikes	-0.19
weaker	-0.19
division	-0.19
therefore	-0.19
carries	-0.19
craig	-0.19
proceed	-0.19
judgment	-0.19
tied	-0.19
factually	-0.19
adopted	-0.19
religiosity	-0.19
90	-0.19
intuitive	-0.19
scheme	-0.19
trend	-0.19
gaps	-0.19
series	-0.19
implies	-0.19
million	-0.19
grasp	-0.19
realized	-0.19
falsified	-0.19
admit	-0.19
weight	-0.18
studied	-0.18
names	-0.18
elements	-0.18
buying	-0.18
countries	-0.18
well	-0.18
bit	-0.18
admitted	-0.18
perspectives	-0.18
contradictory	-0.18
impressive	-0.18
passage	-0.18
epistemology	-0.18
warning	-0.18
virtual	-0.18
confirm	-0.18
obscure	-0.18
notes	-0.18
testable	-0.18
starving	-0.18
absurdity	-0.18
mainstream	-0.18
forums	-0.18
choosing	-0.18
and/or	-0.18
establishing	-0.18
absolutes	-0.18
references	-0.18
debates	-0.18
dies	-0.18
star	-0.18
step	-0.17
unicorns	-0.17
narrow	-0.17
less	-0.17
across	-0.17
inappropriate	-0.17
presumably	-0.17
effect	-0.17
particles	-0.17
interpreting	-0.17
problems	-0.17
regarding	-0.17
exploring	-0.17
time	-0.17
phrases	-0.17
complicated	-0.17
apparent	-0.17
specifics	-0.17
commitment	-0.17
events	-0.17
motives	-0.17
deities	-0.17
simple	-0.17
functionally	-0.17
conflicts	-0.17
differ	-0.17
policy	-0.17
began	-0.17
determining	-0.17
mixing	-0.17
refers	-0.17
defeat	-0.17
wealth	-0.17
found	-0.17
putting	-0.17
main	-0.16
perceived	-0.16
regardless	-0.16
associate	-0.16
areas	-0.16
seemingly	-0.16
weigh	-0.16
orthodoxy	-0.16
foundations	-0.16
area	-0.16
intention	-0.16
cultural	-0.16
comprehend	-0.16
changing	-0.16
lane	-0.16
presupposes	-0.16
sects	-0.16
theologians	-0.16
sole	-0.16
benefits	-0.16
versus	-0.16
encouraged	-0.16
revelations	-0.16
individual	-0.16
once	-0.16
citing	-0.16
admitting	-0.16
process	-0.16
formulated	-0.16
composed	-0.16
rise	-0.16
arab	-0.16
thinkers	-0.15
necessary	-0.15
heavily	-0.15
applies	-0.15
declared	-0.15
prior	-0.15
language	-0.15
solved	-0.15
values	-0.15
critical	-0.15
poorly	-0.15
stated	-0.15
infer	-0.15
region	-0.15
destruction	-0.15
reject	-0.15
activities	-0.15
relative	-0.15
identical	-0.15
safely	-0.15
sciences	-0.15
phenomena	-0.15
included	-0.15
psychological	-0.15
latter	-0.15
historians	-0.15
historically	-0.15
self-evident	-0.15
true	-0.15
massive	-0.15
exceptions	-0.15
details	-0.15
calling	-0.15
learn	-0.15
violating	-0.15
abusive	-0.15
uneducated	-0.15
equation	-0.15
fallacious	-0.15
amount	-0.15
directly	-0.15
hypothetically	-0.15
answer	-0.15
overly	-0.15
normative	-0.15
monsters	-0.15
subject	-0.15
accidentally	-0.15
deism	-0.15
interfere	-0.15
need	-0.15
movie	-0.15
reverse	-0.14
centuries	-0.14
block	-0.14
men	-0.14
council	-0.14
coming	-0.14
uses	-0.14
standpoint	-0.14
accordingly	-0.14
starts	-0.14
objectivity	-0.14
aspect	-0.14
miracles	-0.14
clue	-0.14
damage	-0.14
field	-0.14
central	-0.14
ethics	-0.14
physicalism	-0.14
beside	-0.14
biased	-0.14
metaphysical	-0.14
exclude	-0.14
slightly	-0.14
faster	-0.14
articulate	-0.14
causality	-0.14
core	-0.14
latin	-0.14
arises	-0.14
discussed	-0.14
appeals	-0.14
necessarily	-0.14
leaving	-0.14
yes	-0.14
regress	-0.14
first	-0.14
bird	-0.14
factor	-0.14
bearing	-0.14
opponents	-0.14
hungry	-0.14
rare	-0.13
sequence	-0.13
hence	-0.13
century	-0.13
mathematically	-0.13
public	-0.13
fool	-0.13
minute	-0.13
chain	-0.13
goalposts	-0.13
philosophical	-0.13
while	-0.13
suit	-0.13
confused	-0.13
seeking	-0.13
deals	-0.13
purposefully	-0.13
causation	-0.13
fantasy	-0.13
preclude	-0.13
encourage	-0.13
nearly	-0.13
materialistic	-0.13
becoming	-0.13
succeed	-0.13
contains	-0.13
standards	-0.13
fight	-0.13
bother	-0.13
crux	-0.12
fashion	-0.12
conceptions	-0.12
u	-0.12
realization	-0.12
avoided	-0.12
pleasant	-0.12
crucifixion	-0.12
krauss	-0.12
crucial	-0.12
mix	-0.12
qualify	-0.12
99	-0.12
wondering	-0.12
entertain	-0.12
arrive	-0.12
leprechauns	-0.12
simplistic	-0.12
g	-0.12
flood	-0.12
t	-0.12
conflating	-0.12
gather	-0.12
selling	-0.12
tautology	-0.12
lack	-0.12
norms	-0.12
influential	-0.12
affairs	-0.12
rigorous	-0.12
assumes	-0.12
collapse	-0.12
worry	-0.12
pure	-0.12
doctrines	-0.12
academia	-0.12
five	-0.12
reliably	-0.11
space	-0.11
big	-0.11
ie	-0.11
back	-0.11
v	-0.11
highly	-0.11
spacetime	-0.11
importance	-0.11
discover	-0.11
fairly	-0.11
test	-0.11
drawn	-0.11
moreover	-0.11
depend	-0.11
raises	-0.11
late	-0.11
experts	-0.11
disappear	-0.11
meaningfully	-0.11
foolish	-0.11
mentioned	-0.11
structure	-0.11
empirical	-0.11
equally	-0.11
struck	-0.11
motion	-0.11
dragons	-0.11
touch	-0.11
immune	-0.11
successfully	-0.11
levels	-0.10
indicated	-0.10
billions	-0.10
ambiguous	-0.10
cognitive	-0.10
axiomatic	-0.10
repeatable	-0.10
d	-0.10
rejecting	-0.10
principle	-0.10
axiom	-0.10
subjectivity	-0.10
judgments	-0.10
evangelical	-0.10
contention	-0.10
addressing	-0.10
biases	-0.10
basics	-0.10
properly	-0.10
entails	-0.10
b	-0.10
nietzsche	-0.10
numbers	-0.10
gun	-0.10
absent	-0.10
futile	-0.10
pointed	-0.10
meditation	-0.10
paradigm	-0.10
frame	-0.10
suddenly	-0.10
conceptual	-0.10
spiritually	-0.10
vague	-0.10
category	-0.10
u.s	-0.10
definitive	-0.10
eastern	-0.10
300	-0.10
states	-0.10
infinite	-0.10
devil	-0.10
passing	-0.09
semantic	-0.09
particularly	-0.09
x	-0.09
needs	-0.09
jobs	-0.09
besides	-0.09
expanded	-0.09
behave	-0.09
expected	-0.09
dawkins	-0.09
positing	-0.09
y	-0.09
manipulate	-0.09
developed	-0.09
implication	-0.09
protestants	-0.09
according	-0.09
miracle	-0.09
rabbis	-0.09
judaism	-0.09
0	-0.09
independent	-0.09
significantly	-0.09
contend	-0.09
should	-0.09
competing	-0.09
intent	-0.09
restricted	-0.09
expectation	-0.09
differently	-0.09
tests	-0.09
reasonably	-0.09
overcome	-0.09
expansion	-0.09
important	-0.09
applied	-0.09
put	-0.09
naturally	-0.09
somewhat	-0.08
extent	-0.08
rituals	-0.08
formed	-0.08
mere	-0.08
dr	-0.08
basic	-0.08
frankly	-0.08
decade	-0.08
conveniently	-0.08
faiths	-0.08
proper	-0.08
altered	-0.08
moved	-0.08
situations	-0.08
branch	-0.08
six	-0.08
helped	-0.08
denominations	-0.08
id	-0.08
supported	-0.08
propositions	-0.08
scientology	-0.08
reincarnation	-0.08
monster	-0.08
founded	-0.08
c	-0.08
quoting	-0.08
rome	-0.08
personal	-0.08
takes	-0.08
distance	-0.08
patterns	-0.08
egyptian	-0.08
sunni	-0.08
reduces	-0.08
z	-0.08
sum	-0.08
homo	-0.08
referenced	-0.08
accepting	-0.08
settled	-0.08
constructed	-0.08
marriages	-0.07
range	-0.07
four	-0.07
length	-0.07
60	-0.07
observer	-0.07
2000	-0.07
atom	-0.07
usual	-0.07
detail	-0.07
100	-0.07
links	-0.07
encounter	-0.07
depression	-0.07
territory	-0.07
framework	-0.07
english	-0.07
experiments	-0.07
processes	-0.07
mover	-0.07
behaviors	-0.07
statistical	-0.07
commands	-0.07
taken	-0.07
testing	-0.07
static	-0.07
respected	-0.07
p	-0.07
fairy	-0.07
instantly	-0.07
fail	-0.07
altogether	-0.07
spaghetti	-0.07
worth	-0.07
intentions	-0.07
fields	-0.07
temporal	-0.07
inevitable	-0.07
studying	-0.07
richard	-0.07
q	-0.07
endless	-0.07
mathematics	-0.07
resist	-0.07
existential	-0.07
cultures	-0.07
radically	-0.07
sides	-0.07
components	-0.07
pressure	-0.07
educate	-0.07
broadly	-0.07
stronger	-0.07
hypothesis	-0.07
become	-0.07
entail	-0.07
theorem	-0.06
non-existent	-0.06
singularity	-0.06
per	-0.06
debatable	-0.06
honestly	-0.06
alleged	-0.06
psychology	-0.06
fairies	-0.06
plane	-0.06
rhetoric	-0.06
approaches	-0.06
translate	-0.06
apologetic	-0.06
reactions	-0.06
catholicism	-0.06
behind	-0.06
sep	-0.06
solely	-0.06
heat	-0.06
difficult	-0.06
recorded	-0.06
speak	-0.06
topic	-0.06
greater	-0.06
snakes	-0.06
origin	-0.06
supernatural	-0.06
angle	-0.06
universe	-0.06
axioms	-0.06
70	-0.06
granting	-0.05
demons	-0.05
structures	-0.05
lazy	-0.05
lt	-0.05
math	-0.05
infinity	-0.05
explains	-0.05
scrutiny	-0.05
track	-0.05
invoking	-0.05
folk	-0.05
necessity	-0.05
inform	-0.05
wave	-0.05
conform	-0.05
risk	-0.05
layers	-0.05
originated	-0.05
resurrected	-0.05
providing	-0.05
theological	-0.05
suggestion	-0.05
message	-0.05
dennett	-0.05
rocks	-0.05
carrier	-0.05
ark	-0.05
restrictions	-0.05
note	-0.05
unaware	-0.05
bounds	-0.05
away	-0.05
remains	-0.05
roughly	-0.05
application	-0.05
generalization	-0.05
ice	-0.04
wasting	-0.04
founding	-0.04
peoples	-0.04
dark	-0.04
depending	-0.04
around	-0.04
lab	-0.04
removing	-0.04
inclined	-0.04
surrounding	-0.04
absolute	-0.04
neurons	-0.04
results	-0.04
occurring	-0.04
hindu	-0.04
object	-0.04
healing	-0.04
admittedly	-0.04
wlc	-0.04
principles	-0.04
expertise	-0.04
forces	-0.04
steps	-0.04
mathematical	-0.04
cosmological	-0.04
systems	-0.04
assigned	-0.04
talked	-0.04
go	-0.04
jew	-0.04
negate	-0.04
souls	-0.04
fundamental	-0.04
imagined	-0.04
appearing	-0.04
component	-0.04
empire	-0.04
suggests	-0.03
anyway	-0.03
entered	-0.03
platonic	-0.03
500	-0.03
studies	-0.03
every	-0.03
rewarded	-0.03
circumstance	-0.03
trace	-0.03
2	-0.03
roots	-0.03
space-time	-0.03
linking	-0.03
items	-0.03
direct	-0.03
demon	-0.03
moves	-0.03
derive	-0.03
institutions	-0.03
hebrew	-0.03
search	-0.03
foundational	-0.03
alter	-0.03
observation	-0.03
later	-0.03
dimension	-0.03
3	-0.03
early	-0.03
amounts	-0.03
greeks	-0.03
fetus	-0.03
reading	-0.03
cosmic	-0.03
protestant	-0.03
unmoved	-0.03
forum	-0.03
lists	-0.03
constructs	-0.03
advance	-0.03
contingency	-0.02
academic	-0.02
examination	-0.02
danger	-0.02
element	-0.02
symbols	-0.02
push	-0.02
professional	-0.02
generations	-0.02
keep	-0.02
presents	-0.02
focus	-0.02
abandon	-0.02
bang	-0.02
abrahamic	-0.02
ago	-0.02
producing	-0.02
equivalent	-0.02
imaginary	-0.02
4	-0.02
definite	-0.02
fate	-0.02
misleading	-0.02
indicates	-0.02
audience	-0.02
cited	-0.02
intuitions	-0.02
allowed	-0.02
kant	-0.02
pushed	-0.02
ex	-0.02
wiped	-0.02
commanded	-0.02
apologist	-0.02
1000	-0.02
formulation	-0.02
mistaken	-0.02
reflect	-0.02
era	-0.02
resurrection	-0.02
strictly	-0.02
dualism	-0.02
crucified	-0.02
extension	-0.01
methodology	-0.01
cast	-0.01
darkness	-0.01
plantinga	-0.01
floating	-0.01
setting	-0.01
de	-0.01
goes	-0.01
biology	-0.01
long	-0.01
unicorn	-0.01
holds	-0.01
validity	-0.01
abiogenesis	-0.01
mortal	-0.01
priori	-0.01
site	-0.01
expanding	-0.01
psr	-0.01
e	-0.01
1	-0.01
knew	-0.01
figures	-0.01
heaven	-0.01
fundamentally	-0.01
sinning	-0.01
regard	-0.01
amp	-0.01
external	-0.01
ship	-0.01
mainly	-0.01
flaws	-0.01
legend	-0.01
200	-0.01
between	-0.01
want	-0.01
lightning	-0.01
outside	-0.01
mormonism	-0.01
cycle	-0.01
timeline	-0.01
years	-0.01
scientific	-0.00
western	-0.00
discovering	-0.00
lacks	-0.00
divided	-0.00
minds	-0.00
n	-0.00
disappointed	-0.00
ontological	-0.00
eventually	-0.00
dropped	-0.00
focused	-0.00
aristotelian	-0.00
extraordinary	-0.00
busy	-0.00
falls	-0.00
fossils	-0.00
kalam	-0.00
reports	-0.00
verification	-0.00
abstract	-0.00
into	-0.00
legitimate	-0.00
