inspiring	3.34
welcome	3.25
gorgeous	3.24
excellent	3.24
wishes	3.22
congratulations	3.20
beautiful	3.19
great	3.18
song	3.09
handsome	3.09
luck	3.05
enjoyed	3.01
good	2.99
glad	2.99
congrats	2.96
sweet	2.96
cheers	2.90
cute	2.89
hugs	2.85
buddy	2.83
wow	2.83
aww	2.81
beaches	2.81
bro	2.80
recommend	2.80
bud	2.77
dang	2.76
brilliant	2.76
adorable	2.75
10/10	2.75
thanks	2.74
hope	2.74
man	2.73
mate	2.69
aw	2.68
hot	2.65
birthday	2.63
wishing	2.62
nightlife	2.61
talented	2.60
such	2.59
haha	2.59
outdoors	2.58
wonderful	2.58
sharing	2.57
fellow	2.56
hey	2.56
guitar	2.55
singer	2.55
sexy	2.55
plus	2.54
doin	2.54
engagement	2.53
dude	2.51
thank	2.48
lovely	2.48
soundtrack	2.46
hi	2.44
ha	2.41
nearby	2.40
music	2.40
neat	2.39
sir	2.39
cool	2.37
celebrate	2.37
sing	2.36
xd	2.36
pros	2.36
chill	2.35
fun	2.35
encouraging	2.33
listen	2.33
woof	2.32
kudos	2.32
sorry	2.32
story	2.31
voice	2.31
damn	2.30
lol	2.29
woo	2.28
fall	2.28
lt	2.28
kisses	2.28
p	2.28
christmas	2.27
hello	2.27
celebrated	2.27
yay	2.26
proud	2.26
smile	2.26
btw	2.24
kidding	2.23
hug	2.22
yeah	2.21
watched	2.21
seriousness	2.21
21st	2.20
ya	2.20
wish	2.19
favorite	2.19
solid	2.18
movie	2.17
friendly	2.17
admire	2.17
whoa	2.17
unique	2.16
thick	2.16
finished	2.15
weather	2.15
hahaha	2.11
enjoy	2.10
kinky	2.08
holy	2.08
affordable	2.07
loving	2.06
trailer	2.06
played	2.05
chin	2.05
bros	2.05
um	2.04
winter	2.04
omg	2.03
fancy	2.03
ah	2.03
loss	2.02
yes	2.02
clever	2.02
anniversary	2.02
oh	2.01
mountains	2.00
warm	1.99
wedding	1.98
successful	1.98
happily	1.98
delicious	1.98
tasty	1.97
opera	1.97
tips	1.96
hiking	1.96
relaxed	1.95
songs	1.95
appreciate	1.94
writer	1.94
alright	1.94
supportive	1.94
ur	1.93
goodness	1.93
series	1.93
big	1.92
decent	1.92
needing	1.91
stoked	1.91
trails	1.91
brave	1.90
gaybro	1.89
impressive	1.89
incredible	1.89
courage	1.89
tho	1.88
favourite	1.88
golden	1.88
ama	1.87
liked	1.86
puppy	1.86
worries	1.86
ok	1.85
album	1.85
figuring	1.84
endings	1.84
outdoor	1.83
character	1.83
nah	1.83
known	1.82
miss	1.82
props	1.82
mine	1.81
nicer	1.80
lyrics	1.80
sincerely	1.80
amazingly	1.80
amen	1.80
highly	1.78
cuddle	1.78
photo	1.78
butt	1.78
perfect	1.78
joy	1.78
brunch	1.77
edit	1.75
gosh	1.75
beard	1.75
dammit	1.74
listened	1.74
check	1.74
singing	1.74
happiness	1.73
missed	1.73
woah	1.72
laughed	1.71
beach	1.71
piano	1.71
reporting	1.70
checking	1.70
forgot	1.69
classical	1.69
brah	1.67
dogs	1.67
suggestion	1.65
dog	1.65
bald	1.65
charming	1.64
confident	1.64
park	1.64
o_o	1.64
aussie	1.64
noted	1.63
secure	1.63
holiday	1.63
username	1.62
play	1.62
passion	1.61
exciting	1.60
enjoys	1.59
indeed	1.59
saw	1.58
skiing	1.58
powerful	1.58
op	1.58
single	1.58
advice	1.57
restaurants	1.57
uh	1.57
respect	1.56
thankful	1.56
trust	1.56
book	1.55
camping	1.55
smart	1.55
helpful	1.54
nicely	1.53
dance	1.53
pop	1.53
inspiration	1.53
buds	1.52
ahh	1.52
looks	1.52
respected	1.52
friend	1.52
preferred	1.51
listening	1.51
rap	1.50
musical	1.50
u	1.50
oops	1.50
fulfilling	1.49
throughout	1.49
some	1.48
neighborhoods	1.48
dark	1.48
swoon	1.48
gf	1.47
familiar	1.47
photos	1.47
summer	1.47
r/lgbt	1.47
favorites	1.46
thats	1.46
pls	1.46
r/askgaybros	1.46
cake	1.46
albums	1.46
hehe	1.46
netflix	1.45
hills	1.45
shirtless	1.45
brought	1.45
checked	1.45
rooting	1.45
parks	1.45
mmm	1.45
tourist	1.45
trail	1.45
thanksgiving	1.44
compatible	1.44
recommended	1.44
buff	1.44
artists	1.43
picture	1.43
appreciated	1.43
pet	1.42
movies	1.41
game	1.41
biking	1.41
lucky	1.41
accepted	1.40
genre	1.40
promise	1.40
accent	1.40
band	1.40
season	1.39
bet	1.39
watching	1.39
words	1.38
another	1.38
films	1.38
pic	1.38
eyes	1.38
understood	1.38
r/ainbow	1.38
hairy	1.38
playing	1.38
reply	1.37
yea	1.37
finding	1.37
p.s	1.37
freaking	1.37
radio	1.37
cats	1.37
well	1.37
hilarious	1.37
suggestions	1.36
concert	1.36
dinner	1.36
truly	1.36
recommendations	1.36
vice	1.35
episode	1.35
y'all	1.35
fiance	1.35
blonde	1.35
theater	1.35
documentary	1.34
lmao	1.34
o	1.34
hah	1.34
games	1.34
hear	1.34
upvote	1.34
belongs	1.34
lots	1.34
looked	1.34
watch	1.33
face	1.33
selfies	1.33
sunny	1.33
seriously	1.32
coworker	1.32
ocean	1.32
yep	1.32
tradition	1.32
cat	1.32
fishing	1.31
versa	1.31
tv	1.31
exploring	1.31
input	1.30
artist	1.30
nude	1.30
wat	1.30
friends	1.30
tall	1.29
century	1.29
books	1.29
muscular	1.28
bars	1.28
novel	1.28
haircut	1.28
family	1.28
an	1.27
ridiculously	1.27
pictures	1.27
hmmm	1.27
here	1.27
mild	1.27
heh	1.27
archer	1.26
hike	1.26
teams	1.26
generic	1.26
happier	1.26
beast	1.26
plans	1.26
fashioned	1.26
welcoming	1.26
ceremony	1.25
horror	1.25
thrones	1.25
info	1.25
recipe	1.25
quality	1.24
ill	1.24
fuckin	1.24
exceptions	1.24
hobby	1.23
mountain	1.23
cooking	1.23
everywhere	1.23
plenty	1.23
pics	1.23
cheap	1.23
league	1.23
str8	1.23
legit	1.22
pie	1.22
holidays	1.22
hockey	1.22
attractive	1.22
cared	1.22
football	1.22
proper	1.22
swimming	1.22
yesterday	1.21
arrow	1.21
knew	1.21
obsessed	1.21
canadian	1.21
halloween	1.21
soccer	1.21
shops	1.20
team	1.20
anytime	1.20
epic	1.20
insanely	1.20
accomplished	1.20
chapter	1.19
springs	1.19
marvel	1.19
rugby	1.19
bands	1.19
ripped	1.19
spring	1.18
video	1.18
sports	1.18
plays	1.18
beards	1.18
basketball	1.18
seasons	1.17
thai	1.17
dat	1.17
uniform	1.17
hobbies	1.16
wild	1.16
tower	1.16
episodes	1.16
former	1.16
climbing	1.16
players	1.15
bourbon	1.15
guy	1.15
insight	1.15
today	1.15
relaxing	1.15
busy	1.15
setup	1.15
boy	1.15
feedback	1.14
sport	1.14
spots	1.14
accents	1.14
r	1.13
resident	1.13
writing	1.13
celebrating	1.13
fiction	1.13
fantasy	1.13
cafe	1.13
cuddling	1.13
shameless	1.12
following	1.12
pokemon	1.12
player	1.12
x-men	1.12
folk	1.12
coach	1.12
clubs	1.12
ooh	1.11
adventure	1.11
yup	1.11
inclusive	1.11
cover	1.11
baseball	1.11
l	1.10
crowd	1.10
chubby	1.10
upfront	1.10
painting	1.10
uni	1.10
novels	1.10
television	1.09
brazilian	1.09
classy	1.09
presents	1.09
flair	1.09
excited	1.09
film	1.09
shows	1.08
selfie	1.08
finals	1.08
definitely	1.08
de	1.08
binge	1.08
hair	1.07
gaybros	1.07
consistent	1.07
food	1.07
boo	1.07
hella	1.07
ftfy	1.07
smooth	1.07
buddies	1.06
belong	1.06
weekend	1.06
electronic	1.06
ouch	1.06
river	1.06
australian	1.06
meals	1.06
january	1.05
ears	1.05
comic	1.05
cheer	1.05
proposed	1.05
forest	1.05
entire	1.05
talent	1.05
invited	1.05
trips	1.05
easiest	1.04
steve	1.04
tune	1.04
tennis	1.04
babies	1.04
grandparents	1.04
juice	1.04
throwaway	1.04
comics	1.04
mates	1.03
paris	1.03
marathon	1.03
writers	1.03
bf	1.03
fixed	1.03
storm	1.03
restaurant	1.03
neighborhood	1.03
1st	1.03
coworkers	1.03
advise	1.03
steak	1.02
comfortable	1.02
pieces	1.02
facial	1.02
newer	1.02
legs	1.02
hip	1.02
art	1.02
tracks	1.02
e	1.02
helps	1.02
hop	1.02
gif	1.02
roommate	1.01
reading	1.01
jealous	1.01
actors	1.01
electric	1.01
genius	1.01
nights	1.01
riding	1.01
umm	1.01
released	1.00
worthy	1.00
max	1.00
both	1.00
spaces	0.99
punk	0.99
vodka	0.99
second	0.99
cook	0.99
new	0.99
join	0.99
alternative	0.99
bbq	0.99
sayin	0.99
kissed	0.98
roommates	0.98
short	0.98
r/gaybros	0.98
voices	0.98
t	0.98
checks	0.98
crossed	0.98
version	0.98
whiskey	0.98
famous	0.98
create	0.98
venue	0.97
fan	0.97
star	0.97
compliment	0.97
actor	0.97
places	0.97
28	0.97
subreddit	0.97
sub	0.97
nowadays	0.97
scientists	0.97
during	0.97
wolf	0.97
naked	0.96
castro	0.96
ex	0.96
hands	0.96
coast	0.96
relatives	0.96
shaved	0.95
pilot	0.95
frat	0.95
hmm	0.95
sat	0.95
gt	0.95
stories	0.95
def	0.95
craft	0.95
our	0.95
characters	0.95
slept	0.94
leagues	0.94
ski	0.94
kiss	0.94
subreddits	0.94
traveling	0.94
crap	0.94
hat	0.93
vibe	0.93
im	0.93
island	0.93
husband	0.93
evening	0.93
lake	0.93
26	0.93
future	0.93
pale	0.93
sunday	0.93
posts	0.93
dudes	0.93
f	0.92
posted	0.92
king	0.92
posting	0.92
grandmother	0.92
full	0.92
hbo	0.92
rock	0.92
parties	0.92
festival	0.92
bob	0.92
flag	0.92
32	0.91
classic	0.91
packed	0.91
y	0.91
melbourne	0.91
jk	0.91
smash	0.91
mother	0.91
remembered	0.91
stranger	0.91
july	0.91
cousin	0.91
mom	0.90
trim	0.90
girlfriend	0.90
22	0.90
weekends	0.90
mod	0.90
most	0.90
orange	0.90
obligatory	0.90
aunt	0.90
subs	0.90
ian	0.90
boyfriend	0.89
mike	0.89
grandma	0.89
metal	0.89
cousins	0.89
hero	0.89
recommendation	0.89
third	0.89
sidebar	0.89
dad	0.89
continued	0.89
rome	0.89
hahahaha	0.89
dragon	0.89
sister	0.88
father	0.88
seen	0.88
accepting	0.88
hood	0.88
show	0.88
tag	0.88
solo	0.88
inspired	0.88
theatre	0.87
body	0.87
finish	0.87
post	0.87
gaga	0.87
commenting	0.87
passionate	0.87
sleeping	0.87
square	0.87
wife	0.87
holding	0.87
neck	0.87
scene	0.87
desert	0.87
club	0.87
west	0.87
cream	0.86
stream	0.86
bubble	0.86
recently	0.86
mum	0.86
afternoon	0.86
stephen	0.86
ol	0.85
gift	0.85
hill	0.85
smiling	0.85
early	0.85
sky	0.85
24	0.85
nose	0.85
muscles	0.85
fuck	0.85
name/username	0.84
21	0.84
ever	0.84
april	0.84
mods	0.84
acted	0.84
represent	0.84
username/name	0.84
british	0.84
library	0.83
youtube	0.83
2-3	0.83
ring	0.83
close	0.83
boyfriends	0.83
hopefully	0.83
tea	0.83
journey	0.83
comedy	0.83
content	0.83
la	0.83
respectful	0.83
manhattan	0.83
helped	0.83
space	0.83
day	0.83
group	0.83
creative	0.82
23	0.82
quiet	0.82
breakfast	0.82
possible	0.82
taylor	0.82
pussy	0.82
fans	0.82
skinny	0.82
semester	0.82
thread	0.82
extended	0.82
travelling	0.82
home	0.82
batman	0.82
amp	0.81
repeat	0.81
4th	0.81
removed	0.81
her	0.81
stable	0.81
parents	0.80
grill	0.80
given	0.80
caring	0.80
gentleman	0.80
golf	0.80
machine	0.80
med	0.80
las	0.80
honesty	0.80
sun	0.80
snow	0.80
grandfather	0.80
sized	0.80
c	0.80
thin	0.80
fdf	0.79
spelling	0.79
graduate	0.79
themed	0.79
wished	0.79
dated	0.79
heads	0.79
rings	0.79
ate	0.79
lover	0.79
anyway	0.79
climb	0.78
his	0.78
woke	0.78
union	0.78
trees	0.78
march	0.78
perspective	0.78
location	0.78
meetups	0.78
nfl	0.78
ultimate	0.78
bear	0.78
girlfriends	0.78
athletic	0.78
partying	0.77
cherry	0.77
planned	0.77
users	0.77
tough	0.77
meal	0.77
eh	0.77
thighs	0.77
asleep	0.77
talked	0.77
frank	0.77
ryan	0.76
peace	0.76
ball	0.76
brother	0.76
instagram	0.76
etc	0.76
bar	0.76
assure	0.76
first	0.76
crush	0.76
moon	0.76
atmosphere	0.76
long	0.76
uncle	0.76
ta	0.76
answering	0.75
gods	0.75
blast	0.75
already	0.75
introduced	0.75
cast	0.75
periods	0.75
update	0.75
huh	0.75
graduating	0.75
material	0.75
member	0.75
mr	0.75
london	0.75
beats	0.75
huge	0.75
arts	0.74
x	0.74
win	0.74
pool	0.74
naturally	0.74
saturday	0.74
paul	0.74
affection	0.74
pork	0.74
rest	0.74
sisters	0.74
alive	0.74
noticed	0.74
drinks	0.74
told	0.74
dive	0.74
midnight	0.74
picked	0.74
link	0.73
vegas	0.73
halfway	0.73
appropriate	0.73
east	0.73
ginger	0.73
fwb	0.73
friday	0.73
morning	0.73
karma	0.73
berlin	0.73
vancouver	0.73
channel	0.73
santa	0.73
cooked	0.73
hoping	0.72
alex	0.72
fingers	0.72
october	0.72
threads	0.72
reference	0.72
smith	0.72
k	0.72
alone	0.72
lunch	0.72
scenes	0.72
mutual	0.71
shaving	0.71
though	0.71
headed	0.71
shout	0.71
fourth	0.71
g	0.71
read	0.71
regrets	0.71
phoenix	0.71
chicken	0.71
she	0.70
final	0.70
reaching	0.70
bike	0.70
reminder	0.70
beer	0.70
boys	0.70
typing	0.70
occasional	0.70
skin	0.70
anyways	0.70
chest	0.70
professor	0.70
pm	0.70
named	0.70
finally	0.70
prime	0.70
frequent	0.70
mac	0.70
irish	0.70
release	0.70
drank	0.70
gay-friendly	0.70
da	0.69
monday	0.69
fascinating	0.69
ice	0.69
bed	0.69
senior	0.69
north	0.69
surfing	0.69
em	0.69
valley	0.69
fraternity	0.68
found	0.68
apologies	0.68
guys	0.68
brown	0.68
night	0.68
los	0.68
couch	0.68
waited	0.68
graduated	0.68
closest	0.68
wake	0.68
childhood	0.68
boom	0.68
openly	0.67
sons	0.67
role	0.67
junior	0.67
village	0.67
models	0.67
cons	0.67
tattoo	0.67
american	0.67
confirm	0.67
lips	0.67
woman	0.67
podcast	0.67
performance	0.67
furry	0.67
grabbed	0.67
wars	0.67
siblings	0.67
2014	0.67
june	0.66
pratt	0.66
vacation	0.66
baby	0.66
neighbor	0.66
arms	0.66
curiosity	0.66
clear	0.66
festivals	0.66
august	0.66
whom	0.66
ps	0.66
whole	0.66
options	0.66
19	0.66
internet	0.66
opening	0.66
board	0.66
easy	0.65
coffee	0.65
sandwich	0.65
break	0.65
calgary	0.65
yo	0.65
29	0.65
slim	0.65
broke	0.65
went	0.65
chick	0.65
31	0.65
certain	0.65
improved	0.65
nine	0.64
dear	0.64
adventures	0.64
job	0.64
grammar	0.64
together	0.64
campus	0.64
13	0.64
wise	0.64
co-workers	0.64
turkey	0.64
dropped	0.64
nsfw	0.64
every	0.64
cheated	0.64
27	0.64
commented	0.64
browsing	0.64
angeles	0.64
divorced	0.64
write	0.64
fap	0.63
visited	0.63
nerd	0.63
offers	0.63
meat	0.63
arm	0.63
tight	0.63
politically	0.63
3rd	0.63
shape	0.63
falls	0.63
thursday	0.63
soda	0.63
finishing	0.63
wa	0.63
many	0.63
experience	0.63
burgers	0.62
teen	0.62
lately	0.62
intimate	0.62
razor	0.62
mark	0.62
woods	0.62
camera	0.62
reddit	0.62
near	0.62
girl	0.62
road	0.62
met	0.62
multiple	0.62
place	0.62
links	0.62
created	0.62
ally	0.62
name	0.62
cable	0.62
present	0.62
meetup	0.62
marks	0.61
each	0.61
dialogue	0.61
russian	0.61
fell	0.61
offense	0.61
red	0.61
symbol	0.61
mobile	0.61
consideration	0.61
different	0.61
france	0.61
tomorrow	0.61
competitive	0.61
beers	0.61
kissing	0.60
bake	0.60
september	0.60
moderation	0.60
came	0.60
february	0.60
25	0.60
locations	0.60
relationship	0.60
uk	0.60
running	0.60
round	0.60
pound	0.60
jump	0.60
shop	0.60
downtown	0.60
waiting	0.60
events	0.60
italian	0.60
december	0.60
applications	0.60
33	0.60
details	0.60
shave	0.60
miami	0.59
wrapped	0.59
chinese	0.59
tickets	0.59
cried	0.59
digital	0.59
mall	0.59
dish	0.59
heat	0.59
absolutely	0.59
fitting	0.59
entertaining	0.59
author	0.59
fb	0.59
offer	0.59
briefs	0.59
trip	0.59
patrick	0.58
18	0.58
sydney	0.58
wave	0.58
grant	0.58
piece	0.58
muscle	0.58
fashion	0.58
liquor	0.58
20	0.58
healthy	0.58
gin	0.58
plug	0.58
visiting	0.58
november	0.58
fallen	0.58
dc	0.58
david	0.58
breed	0.58
spoke	0.58
thousands	0.58
5th	0.58
crushes	0.58
england	0.58
joking	0.58
heading	0.57
fist	0.57
sitting	0.57
called	0.57
diverse	0.57
videos	0.57
sea	0.57
sum	0.57
jack	0.57
large	0.57
countless	0.57
account	0.57
shoulders	0.57
pillow	0.57
via	0.57
technology	0.57
experiences	0.57
hardcore	0.57
winning	0.57
bright	0.57
response	0.57
few	0.57
realized	0.57
texted	0.57
tip	0.57
shall	0.57
environment	0.56
eagle	0.56
native	0.56
stage	0.56
gave	0.56
messaged	0.56
other	0.56
blue	0.56
st	0.56
regular	0.56
drawing	0.56
hotel	0.56
medium	0.56
wondered	0.56
calm	0.56
since	0.56
korean	0.56
cup	0.56
gone	0.55
lord	0.55
burger	0.55
pub	0.55
eat	0.55
freshman	0.55
letter	0.55
amsterdam	0.55
sec	0.55
cards	0.55
b	0.55
shown	0.55
candy	0.55
wtf	0.55
cs	0.55
abroad	0.55
small	0.55
swim	0.55
sauce	0.55
months	0.54
2015	0.54
practice	0.54
age	0.54
lemon	0.54
strong	0.54
sigh	0.54
snapchat	0.54
one	0.54
garden	0.54
pink	0.54
captain	0.54
stayed	0.53
similar	0.53
potential	0.53
deleted	0.53
taken	0.53
plane	0.53
green	0.53
costume	0.53
walked	0.53
dig	0.53
daughter	0.53
rub	0.53
distance	0.53
pages	0.53
imgur	0.53
add	0.53
adam	0.53
string	0.53
moving	0.53
foods	0.53
had	0.53
wednesday	0.53
fits	0.53
soon	0.53
designer	0.53
ale	0.53
minneapolis	0.53
wine	0.53
tuesday	0.53
part	0.52
card	0.52
partner	0.52
capital	0.52
neighbors	0.52
sleep	0.52
week	0.52
spain	0.52
friendship	0.52
facebook	0.52
grand	0.52
colors	0.52
while	0.52
netherlands	0.52
production	0.52
hunting	0.52
two	0.52
explore	0.51
year	0.51
apartment	0.51
tons	0.51
last	0.51
references	0.51
days	0.51
porn	0.51
sold	0.51
phones	0.51
exam	0.51
shared	0.51
language	0.51
potatoes	0.51
daley	0.51
moved	0.51
independent	0.51
theirs	0.51
paint	0.51
profile	0.51
financially	0.51
built	0.51
brewery	0.51
wrote	0.51
laying	0.51
jake	0.51
mid	0.51
contrast	0.51
museum	0.51
next	0.51
station	0.51
simple	0.50
apple	0.50
light	0.50
brothers	0.50
bodies	0.50
falling	0.50
denver	0.50
2013	0.50
visit	0.50
fl	0.50
bridge	0.50
magic	0.50
living	0.50
invite	0.50
languages	0.49
track	0.49
semi	0.49
drink	0.49
professors	0.49
refers	0.49
speaker	0.49
atm	0.49
house	0.49
replying	0.49
price	0.49
dozen	0.49
galaxy	0.49
virginity	0.49
covering	0.49
tear	0.49
magical	0.49
rain	0.49
james	0.49
keyboard	0.49
head	0.49
general	0.49
background	0.49
email	0.49
chair	0.49
rainbow	0.49
glass	0.49
shots	0.49
inches	0.49
bonus	0.49
threesome	0.49
boxer	0.48
flavor	0.48
walking	0.48
marrying	0.48
offering	0.48
weeks	0.48
standing	0.48
germany	0.48
entertainment	0.48
son	0.48
versions	0.48
matt	0.48
bullet	0.48
delete	0.48
puberty	0.48
relatively	0.48
italy	0.48
satisfied	0.48
6	0.47
celebrity	0.47
washington	0.47
german	0.47
street	0.47
upper	0.47
till	0.47
three	0.47
meth	0.47
essential	0.47
tokyo	0.47
activities	0.47
also	0.47
hollywood	0.47
til	0.47
bowl	0.47
bottle	0.47
lived	0.47
dancing	0.47
wan	0.47
french	0.47
12	0.47
table	0.47
returned	0.47
college	0.47
8	0.46
several	0.46
hes	0.46
whatnot	0.46
couple	0.46
supply	0.46
wings	0.46
hs	0.46
fence	0.46
superior	0.46
noise	0.46
walks	0.46
jock	0.46
sf	0.46
spent	0.46
atlanta	0.46
abs	0.46
popular	0.46
2	0.46
exchange	0.46
tonight	0.46
diet	0.46
meaningful	0.46
late	0.46
portuguese	0.46
34	0.46
olympic	0.45
host	0.45
list	0.45
central	0.45
true	0.45
ideal	0.45
wins	0.45
began	0.45
hours	0.45
originally	0.45
edited	0.45
internship	0.45
worn	0.45
deep	0.45
adopted	0.45
eggs	0.45
socks	0.45
picks	0.45
7	0.45
onion	0.45
handful	0.45
17	0.45
joined	0.45
4	0.45
around	0.45
figured	0.45
3	0.45
9	0.45
popped	0.45
latest	0.45
styles	0.45
mix	0.44
perfectly	0.44
spare	0.44
bread	0.44
written	0.44
four	0.44
elsewhere	0.44
oven	0.44
pepper	0.44
twice	0.44
life	0.44
before	0.44
5	0.44
knees	0.44
orgy	0.44
sonic	0.44
worked	0.44
11	0.44
published	0.44
belly	0.44
30	0.44
visual	0.44
resource	0.44
items	0.44
ireland	0.44
greatly	0.44
cheese	0.44
impressed	0.44
rewarding	0.44
flirting	0.44
eye	0.43
owned	0.43
sugar	0.43
locals	0.43
shoulder	0.43
pizza	0.43
frozen	0.43
shopping	0.43
pants	0.43
losing	0.43
been	0.43
mile	0.43
earlier	0.43
crew	0.43
female	0.43
server	0.43
15	0.43
android	0.43
luckily	0.43
hung	0.43
random	0.43
marching	0.43
length	0.43
weight	0.43
admitted	0.43
farm	0.43
toronto	0.43
potter	0.43
gold	0.43
dutch	0.43
realised	0.43
suits	0.43
coke	0.43
room	0.43
honor	0.43
send	0.43
city	0.43
nyc	0.42
english	0.42
fully	0.42
shorter	0.42
athlete	0.42
amazon	0.42
device	0.42
pursue	0.42
francisco	0.42
wrap	0.42
please	0.42
comments	0.42
school	0.42
program	0.42
map	0.42
six	0.42
diego	0.42
messages	0.42
added	0.42
relevant	0.42
gaining	0.42
tree	0.42
twin	0.42
after	0.42
received	0.42
reminded	0.42
spanish	0.42
justified	0.42
publicly	0.42
eight	0.42
bought	0.42
remove	0.42
pan	0.42
brooklyn	0.42
design	0.42
heard	0.42
lost	0.42
iphone	0.42
philly	0.41
ten	0.41
history	0.41
function	0.41
members	0.41
michael	0.41
tour	0.41
division	0.41
tattoos	0.41
opened	0.41
news	0.41
tap	0.41
years	0.41
garage	0.41
month	0.41
download	0.41
america	0.41
starting	0.41
japanese	0.41
80	0.41
comment	0.41
suggest	0.41
orlando	0.41
minor	0.41
reviews	0.41
commercial	0.41
10	0.41
35	0.41
skill	0.41
past	0.41
14	0.41
iron	0.40
industry	0.40
text	0.40
five	0.40
salt	0.40
northern	0.40
ii	0.40
corner	0.40
n	0.40
rocks	0.40
bacon	0.40
live	0.40
oil	0.40
jacket	0.40
replies	0.40
accounts	0.40
sit	0.40
hundreds	0.40
1	0.40
hire	0.40
pc	0.40
ms	0.40
raise	0.40
later	0.40
area	0.40
prices	0.40
lasted	0.40
intelligent	0.39
nc	0.39
wind	0.39
glasses	0.39
undergrad	0.39
wasnt	0.39
chocolate	0.39
walk	0.39
ride	0.39
boston	0.39
super	0.39
pounds	0.39
search	0.39
phone	0.39
within	0.39
local	0.39
scottish	0.39
lines	0.39
grad	0.39
staff	0.39
row	0.39
mirror	0.39
eating	0.39
took	0.39
nope	0.39
rupaul	0.39
zealand	0.38
mechanical	0.38
sites	0.38
strip	0.38
calorie	0.38
nexus	0.38
message	0.38
resolution	0.38
taller	0.38
images	0.38
tools	0.38
gain	0.38
student	0.38
collar	0.38
milk	0.38
cruise	0.38
shorts	0.38
oldest	0.38
butter	0.38
ago	0.38
staying	0.38
snap	0.38
ios	0.38
press	0.38
convinced	0.38
tinder	0.38
temporary	0.37
scotland	0.37
online	0.37
platonic	0.37
underwear	0.37
included	0.37
those	0.37
web	0.37
posters	0.37
shirt	0.37
ben	0.37
joining	0.37
columbus	0.37
lean	0.37
blowing	0.37
wheel	0.37
interview	0.37
carbs	0.37
style	0.37
fry	0.37
2011	0.37
discover	0.37
explained	0.37
community	0.37
larger	0.37
feet	0.37
long-term	0.37
flags	0.37
scruff	0.37
grade	0.37
everyday	0.37
protein	0.37
drinking	0.36
field	0.36
blocks	0.36
literature	0.36
times	0.36
airport	0.36
windows	0.36
hooked	0.36
someday	0.36
along	0.36
once	0.36
laptop	0.36
these	0.36
pittsburgh	0.36
nowhere	0.36
master	0.36
disney	0.36
leg	0.36
maintaining	0.36
leaves	0.36
grindr	0.36
chris	0.36
interviews	0.36
development	0.36
site	0.36
key	0.36
guess	0.36
driver	0.36
minutes	0.36
pair	0.36
canada	0.36
meetings	0.35
growlr	0.35
remains	0.35
despite	0.35
deserves	0.35
title	0.35
travel	0.35
yard	0.35
helping	0.35
recall	0.35
banana	0.35
ontario	0.35
desk	0.35
awhile	0.35
relax	0.35
athletes	0.35
masters	0.35
twitter	0.35
lovers	0.35
open	0.35
turned	0.35
vanilla	0.35
studied	0.35
okcupid	0.35
taste	0.35
speak	0.35
smaller	0.35
sign	0.34
ve	0.34
spoken	0.34
irl	0.34
town	0.34
topic	0.34
mainstream	0.34
angle	0.34
hour	0.34
sexually	0.34
yellow	0.34
j	0.34
dates	0.34
intelligence	0.34
available	0.34
sometime	0.34
seattle	0.34
lesbian	0.34
schedule	0.34
san	0.34
towns	0.34
project	0.34
recent	0.34
flight	0.34
grace	0.34
reliable	0.34
water	0.34
greek	0.33
niche	0.33
battery	0.33
edge	0.33
gifts	0.33
bench	0.33
80s	0.33
thoughts	0.33
ticket	0.33
discussion	0.33
nuts	0.33
powder	0.33
amateur	0.33
lets	0.33
stats	0.33
bell	0.33
seconds	0.33
split	0.33
sent	0.33
o.o	0.33
meeting	0.33
chicago	0.33
offered	0.33
locked	0.33
york	0.33
cities	0.33
sticks	0.33
tool	0.33
bedroom	0.33
box	0.32
smoked	0.32
go-to	0.32
16	0.32
educated	0.32
wearing	0.32
connections	0.32
min	0.32
sticking	0.32
app	0.32
van	0.32
seven	0.32
circumcised	0.32
historical	0.32
calories	0.32
exercise	0.32
jeans	0.32
ladies	0.32
provides	0.32
floor	0.32
programming	0.32
spending	0.32
inch	0.32
person	0.31
draft	0.31
computer	0.31
wrestling	0.31
suit	0.31
engineering	0.31
looking	0.31
studying	0.31
front	0.31
swing	0.31
model	0.31
lose	0.31
applied	0.31
mentioned	0.31
stolen	0.31
math	0.31
center	0.31
capable	0.31
laughing	0.31
magazine	0.31
enough	0.31
color	0.31
hard	0.31
compassion	0.31
buy	0.31
sand	0.31
root	0.31
celebrities	0.31
network	0.31
children	0.31
got	0.31
flash	0.31
physics	0.31
dads	0.31
degree	0.31
sweden	0.30
junk	0.30
projects	0.30
combination	0.30
homes	0.30
monogamous	0.30
widely	0.30
inner	0.30
notes	0.30
half	0.30
messaging	0.30
70	0.30
minute	0.30
ton	0.30
bs	0.30
drove	0.30
felt	0.30
gaming	0.30
likes	0.30
perform	0.30
circle	0.30
opens	0.30
review	0.30
apps	0.30
class	0.30
phd	0.30
university	0.30
parade	0.30
6th	0.30
graphic	0.30
sooo	0.30
ratio	0.30
brazil	0.30
media	0.29
parts	0.29
areas	0.29
event	0.29
bunch	0.29
screen	0.29
cuts	0.29
tank	0.29
valuable	0.29
lbs	0.29
career	0.29
middle	0.29
he	0.29
wear	0.29
auto	0.29
masc	0.29
rides	0.29
boots	0.29
asked	0.29
portland	0.29
honey	0.29
dating	0.29
child	0.28
websites	0.28
tears	0.28
ear	0.28
australia	0.28
beef	0.28
donations	0.28
shirts	0.28
questions	0.28
olds	0.28
alaska	0.28
apparently	0.28
exception	0.28
pleasant	0.28
until	0.28
ground	0.28
40	0.28
mail	0.28
surrounding	0.28
goals	0.28
owner	0.27
modern	0.27
cock	0.27
dorm	0.27
wisconsin	0.27
fruit	0.27
pack	0.27
discovered	0.27
bulk	0.27
hookup	0.27
world	0.27
wore	0.27
masturbation	0.27
died	0.27
strength	0.27
shoes	0.27
shooting	0.27
universe	0.27
bachelor	0.27
thought	0.27
eastern	0.27
al	0.27
spreading	0.27
universities	0.26
nick	0.26
martin	0.26
damned	0.26
contact	0.26
t-shirt	0.26
learning	0.26
selection	0.26
locker	0.26
indian	0.26
recognized	0.26
courses	0.26
train	0.26
asia	0.26
south	0.26
daddy	0.26
fabulous	0.26
rip	0.26
competition	0.26
birth	0.26
oriented	0.26
europe	0.26
lot	0.26
degrees	0.26
craigslist	0.26
relationships	0.26
cars	0.26
factors	0.25
graduation	0.25
loose	0.25
95	0.25
mostly	0.25
count	0.25
southern	0.25
parent	0.25
teachers	0.25
odds	0.25
old	0.25
biological	0.25
stock	0.25
won	0.25
buying	0.25
jason	0.25
guns	0.25
applying	0.25
guide	0.25
older	0.25
cutting	0.25
classes	0.25
toss	0.24
net	0.24
fish	0.24
picking	0.24
soft	0.24
raw	0.24
romantically	0.24
pointed	0.24
stars	0.24
attend	0.24
moves	0.24
60	0.24
spend	0.24
patience	0.24
ditto	0.24
yoga	0.24
crack	0.24
introduce	0.24
door	0.24
tried	0.24
asap	0.23
website	0.23
towel	0.23
build	0.23
surprisingly	0.23
progressive	0.23
staring	0.23
address	0.23
walls	0.23
bag	0.23
handy	0.23
replace	0.23
joe	0.23
dry	0.23
lay	0.23
foster	0.23
cloud	0.23
poster	0.23
45	0.23
students	0.23
romance	0.23
giant	0.23
stand	0.23
real	0.23
salad	0.23
w	0.23
bout	0.22
90	0.22
tx	0.22
gained	0.22
alberta	0.22
alan	0.22
free	0.22
mexican	0.22
younger	0.22
sam	0.22
friendships	0.22
ups	0.22
partners	0.22
outside	0.22
brand	0.22
winner	0.22
biology	0.22
director	0.22
married	0.22
faces	0.22
still	0.22
hearts	0.22
decades	0.22
hookups	0.22
overnight	0.22
acceptance	0.22
accidentally	0.21
paper	0.21
romantic	0.21
bond	0.21
bathroom	0.21
adopt	0.21
chatting	0.21
science	0.21
egg	0.21
heart	0.21
progress	0.21
trade	0.21
across	0.21
systems	0.21
stealing	0.21
cop	0.21
linked	0.21
kids	0.21
forum	0.21
bare	0.21
japan	0.21
bend	0.21
region	0.21
montreal	0.21
clip	0.21
rubbing	0.21
hall	0.21
miles	0.21
2010	0.21
chemistry	0.21
balance	0.21
intimacy	0.21
expensive	0.20
groups	0.20
specific	0.20
prefer	0.20
done	0.20
dreams	0.20
conference	0.20
when	0.20
ottawa	0.20
ba	0.20
gut	0.20
wherever	0.20
sale	0.20
ordered	0.20
started	0.20
subjects	0.20
ones	0.20
90s	0.20
prince	0.20
therapist	0.20
raising	0.20
deciding	0.20
weekly	0.20
yourselves	0.20
meme	0.20
patient	0.20
suburbs	0.19
building	0.19
share	0.19
upvoted	0.19
normally	0.19
occasion	0.19
texts	0.19
mixed	0.19
varying	0.19
rules	0.19
se	0.19
korea	0.19
stuff	0.19
cheaper	0.19
jumping	0.19
twink	0.19
sessions	0.19
austin	0.18
2000	0.18
google	0.18
bones	0.18
wall	0.18
never	0.18
date	0.18
countries	0.18
truck	0.18
clothes	0.18
bigger	0.18
technical	0.18
discussions	0.18
away	0.18
twinks	0.18
tastes	0.18
served	0.18
target	0.18
hundred	0.18
various	0.18
speaking	0.18
facing	0.18
topics	0.18
rise	0.18
china	0.18
plan	0.18
trained	0.18
involving	0.18
amongst	0.18
surprise	0.17
wonders	0.17
duty	0.17
run	0.17
teeth	0.17
occasions	0.17
teaching	0.17
clicked	0.17
tie	0.17
from	0.17
dropping	0.17
blend	0.17
manly	0.17
texting	0.17
blah	0.17
latter	0.17
decade	0.17
tolerant	0.17
irrelevant	0.17
immediately	0.17
pitch	0.17
pulled	0.17
wet	0.17
closed	0.17
roof	0.17
homo	0.17
lift	0.17
responded	0.16
politely	0.16
kitchen	0.16
hooking	0.16
profiles	0.16
75	0.16
default	0.16
barely	0.16
relief	0.16
back	0.16
figures	0.16
ruining	0.16
paragraph	0.16
crowded	0.16
randomly	0.16
detroit	0.16
lab	0.16
upvotes	0.16
keys	0.16
girls	0.16
interest	0.16
1000	0.16
subscribe	0.16
dallas	0.16
cheating	0.16
information	0.16
technique	0.15
country	0.15
doctor	0.15
stores	0.15
end	0.15
usual	0.15
pumped	0.15
jersey	0.15
schools	0.15
organic	0.15
maturity	0.15
boner	0.15
pro	0.15
high	0.15
ford	0.15
engineer	0.15
seat	0.15
provide	0.15
lock	0.15
meanwhile	0.15
hook	0.15
prepare	0.15
male	0.15
swallow	0.15
page	0.14
proven	0.14
roll	0.14
weigh	0.14
chat	0.14
county	0.14
mature	0.14
plastic	0.14
action	0.14
shelter	0.14
ma	0.14
tech	0.14
olympics	0.14
advertising	0.14
apart	0.14
shy	0.14
grey	0.14
ego	0.14
wallet	0.14
counting	0.14
european	0.14
number	0.14
hometown	0.14
hits	0.14
over	0.14
period	0.14
aka	0.14
sends	0.14
lube	0.13
searching	0.13
through	0.13
audience	0.13
rice	0.13
understands	0.13
thoroughly	0.13
international	0.13
white	0.13
down	0.13
banned	0.13
empathy	0.13
obsession	0.13
slowly	0.13
presumably	0.13
twenty	0.13
ads	0.13
beat	0.13
jeep	0.13
foreskin	0.13
boss	0.13
3-4	0.13
ive	0.13
resources	0.13
boost	0.13
secondly	0.13
versatile	0.13
tyler	0.13
fast	0.13
almost	0.13
receive	0.13
defined	0.13
ages	0.13
mexico	0.13
psych	0.13
receiving	0.13
combat	0.13
exposed	0.13
mass	0.13
liberal	0.12
alcohol	0.12
learned	0.12
who	0.12
slow	0.12
yet	0.12
comfort	0.12
replaced	0.12
least	0.12
memories	0.12
spot	0.12
twist	0.12
handed	0.12
economics	0.12
africa	0.12
him	0.12
answers	0.12
dildo	0.12
hotter	0.12
gay	0.12
hand	0.12
calls	0.12
hanging	0.12
mainly	0.12
party	0.12
enter	0.12
filter	0.12
lgbt	0.12
loads	0.12
formal	0.12
doors	0.12
le	0.12
western	0.11
wheels	0.11
demographic	0.11
tongue	0.11
broken	0.11
surely	0.11
portrayed	0.11
50	0.11
habits	0.11
request	0.11
assumed	0.11
kinds	0.11
store	0.11
teach	0.11
software	0.11
suppose	0.11
heavy	0.11
updated	0.11
population	0.11
representation	0.11
nonetheless	0.11
advance	0.11
watches	0.11
cut	0.11
instantly	0.11
related	0.11
ll	0.11
josh	0.11
current	0.11
window	0.11
programs	0.11
strangers	0.11
rent	0.11
developed	0.11
realistic	0.11
size	0.11
housing	0.11
leader	0.10
visible	0.10
badass	0.10
200	0.10
below	0.10
toilet	0.10
section	0.10
african	0.10
relations	0.10
bc	0.10
brings	0.10
fresh	0.10
sending	0.10
hospital	0.10
importance	0.10
air	0.10
important	0.10
breath	0.10
volunteer	0.10
conditions	0.10
pursuing	0.10
shut	0.10
shake	0.10
theme	0.10
interesting	0.10
time	0.10
process	0.10
unit	0.09
mentally	0.09
covered	0.09
user	0.09
cocks	0.09
sell	0.09
sweat	0.09
emotionally	0.09
note	0.09
assistant	0.09
drawn	0.09
market	0.09
belt	0.09
gag	0.09
very	0.09
co	0.09
navy	0.09
communities	0.09
bringing	0.09
mini	0.09
purchase	0.09
starts	0.09
studies	0.09
focus	0.09
challenges	0.08
answered	0.08
cam	0.08
funny	0.08
jobs	0.08
banks	0.08
latin	0.08
nerdy	0.08
united	0.08
fly	0.08
strongly	0.08
routine	0.08
genes	0.08
wants	0.08
quarter	0.08
lady	0.08
opportunities	0.08
topping	0.08
fitness	0.08
upgrade	0.08
bone	0.08
give	0.08
believe	0.08
up	0.08
daily	0.08
include	0.08
glance	0.08
30s	0.08
john	0.08
california	0.08
na	0.08
original	0.08
soup	0.08
owners	0.08
survey	0.08
oregon	0.07
left	0.07
hunt	0.07
agreed	0.07
soap	0.07
whoever	0.07
cooper	0.07
skype	0.07
guessing	0.07
wide	0.07
harry	0.07
product	0.07
army	0.07
philadelphia	0.07
careful	0.07
forward	0.07
dollars	0.07
unhappy	0.07
needed	0.07
workout	0.06
speed	0.06
silver	0.06
boot	0.06
confidence	0.06
shot	0.06
fat	0.06
aaron	0.06
ed	0.06
transition	0.06
access	0.06
amazed	0.06
20s	0.06
beginning	0.06
letters	0.06
versus	0.06
strategy	0.06
growing	0.06
combined	0.06
pa	0.06
public	0.06
fit	0.06
pretty	0.06
adult	0.06
intake	0.06
budget	0.06
cody	0.06
thousand	0.06
defining	0.06
reads	0.06
totally	0.06
takes	0.05
reputation	0.05
now	0.05
casually	0.05
mission	0.05
healthier	0.05
ass	0.05
including	0.05
creating	0.05
decided	0.05
variety	0.05
company	0.05
motion	0.05
largest	0.05
brains	0.05
features	0.05
currently	0.05
selling	0.05
million	0.05
gives	0.05
rob	0.05
catching	0.05
planning	0.05
chips	0.05
tends	0.05
always	0.05
300	0.04
cap	0.04
emphasis	0.04
balls	0.04
thumb	0.04
we	0.04
corporate	0.04
grab	0.04
will	0.04
penis	0.04
match	0.04
boat	0.04
drive	0.04
demand	0.04
shower	0.04
ideas	0.04
active	0.04
use	0.04
shortly	0.04
donation	0.04
height	0.04
dick	0.04
per	0.04
nudity	0.04
jam	0.04
type	0.04
changed	0.04
were	0.04
military	0.04
ironically	0.04
sarcasm	0.04
booze	0.03
off	0.03
bang	0.03
sizes	0.03
rooms	0.03
display	0.03
explaining	0.03
article	0.03
sample	0.03
ending	0.03
struggles	0.03
touching	0.03
image	0.03
eventually	0.03
boxers	0.03
settled	0.03
research	0.02
finds	0.02
addition	0.02
relative	0.02
click	0.02
car	0.02
lead	0.02
somewhere	0.02
blog	0.02
generations	0.02
manager	0.02
mississippi	0.02
basic	0.02
placed	0.02
clothing	0.02
dedicated	0.02
far	0.02
sets	0.02
move	0.02
cold	0.02
colorado	0.02
located	0.01
chain	0.01
stays	0.01
stood	0.01
range	0.01
established	0.01
overweight	0.01
personal	0.01
settings	0.01
stated	0.01
proceeded	0.01
loud	0.01
moments	0.01
tits	0.01
teacher	0.01
am	0.01
flying	0.01
hang	0.01
monogamy	0.01
testing	0.01
financial	0.01
dynamic	0.01
success	0.00
wood	0.00
hired	0.00
double	0.00
professional	0.00
validation	0.00
products	0.00
listed	0.00
highest	0.00
culture	0.00
fairly	0.00
becoming	0.00
low	0.00
allies	0.00
leaving	0.00
cater	0.00
toy	0.00
shitty	-5.14
poor	-4.94
disgusting	-4.60
pathetic	-4.51
harsh	-4.40
violent	-4.37
ridiculous	-4.15
sick	-4.14
gross	-4.10
cruel	-4.04
petty	-3.98
hateful	-3.97
judgmental	-3.93
sin	-3.91
alike	-3.89
insane	-3.86
vaginas	-3.84
hating	-3.78
lazy	-3.73
besides	-3.73
bitchy	-3.72
die	-3.68
unfortunate	-3.68
death	-3.66
innocent	-3.61
insulting	-3.60
fags	-3.59
failing	-3.57
odd	-3.56
bothers	-3.54
worse	-3.52
ruined	-3.51
queens	-3.48
selfish	-3.45
unfair	-3.43
stuck	-3.42
absurd	-3.41
justify	-3.40
human	-3.40
stupid	-3.39
violence	-3.35
dressing	-3.32
shameful	-3.31
record	-3.28
truth	-3.27
intentions	-3.27
crimes	-3.25
fails	-3.22
angry	-3.20
hitler	-3.20
blaming	-3.19
drag	-3.14
rude	-3.13
irony	-3.13
gays	-3.12
abusive	-3.12
virginia	-3.11
blame	-3.10
boring	-3.08
plain	-3.07
scary	-3.07
anti-gay	-3.06
bitter	-3.04
hatred	-3.00
complain	-2.99
buzzfeed	-2.96
miserable	-2.95
fortunately	-2.94
goodbye	-2.93
against	-2.93
ironic	-2.92
case	-2.91
painful	-2.87
tired	-2.86
weird	-2.84
ignorant	-2.81
lacking	-2.80
offended	-2.80
paranoid	-2.79
bored	-2.79
hypocritical	-2.78
bj	-2.77
whereas	-2.76
morally	-2.76
obama	-2.75
dislike	-2.74
described	-2.73
lame	-2.72
inappropriate	-2.71
certainly	-2.71
imho	-2.70
call	-2.69
terrifying	-2.68
prejudice	-2.68
shallow	-2.68
anti	-2.64
frustrated	-2.63
childish	-2.62
sucked	-2.60
depressed	-2.59
sexist	-2.59
immature	-2.58
annoying	-2.58
claim	-2.58
embarrassing	-2.57
cliche	-2.56
confused	-2.55
bullshit	-2.55
lonely	-2.55
confusing	-2.55
strange	-2.54
useless	-2.54
vague	-2.52
bizarre	-2.52
frankly	-2.51
acts	-2.49
screaming	-2.48
outcome	-2.48
encountered	-2.48
pity	-2.47
assholes	-2.47
racist	-2.46
sorts	-2.45
doubt	-2.44
primary	-2.43
instance	-2.40
depressing	-2.39
unreasonable	-2.39
bigots	-2.38
itt	-2.37
desperate	-2.37
bigoted	-2.36
utterly	-2.36
disagree	-2.35
surrounded	-2.34
naive	-2.34
feeling	-2.34
asshole	-2.34
inherently	-2.33
bitches	-2.32
murder	-2.32
little	-2.32
jim	-2.31
haters	-2.31
leads	-2.31
retarded	-2.31
bad	-2.30
threat	-2.30
anxious	-2.28
shocking	-2.24
simply	-2.23
dramatic	-2.23
crime	-2.21
blacks	-2.21
ugly	-2.20
hottest	-2.20
homophobic	-2.20
bigotry	-2.19
dumb	-2.19
frustrating	-2.18
obnoxious	-2.17
kind	-2.17
unacceptable	-2.16
minus	-2.15
fetish	-2.14
bite	-2.14
arguing	-2.14
screw	-2.13
superficial	-2.13
monster	-2.13
god	-2.12
offensive	-2.11
statement	-2.10
dirty	-2.10
necessarily	-2.09
fault	-2.09
jail	-2.09
slut	-2.08
illegal	-2.07
happening	-2.07
victim	-2.05
lying	-2.04
bigot	-2.04
feels	-2.03
terrified	-2.03
toxic	-2.02
idiots	-2.02
main	-2.01
suicide	-2.01
insecure	-2.01
assault	-2.01
homophobe	-2.01
empty	-2.01
rape	-2.00
precisely	-2.00
understandable	-1.99
irrational	-1.98
ignorance	-1.98
hypocrisy	-1.96
commit	-1.96
denying	-1.96
makes	-1.95
sarcastic	-1.95
completely	-1.95
nonsense	-1.94
sucks	-1.94
implying	-1.93
stressed	-1.93
pissed	-1.92
essentially	-1.92
worlds	-1.92
queen	-1.92
imo	-1.92
homosexuals	-1.91
transportation	-1.91
messy	-1.90
comparison	-1.90
unusual	-1.89
behavior	-1.88
hungry	-1.88
satisfying	-1.88
talks	-1.88
pretend	-1.88
homophobes	-1.87
sound	-1.85
isnt	-1.85
fuel	-1.85
follows	-1.85
homophobia	-1.84
misogyny	-1.84
prison	-1.84
goddamn	-1.84
criminal	-1.83
self-hating	-1.80
accused	-1.80
assuming	-1.79
entirely	-1.79
considering	-1.78
special	-1.77
shaming	-1.76
disappointing	-1.76
believes	-1.75
harmful	-1.74
failed	-1.74
flamboyant	-1.74
nothing	-1.73
showed	-1.73
excuse	-1.73
annoyed	-1.72
disgusted	-1.72
douchebag	-1.71
jesus	-1.71
opposite	-1.71
assumptions	-1.70
threatening	-1.68
victims	-1.68
killed	-1.68
objectively	-1.67
nightmare	-1.67
idiot	-1.67
duh	-1.67
supposed	-1.66
awkward	-1.66
dangerous	-1.66
logic	-1.65
hurt	-1.65
engaging	-1.64
hurting	-1.64
fear	-1.64
attempt	-1.64
mistake	-1.64
racism	-1.64
horny	-1.64
same	-1.63
upset	-1.63
creepy	-1.63
stupidity	-1.63
cunt	-1.62
self-loathing	-1.62
internalized	-1.61
acceptable	-1.61
legislation	-1.60
means	-1.59
discrimination	-1.59
joke	-1.59
doing	-1.58
constantly	-1.58
inevitable	-1.58
smell	-1.57
unless	-1.57
unsure	-1.57
why	-1.56
ignoring	-1.55
christians	-1.55
matter	-1.55
sadly	-1.55
straights	-1.54
sales	-1.54
tolerate	-1.53
republicans	-1.53
bible	-1.53
fake	-1.52
worried	-1.52
exact	-1.52
re	-1.52
reasoning	-1.51
subjective	-1.51
promiscuous	-1.51
jerk	-1.50
unrealistic	-1.50
pointing	-1.50
initial	-1.49
however	-1.49
regret	-1.49
christianity	-1.48
evil	-1.48
bitching	-1.48
pointless	-1.47
understand	-1.47
difference	-1.47
activity	-1.47
beings	-1.47
narrow	-1.46
dare	-1.46
faith	-1.46
shame	-1.46
realise	-1.45
sometimes	-1.45
beaten	-1.45
complaining	-1.44
kinda	-1.44
complicated	-1.43
no	-1.43
report	-1.43
bans	-1.42
homosexuality	-1.42
teenager	-1.42
increased	-1.41
criteria	-1.41
horribly	-1.40
considered	-1.40
amusing	-1.40
statements	-1.40
passive	-1.39
vote	-1.39
isolated	-1.39
jews	-1.38
feel	-1.38
conservatives	-1.38
deny	-1.38
argument	-1.38
labeled	-1.37
arbitrary	-1.37
mean	-1.37
being	-1.37
entitled	-1.37
intention	-1.37
uganda	-1.36
saying	-1.36
pain	-1.36
otherwise	-1.36
hiding	-1.35
reason	-1.35
anger	-1.35
douche	-1.35
republican	-1.34
denial	-1.34
idk	-1.34
police	-1.34
unable	-1.34
circlejerk	-1.34
struck	-1.34
conscious	-1.34
christian	-1.34
hurts	-1.33
determine	-1.33
activists	-1.33
false	-1.33
closeted	-1.32
teenagers	-1.32
says	-1.32
outright	-1.32
fundamental	-1.32
arguments	-1.32
fail	-1.31
thrown	-1.31
church	-1.31
biggest	-1.31
applies	-1.31
preach	-1.30
imply	-1.30
candidate	-1.30
silly	-1.30
nor	-1.30
unhealthy	-1.30
meaningless	-1.29
attacks	-1.29
aggressive	-1.29
killing	-1.29
counter	-1.29
laugh	-1.29
passes	-1.28
abuse	-1.28
element	-1.28
muslims	-1.27
automatically	-1.27
argue	-1.27
notion	-1.27
fact	-1.27
racial	-1.27
attacked	-1.27
endless	-1.27
tells	-1.27
sees	-1.27
bit	-1.27
policies	-1.26
concept	-1.26
judging	-1.26
fem	-1.26
feminists	-1.26
compromise	-1.26
stating	-1.26
oppression	-1.25
reflect	-1.25
cheesy	-1.25
supported	-1.24
comparing	-1.24
towards	-1.24
disappointed	-1.24
flaws	-1.23
guarantee	-1.23
bullying	-1.23
intent	-1.23
problem	-1.23
scenario	-1.23
hostile	-1.23
jealousy	-1.22
exactly	-1.22
identical	-1.22
judgment	-1.21
intended	-1.21
faggot	-1.21
illness	-1.21
fag	-1.21
defend	-1.21
convince	-1.21
circuit	-1.20
knows	-1.20
making	-1.20
discriminated	-1.20
expecting	-1.20
explains	-1.19
compare	-1.19
hardest	-1.19
trend	-1.19
thinks	-1.18
actively	-1.18
myth	-1.18
above	-1.18
feminist	-1.18
federal	-1.18
lie	-1.18
arrested	-1.18
worth	-1.18
fought	-1.18
point	-1.17
offend	-1.17
politicians	-1.17
existence	-1.17
cause	-1.17
aids	-1.16
rare	-1.16
obvious	-1.16
stressful	-1.16
bother	-1.16
insult	-1.16
outing	-1.16
tumblr	-1.16
stopping	-1.15
rough	-1.15
libertarian	-1.15
promote	-1.15
solely	-1.15
cops	-1.15
extreme	-1.15
permanent	-1.14
prove	-1.14
nature	-1.14
masculinity	-1.14
overly	-1.14
seem	-1.14
judge	-1.14
obviously	-1.14
purpose	-1.14
attract	-1.14
principle	-1.13
desperately	-1.13
self-esteem	-1.13
congress	-1.13
fired	-1.13
kid	-1.13
minded	-1.13
bitch	-1.13
implies	-1.12
troll	-1.12
voted	-1.12
votes	-1.12
matters	-1.12
wing	-1.12
continue	-1.12
smells	-1.12
femme	-1.12
exist	-1.11
blunt	-1.11
therefore	-1.11
stance	-1.11
cares	-1.11
workplace	-1.11
belief	-1.11
guilt	-1.11
hide	-1.10
misleading	-1.10
dying	-1.10
premise	-1.10
ultimately	-1.10
dr	-1.10
rejection	-1.10
earn	-1.10
reported	-1.10
make	-1.10
afraid	-1.09
democrats	-1.09
worrying	-1.09
worry	-1.09
nervous	-1.09
humanity	-1.09
law	-1.09
ruling	-1.08
gets	-1.08
quit	-1.08
attack	-1.08
potato	-1.08
excuses	-1.08
depression	-1.08
crappy	-1.08
slutty	-1.08
gop	-1.07
decision	-1.07
objective	-1.07
raped	-1.07
laws	-1.07
wondering	-1.07
discriminate	-1.07
knowing	-1.07
blanket	-1.07
exists	-1.07
insecurities	-1.07
associate	-1.06
court	-1.06
which	-1.06
biased	-1.06
actions	-1.06
sore	-1.05
minorities	-1.05
sounding	-1.05
drunk	-1.05
absolute	-1.05
conservative	-1.05
seems	-1.05
practices	-1.05
emotion	-1.04
cash	-1.04
memory	-1.04
injury	-1.04
total	-1.04
frustration	-1.04
scared	-1.03
blowjobs	-1.03
concerned	-1.03
believing	-1.03
courts	-1.03
lies	-1.02
preference	-1.02
harm	-1.02
else	-1.02
hipster	-1.02
happens	-1.02
historically	-1.02
sides	-1.02
must	-1.02
interaction	-1.02
identifying	-1.01
addicted	-1.01
arguably	-1.01
clue	-1.01
fighting	-1.00
relate	-1.00
problematic	-1.00
suffering	-1.00
tendency	-1.00
depends	-1.00
kill	-1.00
leaning	-1.00
somehow	-1.00
lesbians	-1.00
insist	-1.00
addressing	-1.00
burned	-0.99
appealing	-0.99
blind	-0.99
responsibility	-0.99
contrary	-0.99
directed	-0.99
voting	-0.99
urban	-0.99
bless	-0.99
stereotypes	-0.98
pattern	-0.98
fed	-0.98
consequences	-0.98
supporting	-0.98
stress	-0.98
insecurity	-0.97
sure	-0.97
awkwardness	-0.97
supreme	-0.97
forcing	-0.97
themselves	-0.97
negatively	-0.97
pulling	-0.97
sheets	-0.97
qualified	-0.97
upon	-0.97
state	-0.97
mad	-0.97
colour	-0.96
circumstances	-0.96
homosexual	-0.96
enjoyable	-0.96
faced	-0.96
attacking	-0.96
less	-0.96
protect	-0.96
thus	-0.96
treats	-0.95
emotions	-0.95
stereotype	-0.95
tbh	-0.95
race	-0.95
moral	-0.95
trigger	-0.95
based	-0.95
legitimate	-0.95
perceive	-0.95
lesser	-0.95
unnecessary	-0.95
political	-0.94
claiming	-0.94
catholic	-0.94
blew	-0.94
owe	-0.94
natural	-0.94
efforts	-0.94
destroy	-0.94
flawed	-0.94
likely	-0.93
favor	-0.93
piss	-0.93
perhaps	-0.93
negative	-0.93
religion	-0.93
intend	-0.93
tell	-0.93
clean	-0.93
rights	-0.92
refuse	-0.92
civil	-0.92
pure	-0.92
surface	-0.92
evidence	-0.92
affect	-0.92
curious	-0.92
reasons	-0.92
views	-0.91
holds	-0.91
beyond	-0.91
orientation	-0.91
everyone	-0.91
due	-0.91
screwed	-0.91
unattractive	-0.91
than	-0.91
secrets	-0.90
telling	-0.90
expected	-0.90
adds	-0.90
dismiss	-0.90
weak	-0.90
e.g	-0.90
burden	-0.90
directly	-0.90
notice	-0.90
panic	-0.90
suffer	-0.90
intentionally	-0.90
accident	-0.89
heteronormative	-0.89
breaker	-0.89
serve	-0.89
effeminate	-0.89
spell	-0.89
reverse	-0.89
experiencing	-0.89
standard	-0.89
whatever	-0.89
quotes	-0.89
toward	-0.89
uncomfortable	-0.89
humans	-0.88
wonder	-0.88
admit	-0.88
obligated	-0.88
whether	-0.88
bisexuals	-0.88
care	-0.88
embarrassed	-0.87
fucking	-0.87
jokes	-0.87
informed	-0.87
appeal	-0.87
concern	-0.87
attitudes	-0.87
politician	-0.87
continues	-0.87
prevent	-0.87
suggesting	-0.86
potentially	-0.86
explain	-0.86
deals	-0.86
downvoting	-0.86
fights	-0.86
definition	-0.86
seek	-0.86
syndrome	-0.85
organized	-0.85
whats	-0.85
amendment	-0.85
confusion	-0.85
forced	-0.85
spirit	-0.85
vulnerable	-0.85
harassment	-0.85
ashamed	-0.85
priority	-0.84
reasonable	-0.84
choice	-0.84
terribly	-0.84
wash	-0.84
priest	-0.84
twins	-0.84
bullied	-0.84
merely	-0.84
practicing	-0.84
surprising	-0.84
zero	-0.83
fears	-0.83
backlash	-0.83
effectively	-0.83
missing	-0.83
reality	-0.83
without	-0.83
investment	-0.83
sexual	-0.83
protection	-0.82
cultural	-0.82
know	-0.82
quick	-0.82
unlikely	-0.82
allows	-0.82
i.e	-0.82
consent	-0.82
non	-0.82
assume	-0.82
destroyed	-0.82
harder	-0.82
everybody	-0.82
instant	-0.82
change	-0.82
reactions	-0.82
required	-0.81
opposition	-0.81
bothered	-0.81
freak	-0.81
associated	-0.81
interpretation	-0.81
problems	-0.81
election	-0.81
pretending	-0.81
stereotypical	-0.81
vagina	-0.81
damage	-0.81
laid	-0.80
react	-0.80
fair	-0.80
decisions	-0.80
peter	-0.79
seeking	-0.79
by	-0.79
entry	-0.79
morality	-0.79
compliments	-0.79
masturbate	-0.79
perceived	-0.79
slightly	-0.79
labels	-0.78
massive	-0.78
expression	-0.78
productive	-0.78
common	-0.78
promoting	-0.78
religious	-0.78
right	-0.78
surprised	-0.78
differences	-0.78
religions	-0.78
encourage	-0.78
disorder	-0.77
defense	-0.77
anybody	-0.77
constitution	-0.77
affected	-0.77
affects	-0.77
needs	-0.77
represents	-0.77
attempts	-0.77
statistics	-0.77
clearly	-0.77
killer	-0.77
ruin	-0.77
protected	-0.76
remotely	-0.76
actual	-0.76
legally	-0.76
anymore	-0.76
kicked	-0.76
rates	-0.76
risky	-0.76
legal	-0.75
remind	-0.75
bat	-0.75
describes	-0.75
purposes	-0.75
signed	-0.75
much	-0.75
encounter	-0.75
incorrect	-0.74
throwing	-0.74
stigma	-0.74
tone	-0.74
disturbing	-0.74
socially	-0.74
sounded	-0.74
express	-0.74
apparent	-0.74
defensive	-0.73
turns	-0.73
government	-0.73
impossible	-0.73
privilege	-0.73
constant	-0.73
issues	-0.73
view	-0.73
theory	-0.73
factor	-0.73
expressing	-0.73
interactions	-0.73
honestly	-0.73
behaviour	-0.73
experiment	-0.73
bias	-0.73
agree	-0.73
andrew	-0.73
yelling	-0.72
approach	-0.72
social	-0.72
forces	-0.72
judged	-0.72
tension	-0.72
handle	-0.72
charge	-0.72
shove	-0.72
dressed	-0.72
practically	-0.72
hence	-0.72
ethnicity	-0.71
mind	-0.71
platform	-0.71
seemed	-0.71
allow	-0.71
ease	-0.71
immediate	-0.71
avoiding	-0.71
stop	-0.71
direction	-0.70
species	-0.70
gun	-0.70
agreement	-0.70
association	-0.70
conclusion	-0.70
preventing	-0.70
crying	-0.70
effect	-0.70
young	-0.70
inherent	-0.70
realize	-0.70
bush	-0.70
debate	-0.70
bill	-0.69
holes	-0.69
pray	-0.69
marriage	-0.69
legitimately	-0.69
does	-0.69
somewhat	-0.69
allowing	-0.69
valid	-0.69
committed	-0.69
sorta	-0.69
theres	-0.69
oppressed	-0.69
utah	-0.69
stone	-0.69
acknowledge	-0.69
rather	-0.69
consider	-0.68
churches	-0.68
didnt	-0.68
crash	-0.68
99	-0.68
psychological	-0.68
fewer	-0.68
denied	-0.68
sentiment	-0.68
sake	-0.68
fill	-0.68
asians	-0.68
dicks	-0.68
accomplish	-0.68
judgement	-0.68
thinking	-0.68
sweaty	-0.68
impact	-0.68
secondary	-0.68
ban	-0.67
reveal	-0.67
engage	-0.67
beforehand	-0.67
inclined	-0.67
deeply	-0.67
uses	-0.67
citizens	-0.67
cases	-0.67
perception	-0.67
femininity	-0.67
cumming	-0.67
involve	-0.66
blows	-0.66
spread	-0.66
anything	-0.66
lifestyle	-0.66
rid	-0.66
blowjob	-0.66
arizona	-0.66
critical	-0.66
nazi	-0.66
drama	-0.66
act	-0.66
did	-0.66
terms	-0.66
how	-0.65
depend	-0.65
stepping	-0.65
behave	-0.65
devil	-0.65
mistaken	-0.65
ancient	-0.65
choices	-0.65
jewish	-0.65
context	-0.65
gender	-0.65
goes	-0.65
sexuality	-0.65
ignore	-0.65
results	-0.65
sense	-0.64
oral	-0.64
interested	-0.64
causing	-0.64
opinion	-0.64
divorce	-0.64
heterosexuality	-0.64
dealing	-0.64
cultures	-0.64
analogy	-0.63
reject	-0.63
values	-0.63
justice	-0.63
primarily	-0.63
option	-0.63
equality	-0.63
expectation	-0.63
mindset	-0.63
deliver	-0.63
correlation	-0.63
communicate	-0.63
nobody	-0.63
changes	-0.63
logical	-0.62
something	-0.62
refer	-0.62
claims	-0.62
closet	-0.62
hidden	-0.62
bucket	-0.62
remember	-0.62
planet	-0.62
mentality	-0.62
doesnt	-0.62
word	-0.62
happen	-0.62
suggests	-0.62
shocked	-0.61
trouble	-0.61
dead	-0.61
economic	-0.61
expert	-0.61
animal	-0.61
oklahoma	-0.61
struggle	-0.61
feelings	-0.61
define	-0.61
choose	-0.61
seemingly	-0.61
oddly	-0.61
effort	-0.61
texas	-0.61
letting	-0.61
attitude	-0.61
wouldnt	-0.61
really	-0.61
rational	-0.61
norms	-0.61
whatsoever	-0.61
bound	-0.61
traits	-0.61
survive	-0.61
taboo	-0.61
choosing	-0.60
mess	-0.60
bloody	-0.60
identify	-0.60
basis	-0.60
flowers	-0.60
mistakes	-0.60
feminism	-0.60
crossfit	-0.60
calling	-0.60
conform	-0.60
advocate	-0.60
influence	-0.60
getting	-0.60
approval	-0.60
penises	-0.59
freedom	-0.59
system	-0.59
states	-0.59
either	-0.59
identity	-0.59
fix	-0.59
bi	-0.59
doc	-0.59
cuz	-0.59
fucked	-0.59
lifetime	-0.59
typical	-0.59
motivation	-0.59
allowed	-0.59
error	-0.59
trick	-0.59
focusing	-0.58
bisexuality	-0.58
disease	-0.58
even	-0.58
anyone	-0.58
teens	-0.58
characteristics	-0.58
solve	-0.58
beating	-0.58
particular	-0.58
enjoying	-0.58
purely	-0.58
minimal	-0.58
admittedly	-0.58
atheist	-0.58
mental	-0.58
unexpected	-0.57
forget	-0.57
businesses	-0.57
feminine	-0.57
designed	-0.57
explicitly	-0.57
complete	-0.57
elected	-0.57
appear	-0.57
scare	-0.57
preferences	-0.57
desire	-0.57
continuing	-0.57
fight	-0.57
societal	-0.57
longer	-0.57
tries	-0.56
dadt	-0.56
asexual	-0.56
fine	-0.56
amount	-0.56
more	-0.56
stem	-0.56
occur	-0.56
gene	-0.56
mentioning	-0.56
typically	-0.56
rush	-0.56
treated	-0.56
inside	-0.56
movements	-0.56
pregnant	-0.56
commonly	-0.56
passed	-0.56
causes	-0.56
energy	-0.56
alabama	-0.56
figure	-0.55
translation	-0.55
cheat	-0.55
includes	-0.55
climate	-0.55
except	-0.55
generally	-0.55
talking	-0.55
unpopular	-0.55
say	-0.55
fluid	-0.55
flat	-0.55
policy	-0.55
because	-0.55
agenda	-0.55
roughly	-0.55
prepared	-0.54
trait	-0.54
herself	-0.54
strictly	-0.54
contribute	-0.54
substance	-0.54
severe	-0.54
hardly	-0.54
furthermore	-0.54
see	-0.54
issue	-0.54
additionally	-0.54
cum	-0.54
trash	-0.54
expand	-0.54
situation	-0.53
passing	-0.53
breakup	-0.53
support	-0.53
amounts	-0.53
describe	-0.53
concerns	-0.53
taxes	-0.53
responsible	-0.53
maintenance	-0.53
faster	-0.53
becomes	-0.53
campaign	-0.53
knee	-0.53
scream	-0.53
pressure	-0.53
requirement	-0.52
obligation	-0.52
russia	-0.52
forms	-0.52
unsafe	-0.52
prostate	-0.52
radical	-0.52
neutral	-0.52
apology	-0.52
showing	-0.52
gon	-0.52
reminds	-0.52
waste	-0.52
expectations	-0.52
orgasm	-0.51
previously	-0.51
pisses	-0.51
distinction	-0.51
form	-0.51
ca	-0.51
secret	-0.51
depending	-0.51
label	-0.51
ask	-0.51
repeatedly	-0.51
incident	-0.51
uncommon	-0.51
minority	-0.51
slip	-0.51
prevention	-0.51
sudden	-0.51
generation	-0.51
extent	-0.51
cry	-0.51
among	-0.51
existed	-0.50
complaints	-0.50
gas	-0.50
quite	-0.50
expect	-0.50
talk	-0.50
equivalent	-0.50
instead	-0.50
showers	-0.50
wont	-0.50
parades	-0.50
failure	-0.50
straight	-0.50
anxiety	-0.50
bottoms	-0.49
ties	-0.49
decide	-0.49
participate	-0.49
stronger	-0.49
healthcare	-0.49
ship	-0.49
determined	-0.49
changing	-0.49
virus	-0.49
explanation	-0.49
immune	-0.49
trans	-0.49
incredibly	-0.49
infection	-0.49
imagine	-0.49
overcome	-0.49
2008	-0.49
bath	-0.49
casual	-0.48
reaction	-0.48
ohio	-0.48
quickly	-0.48
intense	-0.48
louis	-0.48
technically	-0.48
keen	-0.48
respond	-0.48
fixing	-0.48
indiana	-0.48
masculine	-0.48
drug	-0.48
term	-0.48
overall	-0.48
muslim	-0.48
think	-0.47
fucks	-0.47
dont	-0.47
contract	-0.47
requires	-0.47
usage	-0.47
cringe	-0.47
differently	-0.47
transfer	-0.47
aspects	-0.47
addressed	-0.47
achieve	-0.47
nail	-0.47
aid	-0.47
serious	-0.47
surgery	-0.47
stereotypically	-0.47
fantasies	-0.47
sympathy	-0.47
rejected	-0.47
pace	-0.46
tl	-0.46
credit	-0.46
flip	-0.46
phrase	-0.46
largely	-0.46
idea	-0.46
rate	-0.46
pass	-0.46
conclusions	-0.46
heck	-0.46
trial	-0.46
equal	-0.46
often	-0.46
power	-0.46
according	-0.46
safely	-0.45
youre	-0.45
seeing	-0.45
kicking	-0.45
giving	-0.45
avoid	-0.45
suck	-0.45
decides	-0.45
difficult	-0.45
cdc	-0.45
lesson	-0.45
possibly	-0.45
educate	-0.45
stomach	-0.45
regardless	-0.45
ie	-0.45
reduce	-0.45
believed	-0.45
genetic	-0.45
conversation	-0.44
justin	-0.44
genetics	-0.44
psychology	-0.44
accept	-0.44
easier	-0.44
truvada	-0.44
unfortunately	-0.44
insert	-0.44
ourselves	-0.44
roles	-0.44
folks	-0.44
president	-0.44
followed	-0.44
any	-0.44
connect	-0.44
duck	-0.44
defending	-0.43
settle	-0.43
saved	-0.43
money	-0.43
want	-0.43
toys	-0.43
convenient	-0.43
risks	-0.43
said	-0.43
tests	-0.43
situations	-0.43
sc	-0.43
bastard	-0.43
families	-0.43
meaning	-0.43
regarding	-0.43
consistently	-0.43
rely	-0.43
officer	-0.43
pleasure	-0.43
status	-0.42
drugs	-0.42
outed	-0.42
guaranteed	-0.42
somebody	-0.42
produced	-0.42
lawyer	-0.42
prevalent	-0.42
dunno	-0.42
internal	-0.42
anal	-0.42
afterwards	-0.42
genuine	-0.42
infected	-0.42
scientific	-0.42
gayness	-0.42
wo	-0.42
shock	-0.41
people	-0.41
emergency	-0.41
pushing	-0.41
disappointment	-0.41
queer	-0.41
and/or	-0.41
exposure	-0.41
stds	-0.41
property	-0.41
hopes	-0.41
increasing	-0.41
norm	-0.41
recognize	-0.41
properly	-0.41
tax	-0.41
politics	-0.41
personalities	-0.41
interact	-0.41
nurse	-0.41
exclusive	-0.41
analysis	-0.41
movement	-0.41
adults	-0.41
id	-0.41
data	-0.40
health	-0.40
granted	-0.40
threatened	-0.40
driven	-0.40
zone	-0.40
supposedly	-0.40
others	-0.40
especially	-0.40
rant	-0.40
foot	-0.40
persons	-0.40
putting	-0.40
spice	-0.40
going	-0.40
beliefs	-0.40
puts	-0.40
get	-0.40
thankfully	-0.40
leading	-0.39
encouraged	-0.39
similarly	-0.39
dependent	-0.39
warning	-0.39
viewed	-0.39
throat	-0.39
minimum	-0.39
customers	-0.39
rage	-0.39
order	-0.39
conflict	-0.39
should	-0.39
cycle	-0.39
treatment	-0.39
transgender	-0.39
percentage	-0.39
conversations	-0.39
sti	-0.39
resistance	-0.39
unprotected	-0.38
clarify	-0.38
hit	-0.38
cant	-0.38
feature	-0.38
meh	-0.38
adjust	-0.38
caused	-0.38
behaviors	-0.38
solution	-0.38
code	-0.38
rarely	-0.38
importantly	-0.38
mary	-0.38
realizing	-0.38
faggots	-0.38
teenage	-0.38
economy	-0.38
its	-0.38
anonymous	-0.37
commitment	-0.37
standards	-0.37
thing	-0.37
universal	-0.37
streets	-0.37
hitting	-0.37
ad	-0.37
result	-0.37
existing	-0.37
sex	-0.37
carolina	-0.37
control	-0.37
normal	-0.37
blown	-0.37
advanced	-0.37
grateful	-0.37
force	-0.37
diseases	-0.37
transmission	-0.37
creep	-0.37
require	-0.36
describing	-0.36
garbage	-0.36
steal	-0.36
protest	-0.36
mention	-0.36
usually	-0.36
std	-0.36
tend	-0.36
attached	-0.36
challenging	-0.36
simultaneously	-0.36
drunken	-0.36
keeping	-0.36
mood	-0.36
institution	-0.36
their	-0.36
bottoming	-0.36
correctly	-0.35
kit	-0.35
officially	-0.35
chasing	-0.35
levels	-0.35
attention	-0.35
humour	-0.35
pee	-0.35
able	-0.35
implied	-0.35
condoms	-0.35
appearance	-0.35
preferably	-0.35
fox	-0.35
blood	-0.35
forever	-0.35
although	-0.35
acting	-0.35
donate	-0.35
employee	-0.35
useful	-0.34
rick	-0.34
refreshing	-0.34
females	-0.34
medication	-0.34
involves	-0.34
privacy	-0.34
deeper	-0.34
messed	-0.34
names	-0.34
spectrum	-0.34
trolling	-0.34
donating	-0.34
works	-0.34
blow	-0.34
experienced	-0.33
setting	-0.33
addiction	-0.33
hiv	-0.33
value	-0.33
working	-0.33
paying	-0.33
points	-0.33
could	-0.33
unrelated	-0.33
them	-0.33
cost	-0.33
positions	-0.33
prep	-0.33
avoided	-0.33
asking	-0.33
apologize	-0.33
wasting	-0.33
bisexual	-0.33
advantage	-0.33
risk	-0.33
johnny	-0.33
personally	-0.32
circumcision	-0.32
follow	-0.32
come	-0.32
attending	-0.32
ignored	-0.32
cross	-0.32
reached	-0.32
boobs	-0.32
chances	-0.32
genuinely	-0.32
dress	-0.32
license	-0.32
chance	-0.32
managed	-0.32
grades	-0.32
sooner	-0.32
lower	-0.31
everything	-0.31
need	-0.31
physical	-0.31
score	-0.31
limit	-0.31
turn	-0.31
stops	-0.31
application	-0.31
income	-0.31
take	-0.31
alot	-0.31
learn	-0.31
interracial	-0.31
capacity	-0.31
chosen	-0.31
elements	-0.31
presence	-0.31
greatest	-0.31
bank	-0.31
ethnic	-0.31
minnesota	-0.31
hint	-0.31
desires	-0.31
wait	-0.31
iirc	-0.30
elaborate	-0.30
silence	-0.30
nj	-0.30
slightest	-0.30
habit	-0.30
begin	-0.30
infections	-0.30
brief	-0.30
sentence	-0.30
weapon	-0.30
mannerisms	-0.30
condom	-0.30
opinions	-0.30
partially	-0.30
keep	-0.30
punch	-0.30
races	-0.30
knowledge	-0.30
qualities	-0.30
test	-0.30
albeit	-0.30
significantly	-0.30
loop	-0.30
patients	-0.30
chicks	-0.29
greater	-0.29
fool	-0.29
can	-0.29
questioning	-0.29
heaven	-0.29
treat	-0.29
referred	-0.29
bills	-0.29
pocket	-0.29
dominant	-0.29
effects	-0.29
ugh	-0.29
moderate	-0.29
soooo	-0.29
department	-0.29
nerves	-0.29
clinic	-0.29
traditionally	-0.29
course	-0.29
skills	-0.29
sensitive	-0.29
saving	-0.29
same-sex	-0.29
ability	-0.29
marriages	-0.29
dozens	-0.29
having	-0.29
wanting	-0.29
higher	-0.29
overwhelming	-0.29
resort	-0.28
sucking	-0.28
whore	-0.28
manner	-0.28
women	-0.28
camp	-0.28
carrying	-0.28
statistically	-0.28
fort	-0.28
burn	-0.28
measure	-0.28
business	-0.28
glorious	-0.28
unlike	-0.28
invisible	-0.28
go	-0.28
society	-0.28
phase	-0.28
picky	-0.28
forgive	-0.28
switch	-0.28
steps	-0.28
pay	-0.28
extremely	-0.28
transit	-0.28
bits	-0.28
fire	-0.28
hetero	-0.27
stonewall	-0.27
nation	-0.27
portion	-0.27
viral	-0.27
downvoted	-0.27
significant	-0.27
question	-0.27
closer	-0.27
cents	-0.27
source	-0.27
sean	-0.27
examples	-0.27
none	-0.27
heterosexual	-0.27
ours	-0.27
florida	-0.27
racing	-0.27
safety	-0.27
numbers	-0.27
pays	-0.27
steel	-0.26
grocery	-0.26
difficulty	-0.26
filling	-0.26
uncut	-0.26
answer	-0.26
remain	-0.26
engine	-0.26
asian	-0.26
swear	-0.26
better	-0.26
latino	-0.26
downvote	-0.26
spin	-0.26
authority	-0.26
strike	-0.26
foundation	-0.26
crazy	-0.26
stopped	-0.25
rule	-0.25
poop	-0.25
youth	-0.25
benefit	-0.25
regards	-0.25
beauty	-0.25
try	-0.25
treating	-0.25
vs	-0.25
urge	-0.25
era	-0.25
yourself	-0.25
membership	-0.25
increase	-0.25
types	-0.25
own	-0.25
equipment	-0.24
pick	-0.24
gay/bi	-0.24
retail	-0.24
used	-0.24
tested	-0.24
requirements	-0.24
weed	-0.24
fyi	-0.24
wikipedia	-0.24
look	-0.24
steam	-0.24
possibility	-0.24
anywhere	-0.24
polite	-0.24
nerve	-0.24
crisis	-0.24
ppl	-0.23
example	-0.23
bottom	-0.23
someone	-0.23
chose	-0.23
territory	-0.23
academic	-0.23
would	-0.23
undetectable	-0.23
physically	-0.23
plot	-0.23
traffic	-0.23
nearly	-0.23
debt	-0.23
meds	-0.23
struggling	-0.23
referring	-0.23
donated	-0.23
easily	-0.23
criticism	-0.23
virgin	-0.23
touched	-0.23
became	-0.23
impression	-0.23
citizen	-0.23
only	-0.22
msm	-0.22
using	-0.22
medical	-0.22
creates	-0.22
engaged	-0.22
alas	-0.22
keeps	-0.22
encounters	-0.22
path	-0.22
office	-0.22
cure	-0.22
opposed	-0.22
blocked	-0.22
load	-0.22
willing	-0.22
machines	-0.22
parking	-0.22
roads	-0.22
where	-0.22
metro	-0.21
taking	-0.21
personality	-0.21
manage	-0.21
insurance	-0.21
war	-0.21
illinois	-0.21
struggled	-0.21
ready	-0.21
asses	-0.21
aside	-0.21
meets	-0.21
gaydar	-0.21
foreign	-0.21
marry	-0.21
exclusively	-0.20
assumption	-0.20
sort	-0.20
let	-0.20
tops	-0.20
onto	-0.20
covers	-0.20
loaded	-0.20
attended	-0.20
represented	-0.20
therapy	-0.20
individuals	-0.20
developing	-0.20
alpha	-0.20
philosophy	-0.20
masturbating	-0.20
badly	-0.20
smoking	-0.20
limits	-0.20
weights	-0.20
serves	-0.20
danger	-0.20
grow	-0.19
100	-0.19
work	-0.19
trying	-0.19
subject	-0.19
guilty	-0.19
further	-0.19
dump	-0.19
catch	-0.19
condition	-0.19
discussed	-0.19
ceo	-0.19
package	-0.19
global	-0.19
americans	-0.19
employees	-0.19
hole	-0.19
carry	-0.19
equally	-0.19
hearing	-0.19
log	-0.19
wasted	-0.19
breaking	-0.19
downvotes	-0.19
actually	-0.19
leave	-0.19
basically	-0.19
trainer	-0.18
georgia	-0.18
kinsey	-0.18
submissive	-0.18
embrace	-0.18
proof	-0.18
kevin	-0.18
drives	-0.18
maybe	-0.18
limited	-0.18
confirmed	-0.18
strict	-0.18
lights	-0.18
diversity	-0.18
vocal	-0.18
motivated	-0.18
attractions	-0.18
description	-0.18
growth	-0.17
scale	-0.17
knife	-0.17
er	-0.17
aspect	-0.17
dan	-0.17
<URL>	-0.17
<SPECIAL>	-0.17
himself	-0.17
claimed	-0.17
neither	-0.17
plate	-0.17
butts	-0.17
discuss	-0.17
forth	-0.17
pill	-0.17
males	-0.17
symptoms	-0.17
u.s	-0.17
breaks	-0.17
broad	-0.17
aged	-0.16
horse	-0.16
focused	-0.16
save	-0.16
jerking	-0.16
understanding	-0.16
earth	-0.16
sober	-0.16
joint	-0.16
major	-0.16
tiny	-0.16
awareness	-0.16
supports	-0.16
bears	-0.16
esteem	-0.16
escape	-0.16
sheer	-0.16
things	-0.16
rich	-0.16
counselor	-0.16
particularly	-0.16
safe	-0.16
may	-0.16
apply	-0.16
humor	-0.16
help	-0.15
block	-0.15
employment	-0.15
touch	-0.15
india	-0.15
occasionally	-0.15
put	-0.15
approve	-0.15
again	-0.15
cardio	-0.15
born	-0.15
pot	-0.15
ways	-0.15
closely	-0.15
handling	-0.15
secretly	-0.14
object	-0.14
genders	-0.14
responding	-0.14
connection	-0.14
interests	-0.14
private	-0.14
flirt	-0.14
needless	-0.14
training	-0.14
compete	-0.14
commute	-0.14
probably	-0.14
throw	-0.14
percent	-0.14
gym	-0.14
loans	-0.14
macho	-0.14
self	-0.14
methods	-0.14
challenge	-0.14
instances	-0.14
frequently	-0.14
previous	-0.14
depth	-0.14
then	-0.14
replied	-0.14
matthew	-0.13
companies	-0.13
couples	-0.13
quote	-0.13
ran	-0.13
ny	-0.13
facts	-0.13
vast	-0.13
official	-0.13
literally	-0.13
bucks	-0.13
skip	-0.13
kept	-0.13
side	-0.13
costs	-0.13
too	-0.13
find	-0.13
refused	-0.13
nut	-0.13
subtle	-0.13
circles	-0.13
invest	-0.13
leather	-0.12
reflection	-0.12
nations	-0.12
mormon	-0.12
ensure	-0.12
turning	-0.12
traditional	-0.12
stick	-0.12
profit	-0.12
poorly	-0.12
caught	-0.12
lives	-0.12
sharp	-0.12
attraction	-0.12
draw	-0.12
button	-0.12
return	-0.12
under	-0.11
forgotten	-0.11
matches	-0.11
detail	-0.11
expressed	-0.11
might	-0.11
start	-0.11
initially	-0.11
homeless	-0.11
individual	-0.11
specifically	-0.11
marine	-0.11
liking	-0.11
peoples	-0.11
backwards	-0.11
led	-0.11
improve	-0.11
service	-0.11
myself	-0.11
shoot	-0.11
paid	-0.11
yours	-0.11
okay	-0.11
happened	-0.11
everytime	-0.11
session	-0.11
burning	-0.11
flow	-0.11
adoption	-0.11
trucks	-0.11
majority	-0.11
raised	-0.11
automatic	-0.11
workouts	-0.11
exercises	-0.11
marketing	-0.11
fond	-0.11
identified	-0.11
runs	-0.10
dream	-0.10
ought	-0.10
gap	-0.10
bags	-0.10
kansas	-0.10
study	-0.10
animals	-0.10
customer	-0.10
butch	-0.10
us	-0.10
spit	-0.10
route	-0.10
funding	-0.10
organizations	-0.10
comes	-0.10
leaders	-0.10
switched	-0.10
imagination	-0.10
filled	-0.10
2nd	-0.10
cancer	-0.10
tom	-0.10
dealt	-0.10
push	-0.09
pull	-0.09
has	-0.09
hell	-0.09
clinical	-0.09
soul	-0.09
unknown	-0.09
scientist	-0.09
between	-0.09
land	-0.09
chemical	-0.09
500	-0.09
pushed	-0.09
practical	-0.09
charity	-0.09
regard	-0.09
counseling	-0.09
christ	-0.09
tolerance	-0.09
stare	-0.09
jumped	-0.09
organization	-0.08
additional	-0.08
vehicle	-0.08
lessons	-0.08
services	-0.08
made	-0.08
bareback	-0.08
carefully	-0.08
ends	-0.08
suspect	-0.08
alien	-0.08
wears	-0.08
smoke	-0.08
bus	-0.08
structure	-0.08
vary	-0.08
tied	-0.08
stands	-0.08
gear	-0.08
articles	-0.08
ai	-0.08
mode	-0.08
prior	-0.08
subway	-0.08
connected	-0.08
threw	-0.08
bay	-0.08
become	-0.07
safer	-0.07
stole	-0.07
edition	-0.07
minds	-0.07
benefits	-0.07
opportunity	-0.07
construction	-0.07
grew	-0.07
whose	-0.07
education	-0.07
whilst	-0.07
basement	-0.07
speaks	-0.06
signs	-0.06
lifting	-0.06
houses	-0.06
medicine	-0.06
rolling	-0.06
finance	-0.06
sounds	-0.06
fields	-0.06
meet	-0.06
george	-0.06
kills	-0.06
afford	-0.06
coming	-0.06
produce	-0.06
step	-0.06
method	-0.06
highschool	-0.06
cleaning	-0.06
drop	-0.06
obese	-0.05
brian	-0.05
bring	-0.05
maintain	-0.05
manual	-0.05
collection	-0.05
develop	-0.05
numerous	-0.05
michigan	-0.05
kick	-0.05
d	-0.05
moment	-0.05
lust	-0.05
stretch	-0.05
midwest	-0.05
removing	-0.05
profession	-0.05
freaked	-0.05
battle	-0.05
ended	-0.05
squats	-0.04
pun	-0.04
lied	-0.04
necessary	-0.04
whenever	-0.04
peers	-0.04
core	-0.04
level	-0.04
copy	-0.04
0	-0.04
into	-0.04
adding	-0.04
suggested	-0.04
slight	-0.04
lack	-0.04
suddenly	-0.04
involved	-0.04
cell	-0.04
set	-0.04
wanted	-0.04
doctors	-0.04
separate	-0.04
shift	-0.04
behind	-0.04
2012	-0.04
lgbtq	-0.04
houston	-0.03
v	-0.03
mutually	-0.03
speech	-0.03
studio	-0.03
ahead	-0.03
savage	-0.03
management	-0.03
attempting	-0.03
reach	-0.03
brain	-0.03
sources	-0.03
national	-0.03
itself	-0.03
stay	-0.03
feed	-0.03
deal	-0.03
provided	-0.03
extra	-0.03
held	-0.03
boundaries	-0.03
black	-0.03
average	-0.03
pills	-0.03
attractiveness	-0.03
top	-0.03
heavily	-0.03
taught	-0.03
category	-0.03
knock	-0.03
vid	-0.03
responses	-0.03
honest	-0.03
base	-0.03
security	-0.02
brush	-0.02
rural	-0.02
usa	-0.02
grown	-0.02
permission	-0.02
regularly	-0.02
driving	-0.02
firm	-0.02
heal	-0.02
counts	-0.02
emotional	-0.02
line	-0.02
discussing	-0.02
dem	-0.02
tape	-0.02
hiring	-0.02
hold	-0.02
meant	-0.02
positive	-0.02
dollar	-0.02
dirt	-0.02
slide	-0.02
attracted	-0.02
scott	-0.02
compared	-0.01
representative	-0.01
translate	-0.01
men	-0.01
finger	-0.01
millions	-0.01
influenced	-0.01
guard	-0.01
shit	-0.01
accurate	-0.01
aware	-0.01
way	-0.01
pride	-0.01
presented	-0.01
position	-0.01
longest	-0.01
direct	-0.01
appears	-0.01
shaped	-0.01
serving	-0.01
workers	-0.01
district	-0.01
sight	-0.01
complex	-0.01
gotten	-0.01
effective	-0.01
deserve	-0.01
frame	-0.00
silent	-0.00
goal	-0.00
communication	-0.00
asks	-0.00
tim	-0.00
handled	-0.00
mouth	-0.00
