beautiful	2.90
sexy	2.90
gorgeous	2.82
lovely	2.80
slick	2.80
fast	2.79
durable	2.73
sleek	2.66
elegant	2.59
brilliant	2.57
snappy	2.53
cool	2.52
looks	2.52
smooth	2.45
clean	2.42
simple	2.40
wish	2.39
favorite	2.37
simplicity	2.34
fluid	2.32
incredible	2.29
sharp	2.27
darn	2.26
impressive	2.25
clearing	2.23
glad	2.22
sweet	2.21
recommend	2.20
thin	2.19
1520	2.18
beautifully	2.15
design	2.14
absolutely	2.14
tubecast	2.14
responsive	2.13
thank	2.12
thanks	2.11
appreciate	2.11
tip	2.08
ok	2.08
tweetium	2.07
enjoying	2.07
2520	2.06
congrats	2.06
wow	2.05
enjoy	2.05
look	2.04
functional	2.03
concept	2.03
intuitive	2.02
beauty	2.02
fun	2.01
neat	2.00
transitions	2.00
rocking	1.99
solid	1.98
ah	1.98
clear	1.98
appreciated	1.97
welcome	1.96
minimal	1.96
thx	1.96
yeah	1.95
okay	1.95
lol	1.95
heads	1.95
yep	1.95
alright	1.94
mytube	1.92
notch	1.92
pleasant	1.90
p	1.90
well	1.88
yup	1.86
zbox	1.85
loving	1.84
idea	1.84
ui	1.84
skies	1.83
interface	1.83
pleased	1.82
cheers	1.81
tank	1.79
reliable	1.78
seamless	1.78
powerful	1.78
recommendations	1.77
gotcha	1.76
tips	1.75
hd	1.74
luck	1.73
interesting	1.73
favourite	1.72
advice	1.71
though	1.71
haha	1.71
heavy	1.71
sir	1.71
mate	1.71
oh	1.71
efficient	1.70
busy	1.70
accurate	1.70
beast	1.69
promising	1.67
super	1.67
aluminum	1.67
yes	1.66
ahh	1.66
shattered	1.66
woah	1.65
imo	1.64
superb	1.62
hey	1.62
useful	1.62
date	1.61
proshot	1.60
gon	1.60
metal	1.60
yea	1.59
visually	1.59
fell	1.56
great	1.56
designs	1.56
worries	1.55
amazed	1.54
easy	1.54
strongly	1.54
input	1.54
correctly	1.54
pros	1.54
polished	1.52
guys	1.52
anyways	1.51
slim	1.51
na	1.51
helpful	1.51
detailed	1.51
auto	1.51
feedback	1.51
consistency	1.51
ill	1.51
attractive	1.50
btw	1.50
sounds	1.49
figured	1.48
thats	1.48
recommendation	1.48
pre	1.48
flow	1.47
man	1.47
unique	1.46
manually	1.46
successful	1.45
careful	1.45
smoothly	1.45
dang	1.45
killer	1.44
insight	1.44
improving	1.44
insanely	1.44
bro	1.43
edit	1.43
stable	1.43
runs	1.43
totally	1.43
dates	1.42
suggestion	1.42
huh	1.41
thought	1.41
flawlessly	1.41
explanation	1.40
822	1.40
suggestions	1.40
choice	1.40
incipio	1.39
info	1.39
animations	1.39
apn	1.39
field	1.38
modern	1.38
material	1.38
ya	1.38
quick	1.38
guess	1.38
worked	1.37
tube	1.37
900	1.37
eh	1.37
appealing	1.37
colorful	1.37
trophy	1.36
shocked	1.36
indeed	1.35
rough	1.35
920	1.35
anyway	1.34
flawless	1.34
710	1.34
consistent	1.33
bang	1.33
importantly	1.33
lollipop	1.33
pretty	1.33
ideas	1.33
metromail	1.33
zune	1.32
tho	1.32
7.5	1.31
titan	1.31
fine	1.31
wp7	1.30
followed	1.30
breaks	1.29
perfectly	1.29
lounge	1.29
7.8	1.29
hd7	1.29
presentation	1.28
happier	1.28
zone	1.28
hubs	1.28
type	1.27
answers	1.27
wpapp	1.27
dying	1.27
greatly	1.26
radar	1.26
apologies	1.26
smoothness	1.25
relatively	1.25
optimistic	1.25
factors	1.23
yay	1.23
featured	1.23
poki	1.23
its	1.22
nope	1.22
impressed	1.22
works	1.22
moliplayer	1.22
820	1.22
surprised	1.22
928	1.22
give	1.22
looking	1.21
1020	1.21
help	1.21
620	1.21
hopeful	1.20
highlight	1.20
lumia	1.20
hmm	1.20
answer	1.20
felt	1.20
organized	1.20
effective	1.20
pro	1.19
heh	1.19
old	1.18
excited	1.18
focus	1.18
bet	1.17
familiar	1.17
8x	1.17
hi	1.17
convinced	1.17
response	1.17
1320	1.17
very	1.17
honest	1.17
2011	1.16
metrotube	1.16
feels	1.16
everything	1.16
tag	1.15
venue	1.15
blackberry	1.15
mistakes	1.15
longest	1.15
htc	1.15
mango	1.15
810	1.15
dead	1.14
too	1.13
concepts	1.13
sense	1.13
sarcasm	1.13
charm	1.13
comfortable	1.13
surprisingly	1.13
dat	1.12
925	1.12
helping	1.12
520	1.12
waited	1.11
interested	1.11
dell	1.11
8s	1.10
youtube	1.10
although	1.10
looked	1.10
720	1.10
palm	1.10
feel	1.10
2010	1.09
smoother	1.09
hello	1.09
exciting	1.09
word	1.09
willing	1.09
parallax	1.09
kitkat	1.08
625	1.08
nicer	1.08
november	1.08
recorder	1.08
521	1.07
remember	1.07
exact	1.07
thankfully	1.07
trial	1.07
words	1.06
bot	1.06
onemusic	1.06
ta	1.06
wp8	1.06
wan	1.06
makes	1.06
7	1.06
displaying	1.05
jen	1.05
8.0	1.05
good	1.05
grammar	1.05
editor	1.04
hah	1.04
wallpapers	1.04
handy	1.04
august	1.04
providing	1.03
shall	1.03
wp8.0	1.03
wondering	1.03
confident	1.03
layout	1.02
answering	1.02
early	1.01
music+videos	1.01
lg	1.01
seamlessly	1.01
alternative	1.01
mistake	1.01
foreign	1.01
weave	1.01
existed	1.00
client	1.00
innovative	1.00
really	1.00
perfect	1.00
helped	1.00
pusher	0.99
realised	0.99
plex	0.99
satisfied	0.98
experience	0.98
lockmix	0.98
screenshots	0.98
definitely	0.98
2012	0.98
8	0.98
tempted	0.98
temp	0.98
verify	0.98
waiting	0.97
must	0.97
oops	0.97
original	0.97
easiest	0.97
ur	0.97
curve	0.97
username	0.96
modernmusic	0.96
otherwise	0.96
seems	0.96
effects	0.95
cleaner	0.95
desperate	0.95
quite	0.95
hope	0.95
forgot	0.95
alternatives	0.95
cache	0.95
equally	0.94
til	0.94
using	0.94
gdr2	0.94
spelling	0.93
curious	0.93
no	0.93
icon	0.93
enough	0.93
favorites	0.93
grip	0.93
800	0.92
temporary	0.92
alien	0.92
nextgen	0.92
function	0.91
british	0.91
returns	0.90
surely	0.90
june	0.90
case	0.90
ll	0.89
guessing	0.89
more	0.89
questions	0.89
late	0.89
december	0.89
shape	0.88
xd	0.88
cheapest	0.88
companion	0.88
work	0.88
930	0.88
2014	0.88
april	0.88
635	0.88
hm	0.87
boat	0.87
fairly	0.87
launch	0.87
till	0.87
readit	0.87
body	0.87
2013	0.87
rt	0.87
hoping	0.86
630	0.86
came	0.86
october	0.86
solution	0.86
elements	0.86
l920	0.86
frame	0.86
feature	0.86
3gs	0.86
restore	0.85
launched	0.85
tellme	0.85
525	0.85
king	0.85
normally	0.85
nicely	0.85
instantly	0.85
september	0.84
january	0.84
tablet	0.84
830	0.84
m8	0.83
appropriate	0.83
r/wpdev	0.83
since	0.83
930/icon	0.83
clever	0.82
u	0.82
released	0.82
little	0.82
baconit	0.82
manual	0.82
thoughts	0.82
kinda	0.82
july	0.81
might	0.81
overall	0.81
password	0.81
performs	0.81
moved	0.81
maybe	0.81
hdr	0.81
cheap	0.80
rip	0.80
least	0.80
wearing	0.80
generic	0.80
mine	0.80
l925	0.80
now	0.80
certainly	0.80
helps	0.80
shortly	0.80
meantime	0.80
wait	0.80
highly	0.80
properly	0.80
wipe	0.79
apparently	0.79
better	0.79
february	0.79
512	0.79
reader	0.79
kind	0.79
explains	0.79
ama	0.79
se	0.78
l520	0.78
faster	0.78
530	0.78
running	0.78
url	0.78
ha	0.78
corners	0.78
integrates	0.78
opportunity	0.77
subtle	0.77
desktops	0.77
2015	0.77
sometime	0.77
suggest	0.77
lets	0.77
deleting	0.77
only	0.77
manager	0.77
clients	0.76
summer	0.76
information	0.76
xp	0.76
also	0.76
blink	0.76
typo	0.76
upgrade	0.76
still	0.76
readers	0.76
capable	0.76
successor	0.76
joined	0.76
6snap	0.75
evernote	0.75
may	0.75
personality	0.75
calculator	0.75
weather	0.75
ipod	0.75
whoa	0.75
nevermind	0.75
stick	0.75
gears	0.75
forward	0.75
until	0.75
polish	0.75
enter	0.75
long	0.74
planning	0.74
fonts	0.74
probably	0.74
backup	0.74
kernel	0.74
actually	0.74
proud	0.74
days	0.73
cute	0.73
2gb	0.73
tonight	0.73
ativ	0.73
phrase	0.73
emoji	0.73
address	0.73
year	0.73
l1520	0.73
deserves	0.73
ipad	0.73
months	0.73
processors	0.73
upset	0.73
6tag	0.73
responses	0.73
automatic	0.73
closely	0.72
someday	0.72
ago	0.72
designer	0.72
unified	0.72
rich	0.72
hopefully	0.72
wp10	0.72
wp9	0.72
smartphone	0.72
tuesday	0.72
comes	0.72
effect	0.72
form	0.72
spring	0.72
scrolling	0.72
w10	0.72
iso	0.72
invested	0.71
damn	0.71
flat	0.71
s2	0.71
theory	0.71
tried	0.71
freaking	0.71
2016	0.71
come	0.71
pm	0.70
extremely	0.70
announced	0.70
4k	0.70
ready	0.70
14th	0.70
d	0.70
realized	0.70
make	0.70
much	0.70
despite	0.70
ease	0.70
pulling	0.70
w8.1	0.70
operating	0.70
surface	0.70
929	0.70
tablets	0.69
soon	0.69
5c	0.69
years	0.69
called	0.69
show	0.69
1080p	0.69
way	0.69
next	0.69
huyn	0.69
ordered	0.69
ensure	0.69
backing	0.69
lasted	0.69
finally	0.69
rolled	0.69
done	0.69
owned	0.69
os	0.68
happily	0.68
method	0.68
placed	0.68
copied	0.68
restored	0.68
should	0.68
impression	0.68
8gb	0.68
protector	0.68
quad	0.68
chips	0.68
internals	0.68
updated	0.68
14	0.68
tomorrow	0.68
threshold	0.68
windows	0.68
produce	0.68
seemed	0.68
presented	0.68
cleared	0.68
entries	0.68
laptop	0.67
event	0.67
colored	0.67
wp8.1	0.67
screenshot	0.67
4s	0.67
balance	0.67
draining	0.67
plate	0.67
535	0.67
edited	0.67
mb	0.67
patient	0.67
arm	0.67
9	0.67
heart	0.67
designed	0.67
trick	0.67
brightness	0.66
tax	0.66
macbook	0.66
artist	0.66
512mb	0.66
jealous	0.66
afraid	0.66
will	0.66
owner	0.66
typed	0.66
alot	0.66
motorola	0.66
videos	0.66
perhaps	0.66
setting	0.66
marketplace	0.66
neo	0.66
letters	0.65
lt	0.65
snapdragon	0.65
g	0.65
hoped	0.65
arrive	0.65
hard	0.65
18	0.65
later	0.65
360	0.65
day	0.65
restoring	0.65
bezels	0.65
quad-core	0.65
inches	0.65
primarily	0.65
730	0.65
ridiculously	0.65
check	0.65
confused	0.64
1520.3	0.64
gdr	0.64
either	0.64
variant	0.64
display	0.64
future	0.64
release	0.64
x86	0.64
interest	0.64
proper	0.64
cover	0.64
nt	0.64
amber	0.64
deal	0.64
newegg	0.64
older	0.64
8.1.1	0.64
realise	0.64
buddy	0.64
intel	0.64
from	0.64
flip	0.64
win8.1	0.64
take	0.63
style	0.63
8.1	0.63
recorded	0.63
killed	0.63
friday	0.63
lists	0.63
cases	0.63
errors	0.63
typing	0.63
prediction	0.63
upgraded	0.63
s3	0.63
80	0.63
letting	0.63
meh	0.63
win8	0.63
sooner	0.63
resources	0.62
displays	0.62
working	0.62
checked	0.62
wp	0.62
hub	0.62
xbm	0.62
recommended	0.62
extras	0.62
w8	0.62
735	0.62
spinning	0.62
mini	0.62
blurry	0.62
win10	0.62
christmas	0.62
video	0.62
nowhere	0.62
120	0.62
easily	0.62
shutter	0.62
gorilla	0.61
chats	0.61
moderate	0.61
hear	0.61
lasts	0.61
upvote	0.61
last	0.61
bb	0.61
history	0.61
movie	0.61
seem	0.61
s4	0.61
roughly	0.61
register	0.61
bezel	0.61
rolling	0.60
specify	0.60
supposedly	0.60
g3	0.60
4.7	0.60
photos	0.60
core	0.60
try	0.60
rollout	0.60
forced	0.60
delete	0.60
denim	0.60
adjust	0.60
cyan	0.59
option	0.59
gdr1	0.59
engineers	0.59
dp	0.59
all	0.59
glass	0.59
problem	0.59
factory	0.59
update	0.59
resetting	0.59
define	0.59
520/521	0.59
wordflow	0.59
round	0.59
time	0.59
pad	0.58
1030	0.58
winphone	0.58
ps	0.58
official	0.58
exposure	0.58
above	0.58
error	0.58
struggling	0.58
metro	0.58
instructions	0.58
swear	0.58
respond	0.58
automatically	0.58
10	0.58
sorted	0.58
march	0.58
fits	0.58
longer	0.58
downloading	0.58
excel	0.58
gdr3	0.58
standby	0.58
name	0.57
suit	0.57
winter	0.57
valuable	0.57
join	0.57
rtm	0.57
transition	0.57
notebook	0.57
expecting	0.57
could	0.57
week	0.57
animation	0.57
has	0.57
720p	0.57
far	0.57
popped	0.57
nah	0.57
anytime	0.57
implementation	0.57
soc	0.57
pfd	0.57
worry	0.57
ram	0.57
bummer	0.57
truly	0.57
cortana	0.56
edges	0.56
paste	0.56
weeks	0.56
preview	0.56
32gb	0.56
coming	0.56
moto	0.56
installing	0.56
incentive	0.56
24	0.56
assistant	0.56
shopping	0.56
screen	0.56
former	0.56
smallest	0.56
announce	0.56
recording	0.56
able	0.56
events	0.56
syncs	0.55
removable	0.55
levels	0.55
job	0.55
run	0.55
lens	0.55
afterwards	0.55
color	0.55
dev	0.55
backups	0.55
made	0.55
downside	0.55
encourage	0.55
hidden	0.55
hours	0.55
firmware	0.55
shot	0.55
which	0.55
telus	0.55
installed	0.55
cpu	0.54
again	0.54
interests	0.54
streams	0.54
monday	0.54
weekend	0.54
convenient	0.54
died	0.54
proxy	0.54
international	0.54
keyboard	0.54
upon	0.54
within	0.54
recently	0.54
exactly	0.54
tumblr	0.54
decided	0.54
backed	0.53
chance	0.53
delivered	0.53
follow	0.53
dammit	0.53
out	0.53
third-party	0.53
1gb	0.53
entering	0.53
extra	0.53
ota	0.53
reinstall	0.53
get	0.53
rock	0.53
m7	0.53
advertised	0.53
implementing	0.53
808	0.53
gear	0.53
effort	0.53
releases	0.53
pics	0.53
reply	0.53
shortcuts	0.53
formatting	0.53
dropbox	0.53
cores	0.53
plus	0.53
spanish	0.52
920s	0.52
transferred	0.52
dual	0.52
practical	0.52
clicked	0.52
let	0.52
rebooting	0.52
netflix	0.52
club	0.52
processor	0.52
snapchat	0.52
brain	0.52
considered	0.52
first	0.52
build	0.52
lenovo	0.52
12	0.52
801	0.52
nexus	0.52
gone	0.52
4.3	0.52
how	0.52
integration	0.51
rolls	0.51
pic	0.51
mouse	0.51
6	0.51
wanting	0.51
loyal	0.51
3	0.51
solved	0.51
saving	0.51
updating	0.51
took	0.51
oneplus	0.51
o2	0.51
passwords	0.51
reset	0.51
unofficial	0.51
stylus	0.51
forever	0.51
would	0.51
because	0.50
going	0.50
hp	0.50
pushed	0.50
methods	0.50
lot	0.50
knowledge	0.50
taking	0.50
interactive	0.50
desktop	0.50
xbox	0.50
realize	0.50
season	0.50
didnt	0.50
officially	0.50
wont	0.50
hour	0.50
2-3	0.50
beta	0.50
2	0.50
holiday	0.50
character	0.50
burned	0.50
ringtone	0.50
widget	0.50
lockscreen	0.50
4-5	0.49
party	0.49
plays	0.49
half	0.49
1.5	0.49
we	0.49
wasted	0.49
twitter	0.49
alive	0.49
likely	0.49
reinstalling	0.49
voice	0.49
believe	0.49
updates	0.49
win	0.49
colour	0.49
805	0.49
5	0.49
both	0.49
reinstalled	0.49
replies	0.49
bundled	0.49
something	0.49
normal	0.49
unfortunately	0.49
efforts	0.49
pls	0.49
defaults	0.49
tracker	0.49
note	0.49
temporarily	0.49
direct	0.49
expect	0.49
premium	0.48
art	0.48
authentication	0.48
digging	0.48
quicker	0.48
pulls	0.48
warm	0.48
cracked	0.48
six	0.48
even	0.48
eventually	0.48
image	0.48
tad	0.48
install	0.48
fix	0.48
worried	0.48
miracast	0.48
genre	0.48
xap	0.48
fb	0.48
before	0.48
pocket	0.48
64gb	0.48
broke	0.48
400	0.48
3rd	0.48
degree	0.48
making	0.48
shots	0.48
air	0.48
releasing	0.47
downgrade	0.47
minutes	0.47
fit	0.47
bb10	0.47
messenger	0.47
ability	0.47
developer	0.47
itunes	0.47
please	0.47
recovery	0.47
wo	0.47
gpu	0.47
idk	0.47
need	0.47
reddit	0.47
blank	0.47
story	0.47
picture	0.47
media	0.47
pc	0.47
layer	0.47
blu	0.47
picking	0.47
appointments	0.47
crossed	0.47
brought	0.47
order	0.47
easier	0.47
ip	0.47
dictionary	0.47
imagine	0.47
black	0.47
developing	0.46
consider	0.46
community	0.46
o	0.46
advanced	0.46
documents	0.46
paid	0.46
chances	0.46
missed	0.46
13	0.46
figures	0.46
settings	0.46
gigs	0.46
seller	0.46
pass	0.46
msn	0.46
6tin	0.46
boom	0.45
managed	0.45
3-4	0.45
trying	0.45
options	0.45
rebooted	0.45
third	0.45
picked	0.45
chromecast	0.45
across	0.45
boxes	0.45
signed	0.45
att	0.45
calendars	0.45
couple	0.45
concerned	0.45
money	0.45
tool	0.45
facebook	0.45
pictures	0.45
ringtones	0.45
health	0.45
siri	0.45
usage	0.45
shame	0.45
tested	0.44
does	0.44
today	0.44
refurbished	0.44
document	0.44
promised	0.44
taylor	0.44
linux	0.44
month	0.44
wallpaper	0.44
find	0.44
happened	0.44
shortcut	0.44
doubt	0.44
artists	0.44
food	0.44
size	0.44
16	0.44
course	0.44
version	0.44
asap	0.44
showing	0.44
dunno	0.44
music	0.44
l	0.44
think	0.44
sports	0.44
gig	0.44
request	0.44
smartglass	0.43
bricked	0.43
aware	0.43
functionality	0.43
owners	0.43
flashed	0.43
awhile	0.43
fixed	0.43
albums	0.43
technically	0.43
files	0.43
crazy	0.43
fancy	0.43
mean	0.43
4gb	0.43
15	0.43
solve	0.43
submit	0.43
41mp	0.43
ten	0.43
qi	0.43
messaging	0.43
arrives	0.43
comma	0.43
wonderful	0.43
pdf	0.42
put	0.42
four	0.42
sprint	0.42
curiosity	0.42
thing	0.42
command	0.42
instagram	0.42
newest	0.42
always	0.42
master	0.42
condition	0.42
box	0.42
60	0.42
backgrounds	0.42
two	0.42
70	0.42
names	0.42
regional	0.42
space	0.41
searching	0.41
channels	0.41
discover	0.41
pulled	0.41
heat	0.41
20	0.41
99	0.41
storage	0.41
usable	0.41
login	0.41
minute	0.41
flashlight	0.41
knew	0.41
vote	0.41
takes	0.41
blows	0.41
same	0.41
particularly	0.41
lock	0.41
whatsapp	0.41
mms	0.41
checking	0.41
letter	0.41
reason	0.41
75	0.41
twice	0.41
soft	0.40
merge	0.40
11	0.40
30	0.40
metadata	0.40
boss	0.40
yet	0.40
affects	0.40
bell	0.40
less	0.40
rooms	0.40
promotion	0.40
test	0.40
five	0.40
past	0.40
winrt	0.40
uninstalling	0.40
4.5	0.40
ux	0.40
tbh	0.40
upgrading	0.40
few	0.40
vine	0.40
mint	0.40
target	0.40
electronics	0.40
vibrate	0.40
after	0.40
ear	0.39
attachments	0.39
insider	0.39
active	0.39
timing	0.39
texting	0.39
times	0.39
once	0.39
150	0.39
vibration	0.39
ship	0.39
uh	0.39
voicemail	0.39
charging	0.39
social	0.39
ca	0.39
uc	0.39
spent	0.39
40	0.39
did	0.39
worth	0.39
promises	0.39
ips	0.39
gesture	0.39
format	0.39
robust	0.39
girl	0.39
delayed	0.39
meanwhile	0.39
usd	0.39
uservoice	0.39
restarting	0.39
program	0.39
revert	0.38
2.5	0.38
images	0.38
roll	0.38
offer	0.38
sign	0.38
solves	0.38
machine	0.38
17	0.38
sec	0.38
things	0.38
universal	0.38
viable	0.38
restarted	0.38
uninstalled	0.38
mail	0.38
standards	0.38
originally	0.38
hint	0.38
recall	0.38
force	0.38
yellow	0.38
practice	0.38
bit	0.38
approved	0.38
dust	0.38
joe	0.38
capture	0.38
sort	0.37
there	0.37
ee	0.37
hands	0.37
shell	0.37
percent	0.37
fresh	0.37
final	0.37
swiftkey	0.37
similarly	0.37
16gb	0.37
swype	0.37
editing	0.37
cv	0.37
horizon	0.37
means	0.37
such	0.37
gb	0.37
keeping	0.37
sounded	0.37
accent	0.37
homescreen	0.37
offered	0.37
kik	0.37
harder	0.37
upgrades	0.37
slowly	0.37
installation	0.37
announcement	0.37
details	0.37
secret	0.37
drink	0.37
tracking	0.37
200	0.37
whatever	0.37
flashing	0.37
machines	0.37
previous	0.37
deleted	0.37
fortunately	0.36
lighter	0.36
english	0.36
bring	0.36
patch	0.36
red	0.36
sound	0.36
silverlight	0.36
changed	0.36
holding	0.36
remote	0.36
expandable	0.36
channel	0.36
fewer	0.36
around	0.36
sorting	0.36
album	0.36
artwork	0.36
dirt	0.36
download	0.36
surprise	0.36
notes	0.36
launching	0.36
significantly	0.36
drop	0.36
fixing	0.36
tags	0.36
german	0.36
integrated	0.36
see	0.36
itself	0.36
giving	0.36
syncing	0.36
animated	0.36
operator	0.36
50	0.36
sync	0.35
math	0.35
putting	0.35
groups	0.35
moving	0.35
place	0.35
spare	0.35
umm	0.35
foursquare	0.35
addition	0.35
sale	0.35
grab	0.35
happening	0.35
mac	0.35
navigating	0.35
resolved	0.35
attach	0.35
ex	0.35
32	0.35
100	0.35
email	0.35
idle	0.35
log	0.35
nothing	0.35
on/off	0.35
creative	0.35
returned	0.35
mixradio	0.35
clock	0.35
unlocked	0.35
seconds	0.35
mature	0.35
flight	0.35
figure	0.35
cloud	0.35
assuming	0.35
want	0.35
remaining	0.35
developed	0.35
tmo	0.35
benefits	0.35
implemented	0.35
41	0.34
when	0.34
upcoming	0.34
lag	0.34
database	0.34
path	0.34
chat	0.34
plenty	0.34
issue	0.34
skype	0.34
dont	0.34
uk	0.34
wireless	0.34
learned	0.34
usability	0.34
centre	0.34
canadian	0.34
bbm	0.34
three	0.34
noticeably	0.34
columns	0.34
invest	0.34
approve	0.34
mkv	0.34
amazon	0.34
stability	0.34
simpler	0.34
into	0.34
improves	0.34
1-2	0.34
used	0.34
memory	0.34
amoled	0.34
pcs	0.34
amp	0.34
dropped	0.34
energy	0.34
column	0.34
xamarin	0.34
then	0.34
toggle	0.33
default	0.33
20mp	0.33
droid	0.33
introduced	0.33
built	0.33
focused	0.33
individual	0.33
64	0.33
2.0	0.33
bucks	0.33
contacting	0.33
photo	0.33
possibly	0.33
leaked	0.33
law	0.33
hotspot	0.33
synced	0.33
playing	0.33
600	0.33
optimized	0.33
income	0.33
operate	0.33
delivery	0.33
vodafone	0.33
possible	0.33
saved	0.33
group	0.33
anymore	0.33
cross-platform	0.33
taken	0.33
office	0.33
control	0.33
viewer	0.33
inch	0.33
unbranded	0.33
incredibly	0.32
stream	0.32
bits	0.32
stays	0.32
new	0.32
language	0.32
toggles	0.32
gsm	0.32
result	0.32
speech	0.32
thumb	0.32
shown	0.32
oled	0.32
e-mail	0.32
skydrive	0.32
weight	0.32
advance	0.32
restart	0.32
sensitivity	0.32
tone	0.32
ebay	0.32
technical	0.32
us	0.32
blue	0.32
messages	0.32
smaller	0.32
4th	0.32
alarms	0.32
carry	0.32
underneath	0.32
tmobile	0.32
songs	0.31
whats	0.31
row	0.31
import	0.31
nearly	0.31
themes	0.31
library	0.31
item	0.31
signing	0.31
setup	0.31
dirty	0.31
sms	0.31
stored	0.31
light	0.31
compelling	0.31
rotation	0.31
xaml	0.31
suggested	0.31
processing	0.31
buy	0.31
closest	0.31
rumored	0.31
than	0.31
colors	0.31
imported	0.31
browsing	0.31
cons	0.31
onenote	0.31
reaching	0.31
especially	0.31
turned	0.31
immediately	0.31
go	0.31
assumed	0.31
orange	0.31
adobe	0.31
spending	0.30
regret	0.30
prompt	0.30
customizable	0.30
rudy	0.30
file	0.30
iphones	0.30
convince	0.30
allowing	0.30
message	0.30
announcements	0.30
5mp	0.30
500	0.30
prepaid	0.30
during	0.30
key	0.30
movies	0.30
train	0.30
computers	0.30
goes	0.30
gave	0.30
meeting	0.30
opt	0.30
news	0.30
account	0.30
computer	0.30
station	0.30
some	0.30
replacements	0.30
drains	0.30
sd	0.30
folders	0.30
characters	0.30
z1	0.30
cents	0.30
built-in	0.30
categories	0.30
patience	0.30
match	0.30
mins	0.30
folder	0.30
shipped	0.30
internal	0.30
350	0.30
microsd	0.30
unlock	0.29
feeds	0.29
protected	0.29
replace	0.29
downloaded	0.29
ios7	0.29
requests	0.29
1	0.29
wasting	0.29
screens	0.29
tv	0.29
directly	0.29
verizon	0.29
leaning	0.29
ton	0.29
background	0.29
cam	0.29
shared	0.29
pureview	0.29
45	0.29
delay	0.29
subscribed	0.29
improve	0.29
notify	0.29
panel	0.29
action	0.29
presumably	0.29
250	0.29
iirc	0.29
vlc	0.29
song	0.29
transfer	0.29
shuffle	0.29
one	0.29
say	0.29
everyday	0.29
rogers	0.29
chargers	0.29
raw	0.29
individually	0.29
copy	0.29
insurance	0.29
merged	0.29
consistently	0.28
know	0.28
center	0.28
theirs	0.28
free	0.28
ruined	0.28
gmail	0.28
ask	0.28
boost	0.28
native	0.28
scratches	0.28
stayed	0.28
currently	0.28
received	0.28
128gb	0.28
e	0.28
creating	0.28
silence	0.28
smartphones	0.28
25	0.28
contacts	0.28
emails	0.28
opened	0.28
numbers	0.28
examples	0.28
unless	0.28
several	0.28
owning	0.28
formats	0.28
at	0.27
colours	0.27
united	0.27
shipping	0.27
night	0.27
slightly	0.27
wikipedia	0.27
picker	0.27
items	0.27
amount	0.27
tones	0.27
places	0.27
uploaded	0.27
available	0.27
got	0.27
feed	0.27
successfully	0.27
transparent	0.27
generally	0.27
bright	0.27
min	0.27
reboot	0.27
receive	0.27
pin	0.27
saver	0.27
morning	0.27
lots	0.27
budget	0.27
estate	0.27
fellow	0.27
resolve	0.27
slot	0.27
graphics	0.27
runtime	0.27
upload	0.27
quiet	0.26
them	0.26
watching	0.26
tile	0.26
sleep	0.26
answered	0.26
many	0.26
send	0.26
software	0.26
states	0.26
watch	0.26
spend	0.26
live	0.26
gif	0.26
save	0.26
finished	0.26
back	0.26
example	0.26
most	0.26
port	0.26
waste	0.26
font	0.26
pixels	0.26
battery	0.26
portrait	0.26
beamer	0.26
record	0.26
wiki	0.26
collection	0.26
streaming	0.26
starting	0.26
offering	0.26
locally	0.26
fixes	0.26
shorter	0.26
carrying	0.26
develop	0.26
rename	0.26
somewhat	0.26
chip	0.26
those	0.26
learning	0.25
galaxy	0.25
samsung	0.25
introduce	0.25
notification	0.25
fingers	0.25
call	0.25
played	0.25
server	0.25
noticing	0.25
question	0.25
perform	0.25
these	0.25
5s	0.25
americans	0.25
hack	0.25
zoom	0.25
every	0.25
standalone	0.25
selecting	0.25
wps	0.25
vzw	0.25
everytime	0.25
explorer	0.25
doesnt	0.25
profile	0.25
ring	0.25
achievements	0.25
published	0.25
cutting	0.25
uploading	0.25
detect	0.25
logging	0.25
compatible	0.25
germany	0.25
ultra	0.25
sold	0.25
lucky	0.25
region	0.24
mind	0.24
xda	0.24
wake	0.24
searches	0.24
held	0.24
35	0.24
testers	0.24
planned	0.24
already	0.24
applications	0.24
lcd	0.24
text	0.24
set	0.24
alarm	0.24
panorama	0.24
link	0.24
dollars	0.24
c	0.24
boot	0.24
imessage	0.24
bulky	0.24
maker	0.24
connects	0.24
saw	0.24
controls	0.24
hotmail	0.24
turning	0.24
logged	0.24
sides	0.24
calendar	0.24
charge	0.24
ways	0.24
onedrive	0.24
qr	0.24
ois	0.24
gift	0.24
handle	0.24
3gb	0.24
uploads	0.24
possibility	0.24
appointment	0.24
dropping	0.24
unity	0.23
low-end	0.23
term	0.23
restricted	0.23
number	0.23
subscribe	0.23
ride	0.23
ported	0.23
playlist	0.23
our	0.23
list	0.23
development	0.23
whatsoever	0.23
yourself	0.23
vision	0.23
holidays	0.23
central	0.23
supposed	0.23
opera	0.23
enabled	0.23
addresses	0.23
ran	0.23
bitlocker	0.23
leaves	0.23
encrypted	0.23
buying	0.23
turn	0.23
emulator	0.23
why	0.23
votes	0.23
magically	0.23
etc	0.23
facing	0.23
pick	0.23
episode	0.23
phablet	0.23
print	0.22
american	0.22
pattern	0.22
dutch	0.22
snaps	0.22
gt	0.22
notice	0.22
package	0.22
seeing	0.22
add	0.22
scanner	0.22
builds	0.22
flash	0.22
white	0.22
worthy	0.22
zealand	0.22
sized	0.22
improved	0.22
quarter	0.22
texts	0.22
ireland	0.22
handful	0.22
studio	0.22
happen	0.22
other	0.22
quickly	0.22
along	0.22
zero	0.22
prepared	0.22
contact	0.22
actual	0.22
protect	0.22
australian	0.22
security	0.22
rss	0.22
yours	0.21
imho	0.21
status	0.21
soundcloud	0.21
bypass	0.21
canada	0.21
iphone	0.21
system	0.21
connecting	0.21
results	0.21
purchasing	0.21
australia	0.21
19	0.21
green	0.21
rom	0.21
hundred	0.21
linked	0.21
versus	0.21
locked	0.21
fed	0.21
pushes	0.21
views	0.21
trip	0.21
x	0.21
remain	0.21
conference	0.21
phablets	0.21
export	0.21
losing	0.21
apps	0.21
pushing	0.21
dark	0.21
thicker	0.21
branded	0.20
sentence	0.20
accessing	0.20
gifs	0.20
sensorcore	0.20
chart	0.20
however	0.20
never	0.20
reminders	0.20
fitness	0.20
manage	0.20
libraries	0.20
multiple	0.20
object	0.20
rush	0.20
search	0.20
had	0.20
feet	0.20
replying	0.20
per	0.20
searched	0.20
express	0.20
mention	0.20
chinese	0.20
tasks	0.20
mp	0.20
ps4	0.20
snap	0.20
hit	0.20
exit	0.20
under	0.20
provide	0.20
performance	0.20
indication	0.20
t-mobile	0.19
airplane	0.19
linking	0.19
implement	0.19
xperia	0.19
pricing	0.19
receiving	0.19
tweaks	0.19
wave	0.19
nfc	0.19
netherlands	0.19
bound	0.19
sent	0.19
tons	0.19
your	0.19
outlook	0.19
advertise	0.19
ages	0.19
period	0.19
brands	0.19
sections	0.19
attack	0.19
marked	0.19
tinder	0.19
she	0.19
explain	0.19
volume	0.19
allows	0.19
costs	0.19
registered	0.19
eye	0.19
swipe	0.19
virtual	0.19
heading	0.19
copies	0.19
ringer	0.19
power	0.19
uncheck	0.19
pull	0.19
controller	0.19
leading	0.19
subscription	0.19
majority	0.18
calls	0.18
cursor	0.18
crop	0.18
mp3s	0.18
speak	0.18
tabs	0.18
brazil	0.18
header	0.18
push	0.18
stage	0.18
browse	0.18
present	0.18
her	0.18
spot	0.18
gallery	0.18
frequent	0.18
sticking	0.18
natively	0.18
change	0.18
further	0.18
noticeable	0.18
omg	0.18
developers	0.18
u.s	0.18
country	0.18
ubuntu	0.18
filters	0.18
timer	0.18
store	0.18
doing	0.18
french	0.18
code	0.18
pinned	0.18
unavailable	0.18
hangouts	0.18
queue	0.18
accessed	0.18
provides	0.17
life	0.17
4	0.17
mods	0.17
hopes	0.17
off	0.17
card	0.17
load	0.17
emailed	0.17
environment	0.17
larger	0.17
apis	0.17
count	0.17
lunch	0.17
human	0.17
brings	0.17
player	0.17
bunch	0.17
sample	0.17
capability	0.17
cricket	0.17
apply	0.17
board	0.17
xenon	0.17
slight	0.17
guide	0.17
wear	0.17
notifications	0.17
drained	0.17
via	0.17
me	0.17
luckily	0.17
slider	0.17
theme	0.17
contract	0.17
alongside	0.17
vista	0.17
track	0.17
speakers	0.16
consumption	0.16
splash	0.16
95	0.16
blow	0.16
router	0.16
wolfram	0.16
rating	0.16
sending	0.16
chief	0.16
gold	0.16
modify	0.16
console	0.16
counts	0.16
hold	0.16
launcher	0.16
gps	0.16
s5	0.16
finland	0.16
functioning	0.16
refreshing	0.16
tell	0.16
downloads	0.16
adding	0.16
been	0.16
crashed	0.16
sdk	0.16
blur	0.16
india	0.16
languages	0.16
usa	0.16
camera	0.16
gaining	0.16
play	0.16
functions	0.16
pop	0.16
phenomenal	0.16
here	0.15
task	0.15
leave	0.15
tethering	0.15
isnt	0.15
shows	0.15
repairs	0.15
faulty	0.15
tiles	0.15
listen	0.15
accounts	0.15
honestly	0.15
prime	0.15
kit	0.15
vibrates	0.15
teams	0.15
id	0.15
fired	0.15
pieces	0.15
failed	0.15
genuinely	0.15
sim	0.15
bed	0.15
thousand	0.15
report	0.15
closer	0.15
allow	0.15
capacity	0.15
photography	0.15
suggesting	0.15
physically	0.15
translation	0.15
thinner	0.15
realistic	0.15
icloud	0.15
sharing	0.15
cash	0.14
replacement	0.14
instance	0.14
sizes	0.14
removed	0.14
desired	0.14
players	0.14
batteries	0.14
pushbullet	0.14
marketshare	0.14
down	0.14
enterprise	0.14
startup	0.14
sitting	0.14
create	0.14
share	0.14
different	0.14
symbian	0.14
simply	0.14
lenses	0.14
ecosystem	0.14
pace	0.14
traction	0.14
dial	0.14
firefox	0.14
voted	0.14
promise	0.14
nz	0.14
activity	0.14
separate	0.14
european	0.14
onto	0.14
behaviour	0.14
glance	0.14
g2	0.13
big	0.13
changing	0.13
8xt	0.13
hire	0.13
hundreds	0.13
almost	0.13
loaded	0.13
viewing	0.13
apart	0.13
opening	0.13
contribute	0.13
wise	0.13
bugs	0.13
counting	0.13
rear	0.13
customization	0.13
skip	0.13
element	0.13
outright	0.13
tapping	0.13
anything	0.13
gf	0.13
short	0.13
stuck	0.13
mode	0.13
havent	0.13
radio	0.13
transparency	0.13
displayed	0.13
loading	0.13
following	0.13
separated	0.13
disabling	0.13
various	0.13
max	0.13
staying	0.13
brother	0.13
cold	0.13
ending	0.13
mah	0.12
porting	0.12
drain	0.12
section	0.12
pissed	0.12
t	0.12
drivers	0.12
permanently	0.12
sony	0.12
schedule	0.12
audio	0.12
landscape	0.12
near	0.12
thick	0.12
huawei	0.12
lead	0.12
whenever	0.12
value	0.12
trend	0.12
continue	0.12
matches	0.12
getting	0.12
flagship	0.12
turns	0.12
replaced	0.12
components	0.12
unknown	0.12
fact	0.12
forth	0.12
finding	0.12
disabled	0.12
sits	0.12
expected	0.12
connect	0.12
safe	0.12
adds	0.12
service	0.12
testing	0.11
throwing	0.11
unlimited	0.11
tools	0.11
confirm	0.11
obscure	0.11
in-app	0.11
loss	0.11
w	0.11
drunk	0.11
kindle	0.11
roaming	0.11
silent	0.11
publish	0.11
applies	0.11
window	0.11
billion	0.11
justify	0.11
bing	0.11
contracts	0.11
reaction	0.11
double	0.11
parties	0.11
gestures	0.11
miles	0.11
floor	0.11
sweden	0.11
purchased	0.11
custom	0.11
selling	0.11
stuff	0.11
resets	0.11
dollar	0.11
gladly	0.11
prior	0.10
solutions	0.10
enable	0.10
celsius	0.10
france	0.10
liked	0.10
production	0.10
up	0.10
approval	0.10
fitbit	0.10
alphabetical	0.10
source	0.10
framework	0.10
disable	0.10
podcast	0.10
given	0.10
percentage	0.10
allowed	0.10
revenue	0.10
problems	0.10
charges	0.10
charged	0.10
asking	0.10
predictions	0.10
overnight	0.10
wide	0.10
pressing	0.10
wonder	0.10
home	0.10
purchase	0.10
confirmation	0.10
replacing	0.10
focusing	0.10
micro	0.10
toast	0.10
monopoly	0.10
paint	0.10
height	0.09
league	0.09
having	0.09
platform	0.09
bringing	0.09
commands	0.09
accessories	0.09
generate	0.09
repaired	0.09
product	0.09
chunk	0.09
china	0.09
grow	0.09
communication	0.09
application	0.09
tab	0.09
elop	0.09
non	0.09
hook	0.09
projects	0.09
south	0.09
flipping	0.09
icon/930	0.09
selected	0.09
locations	0.09
la	0.09
market	0.09
unlocking	0.09
bands	0.09
photoshop	0.09
contrast	0.09
empty	0.09
dealing	0.08
flappy	0.08
0	0.08
intensive	0.08
average	0.08
clicking	0.08
changes	0.08
matter	0.08
rules	0.08
decision	0.08
clone	0.08
pages	0.08
hero	0.08
mom	0.08
deserve	0.08
paypal	0.08
resolution	0.08
concrete	0.08
mother	0.08
y	0.08
pointed	0.08
ie11	0.08
price	0.08
karma	0.08
each	0.08
exclusive	0.08
conversation	0.08
write	0.07
documentation	0.07
subs	0.07
touch	0.07
pause	0.07
where	0.07
bigger	0.07
osx	0.07
carriers	0.07
browsers	0.07
viber	0.07
project	0.07
base	0.07
somehow	0.07
sell	0.07
blocked	0.07
stories	0.07
buck	0.07
visible	0.07
north	0.07
exchange	0.07
open	0.07
cost	0.07
yahoo	0.06
agent	0.06
entertainment	0.06
went	0.06
survive	0.06
challenge	0.06
italy	0.06
recognition	0.06
purple	0.06
net	0.06
device	0.06
steam	0.06
3g	0.06
loads	0.06
algorithm	0.06
vertical	0.06
ground	0.06
recent	0.06
cat	0.06
700	0.06
cheaper	0.06
warranty	0.06
handled	0.06
improvements	0.06
considering	0.06
devs	0.06
travel	0.06
countless	0.05
commercials	0.05
im	0.05
tweets	0.05
stereo	0.05
relationship	0.05
codes	0.05
scan	0.05
tray	0.05
compromise	0.05
by	0.05
void	0.05
confusion	0.05
fall	0.05
alerts	0.05
previews	0.05
incoming	0.05
supporting	0.05
room	0.05
swiping	0.05
closed	0.05
content	0.05
press	0.05
secondly	0.05
harm	0.05
learn	0.05
aspects	0.05
online	0.05
entry	0.05
band	0.05
1000	0.05
multi	0.05
jumping	0.05
folks	0.05
goal	0.05
pivot	0.05
needing	0.05
speed	0.05
countries	0.05
approach	0.04
flaws	0.04
simultaneously	0.04
latest	0.04
ios	0.04
speaker	0.04
investment	0.04
tweak	0.04
wall	0.04
europe	0.04
button	0.04
exception	0.04
carrier	0.04
select	0.04
suite	0.04
ve	0.04
whilst	0.04
afford	0.04
between	0.04
any	0.04
responded	0.04
wind	0.04
gain	0.04
handed	0.04
freeze	0.04
whether	0.04
refresh	0.04
integrate	0.04
secondary	0.04
ditto	0.04
paying	0.04
yesterday	0.04
sensor	0.04
issues	0.04
java	0.04
population	0.03
touching	0.03
internet	0.03
popularity	0.03
member	0.03
ie	0.03
ones	0.03
plugging	0.03
plan	0.03
his	0.03
gets	0.03
closes	0.03
potentially	0.03
page	0.03
cable	0.03
promote	0.03
roms	0.03
extended	0.03
through	0.03
pressed	0.03
contacted	0.03
america	0.03
variants	0.03
html5	0.03
logical	0.03
acting	0.03
completed	0.02
conclusion	0.02
network	0.02
3d	0.02
view	0.02
existing	0.02
rain	0.02
deals	0.02
clicks	0.02
kids	0.02
opens	0.02
banned	0.02
nearest	0.02
finger	0.02
dear	0.02
post	0.02
edition	0.02
recognize	0.02
hardware	0.02
microphone	0.02
mark	0.02
earn	0.02
covered	0.02
daughter	0.02
jack	0.02
servers	0.02
potential	0.02
charger	0.02
timeline	0.02
complicated	0.02
flickr	0.01
hahaha	0.01
away	0.01
b	0.01
reasonably	0.01
outside	0.01
team	0.01
nsa	0.01
expert	0.01
opposed	0.01
amounts	0.01
frequencies	0.01
warning	0.01
cycle	0.01
managing	0.01
multitasking	0.01
found	0.01
hitting	0.01
azure	0.01
throughout	0.01
steps	0.01
le	0.01
ive	0.01
shake	0.01
parents	0.01
title	0.01
websites	0.01
swap	0.01
knowing	0.01
personal	0.01
dot	0.01
vs	0.01
perspective	0.01
tint	0.00
flaw	0.00
return	0.00
hand	0.00
bother	0.00
somewhere	0.00
subreddits	0.00
headphone	0.00
barely	0.00
resume	0.00
forcing	0.00
suck	-6.46
useless	-6.37
shitty	-6.37
crappy	-6.13
pathetic	-6.09
ridiculous	-5.85
nightmare	-5.70
reminded	-5.66
state	-5.35
hilarious	-5.35
stupid	-5.33
poor	-5.23
utter	-5.20
sucked	-5.14
inconsistent	-5.14
department	-5.14
bullshit	-5.10
crap	-5.09
drives	-5.03
bloatware	-4.98
superior	-4.87
sucks	-4.78
ugh	-4.73
bothers	-4.72
horribly	-4.72
balls	-4.66
ugly	-4.57
touchwiz	-4.54
disappointing	-4.50
crack	-4.49
reverse	-4.45
mediocre	-4.44
retarded	-4.43
purely	-4.33
classic	-4.25
dislike	-4.23
mainly	-4.20
lame	-4.15
interact	-4.12
nonsense	-4.08
tier	-4.07
selection	-4.07
became	-4.02
audible	-4.02
discovered	-4.01
wondered	-4.00
forgotten	-3.99
innovation	-3.94
tldr	-3.94
unrelated	-3.94
refuses	-3.93
worthless	-3.92
mostly	-3.90
begin	-3.89
chose	-3.87
clue	-3.87
initially	-3.86
reception	-3.85
gripe	-3.85
fanboy	-3.84
fucking	-3.82
salt	-3.75
garbage	-3.75
nuts	-3.74
epic	-3.72
beyond	-3.69
agree	-3.67
dumb	-3.67
tries	-3.65
outdated	-3.65
gapless	-3.61
knows	-3.58
switched	-3.56
lowest	-3.52
rated	-3.51
redundant	-3.51
whole	-3.50
neither	-3.48
bashing	-3.41
angry	-3.37
fuck	-3.36
dick	-3.35
scenario	-3.34
kinect	-3.30
unusable	-3.23
necessary	-3.20
true	-3.19
bs	-3.19
beginning	-3.15
thinks	-3.11
lack	-3.09
special	-3.08
apologize	-3.08
complete	-3.06
likes	-3.04
junk	-3.03
rid	-3.01
sees	-3.01
ignorance	-3.01
face	-2.98
frustrating	-2.98
z	-2.98
lacking	-2.97
wants	-2.96
uses	-2.96
ass	-2.95
acceptable	-2.94
cares	-2.92
pile	-2.92
finds	-2.91
converted	-2.88
absolute	-2.88
shit	-2.87
disagree	-2.87
frankly	-2.86
trust	-2.86
beats	-2.83
embarrassing	-2.83
refuse	-2.82
ai	-2.82
aggressive	-2.81
ftfy	-2.81
owns	-2.77
boy	-2.75
general	-2.75
ruin	-2.72
total	-2.69
worse	-2.66
excuse	-2.66
admit	-2.66
ignorant	-2.66
mess	-2.65
asshole	-2.65
christ	-2.64
slow	-2.64
hole	-2.63
author	-2.62
tough	-2.59
area	-2.56
boring	-2.55
sick	-2.53
prove	-2.50
confusing	-2.48
reminds	-2.47
silly	-2.46
tired	-2.45
tricky	-2.42
lives	-2.42
sadly	-2.41
rubbish	-2.41
autocorrect	-2.38
fucked	-2.38
piece	-2.38
embedded	-2.36
trash	-2.35
understood	-2.33
awkward	-2.32
god	-2.27
personally	-2.26
lies	-2.24
cell	-2.24
argument	-2.24
pointless	-2.23
damned	-2.22
unresponsive	-2.21
buggy	-2.20
irrelevant	-2.19
lineup	-2.18
giant	-2.17
essentially	-2.17
laggy	-2.17
fool	-2.15
sluggish	-2.14
decisions	-2.13
greatest	-2.12
missing	-2.11
laugh	-2.10
jesus	-2.10
unnecessary	-2.10
naming	-2.09
kills	-2.09
bad	-2.08
annoying	-2.08
re	-2.08
largest	-2.07
scared	-2.06
biggest	-2.05
fastest	-2.04
strange	-2.02
ditch	-2.02
intention	-1.98
pure	-1.98
reads	-1.98
among	-1.97
eat	-1.91
insane	-1.91
funny	-1.91
subjective	-1.90
op	-1.89
mad	-1.89
clunky	-1.87
arguably	-1.86
stand	-1.86
part	-1.86
speculation	-1.86
backend	-1.86
wrapper	-1.86
apparent	-1.85
blame	-1.85
unfortunate	-1.84
piss	-1.84
opposite	-1.84
students	-1.83
pain	-1.81
matters	-1.81
weak	-1.81
troll	-1.80
due	-1.80
screw	-1.78
point	-1.77
arguing	-1.76
gaps	-1.76
ever	-1.75
irritating	-1.75
solely	-1.74
nobody	-1.72
serves	-1.71
redesign	-1.71
ignored	-1.71
entire	-1.71
rare	-1.70
messy	-1.70
peoples	-1.69
exclusives	-1.69
misleading	-1.69
purposes	-1.69
ends	-1.68
identical	-1.68
overpriced	-1.67
hamburger	-1.67
frustrated	-1.66
dog	-1.66
decides	-1.64
v	-1.64
plain	-1.64
grown	-1.64
talks	-1.64
mouth	-1.63
limited	-1.63
understands	-1.62
incorrect	-1.62
idiot	-1.62
paper	-1.61
bitch	-1.60
what	-1.60
assume	-1.60
filled	-1.60
annoys	-1.60
wins	-1.58
butt	-1.57
acknowledge	-1.56
vastly	-1.56
failure	-1.55
launches	-1.55
compared	-1.55
mod	-1.55
valid	-1.54
fan	-1.54
cry	-1.54
buys	-1.54
literally	-1.53
university	-1.53
frustration	-1.50
false	-1.50
screwed	-1.50
sufficient	-1.50
broken	-1.49
stopping	-1.48
malware	-1.47
college	-1.47
customer	-1.47
stop	-1.45
blind	-1.45
dr	-1.45
claims	-1.45
licensing	-1.44
claim	-1.43
ahead	-1.42
act	-1.41
relevant	-1.41
dated	-1.40
cluttered	-1.40
hurry	-1.39
appeal	-1.39
ignore	-1.37
joking	-1.37
badly	-1.36
friendly	-1.36
tl	-1.35
trolling	-1.35
oddly	-1.34
baked	-1.34
comparison	-1.33
aside	-1.33
right	-1.32
essential	-1.32
statement	-1.32
enjoyed	-1.30
preferred	-1.30
mentions	-1.30
pr	-1.30
programming	-1.29
poorly	-1.29
division	-1.29
fans	-1.29
tight	-1.28
saying	-1.28
behind	-1.28
trivial	-1.28
catching	-1.27
rule	-1.26
makers	-1.26
serve	-1.26
excuses	-1.26
pays	-1.26
kick	-1.25
porn	-1.25
legitimate	-1.25
whining	-1.25
based	-1.25
student	-1.24
city	-1.24
obvious	-1.24
translate	-1.23
odd	-1.23
reasonable	-1.23
furthermore	-1.22
par	-1.22
located	-1.22
sake	-1.22
oem	-1.21
bitching	-1.20
talking	-1.19
inferior	-1.19
complaint	-1.19
fighting	-1.19
compare	-1.18
who	-1.18
differ	-1.18
steve	-1.18
truth	-1.18
else	-1.18
quit	-1.17
albeit	-1.17
espn	-1.16
nor	-1.16
horse	-1.16
claimed	-1.15
wars	-1.15
crowd	-1.15
lights	-1.14
damaged	-1.14
disaster	-1.13
downvoting	-1.13
fight	-1.13
combined	-1.13
cared	-1.13
reduced	-1.13
signal	-1.12
ball	-1.12
provided	-1.12
drive	-1.11
dump	-1.11
rant	-1.11
against	-1.10
hurt	-1.10
suspect	-1.09
wtf	-1.09
company	-1.09
research	-1.09
remove	-1.08
bubble	-1.08
disappointment	-1.08
jobs	-1.08
argue	-1.08
says	-1.08
loose	-1.08
em	-1.08
alone	-1.08
earth	-1.07
swapped	-1.07
illegal	-1.07
calm	-1.07
pretend	-1.07
facts	-1.06
informed	-1.06
stock	-1.06
random	-1.06
jerk	-1.06
fanboys	-1.06
breaking	-1.05
exist	-1.05
destroy	-1.02
explaining	-1.02
partially	-1.02
driving	-1.01
often	-1.01
contains	-1.01
keeps	-1.01
impossible	-1.00
lagging	-1.00
accept	-1.00
football	-0.99
hurts	-0.99
forces	-0.98
decent	-0.98
exclusively	-0.98
hell	-0.98
war	-0.97
occurs	-0.97
idiots	-0.97
race	-0.97
terribly	-0.97
birds	-0.97
battle	-0.96
discount	-0.95
books	-0.95
reviews	-0.95
routes	-0.94
frequently	-0.94
protection	-0.94
killing	-0.94
traditional	-0.93
follows	-0.92
evil	-0.92
abandoned	-0.92
liking	-0.92
scale	-0.92
requirement	-0.92
ballmer	-0.91
instead	-0.91
san	-0.91
strength	-0.91
house	-0.91
everybody	-0.91
f	-0.90
equivalent	-0.90
voting	-0.90
crying	-0.89
certification	-0.89
relative	-0.89
holy	-0.89
widgets	-0.89
google	-0.88
everyone	-0.88
spam	-0.88
entitled	-0.88
c'mon	-0.88
extension	-0.87
ceo	-0.87
equal	-0.87
current	-0.87
menus	-0.87
context	-0.87
weird	-0.87
unreliable	-0.87
rarely	-0.86
everywhere	-0.86
calling	-0.86
restrictions	-0.86
negative	-0.85
himself	-0.85
returning	-0.84
require	-0.84
shortcomings	-0.84
struggle	-0.84
duplicate	-0.84
sky	-0.83
loses	-0.83
pixel	-0.83
talked	-0.83
watched	-0.83
trigger	-0.83
taste	-0.82
financial	-0.82
grey	-0.81
clearly	-0.81
needed	-0.81
chicken	-0.81
competition	-0.81
refused	-0.81
complained	-0.80
ports	-0.80
thru	-0.80
unlike	-0.80
agreement	-0.80
external	-0.80
increasing	-0.80
youre	-0.79
sat	-0.79
criticism	-0.79
article	-0.79
topic	-0.79
bag	-0.79
confirmed	-0.79
lacks	-0.78
accident	-0.78
elaborate	-0.78
freezes	-0.78
minority	-0.78
met	-0.77
coverage	-0.77
government	-0.77
ignoring	-0.77
except	-0.77
plugged	-0.77
daniel	-0.77
comparing	-0.77
stating	-0.76
direction	-0.76
picks	-0.76
metric	-0.75
constantly	-0.75
completely	-0.75
atm	-0.75
campaign	-0.75
fault	-0.75
level	-0.75
marketing	-0.74
engineer	-0.74
reality	-0.74
judge	-0.74
annoyance	-0.74
steal	-0.74
cables	-0.74
activate	-0.74
end	-0.74
lie	-0.74
ban	-0.73
availability	-0.73
fashion	-0.73
dismiss	-0.73
important	-0.73
young	-0.73
nadella	-0.73
included	-0.73
continues	-0.73
described	-0.73
toy	-0.73
monitor	-0.73
leaving	-0.73
reduce	-0.72
exclusivity	-0.72
docs	-0.72
highest	-0.72
host	-0.72
single	-0.72
lying	-0.72
prefer	-0.72
9xx	-0.72
attempt	-0.72
loop	-0.71
announcing	-0.71
cant	-0.71
dies	-0.71
comparable	-0.71
positive	-0.71
mixed	-0.71
e.g	-0.71
publicly	-0.71
lower	-0.71
avoid	-0.71
child	-0.70
head	-0.70
bias	-0.70
basics	-0.70
adoption	-0.70
sends	-0.70
policies	-0.70
hearing	-0.70
cycles	-0.70
he	-0.70
self	-0.69
hardly	-0.69
discuss	-0.69
someone	-0.69
reminder	-0.69
skills	-0.69
technology	-0.69
counterparts	-0.68
disappeared	-0.68
describe	-0.68
uber	-0.68
windowsphone	-0.68
about	-0.68
shares	-0.68
regard	-0.68
excellent	-0.68
concern	-0.68
throw	-0.68
conditions	-0.68
loyalty	-0.68
patents	-0.68
intended	-0.67
understanding	-0.67
points	-0.67
becomes	-0.67
unit	-0.67
genius	-0.67
towers	-0.67
opinions	-0.67
license	-0.66
branding	-0.66
ups	-0.66
star	-0.66
upper	-0.65
offers	-0.65
guy	-0.65
treat	-0.65
i.e	-0.65
mapping	-0.65
expensive	-0.65
limit	-0.65
tower	-0.65
preinstalled	-0.65
tech	-0.65
digital	-0.64
fear	-0.64
taps	-0.64
customers	-0.64
strictly	-0.64
counter	-0.64
consumer	-0.64
advantages	-0.64
tie	-0.64
poster	-0.64
high	-0.63
regular	-0.63
world	-0.63
standpoint	-0.63
shops	-0.63
laws	-0.63
biased	-0.63
spoke	-0.63
spec	-0.63
stack	-0.63
identity	-0.62
latter	-0.62
gimmick	-0.62
oss	-0.62
referring	-0.62
manufacturer	-0.62
requires	-0.62
anybody	-0.62
verge	-0.62
tend	-0.62
leads	-0.62
led	-0.62
alert	-0.62
somebody	-0.61
anyone	-0.61
raise	-0.61
models	-0.61
hide	-0.61
regardless	-0.61
paul	-0.61
constant	-0.61
purpose	-0.61
behavior	-0.61
removal	-0.60
heck	-0.60
alpha	-0.60
precisely	-0.60
necessarily	-0.60
ideal	-0.60
misunderstood	-0.60
legacy	-0.60
low	-0.60
required	-0.60
patent	-0.59
circle	-0.59
rumors	-0.59
model	-0.59
according	-0.59
affect	-0.59
birthday	-0.59
regards	-0.59
starts	-0.58
lesser	-0.58
lumias	-0.58
complaining	-0.58
minecraft	-0.58
higher	-0.58
mid	-0.58
threw	-0.58
death	-0.58
dialer	-0.58
telling	-0.58
assumption	-0.58
terms	-0.58
generation	-0.58
otg	-0.57
occasionally	-0.57
attempts	-0.57
rumours	-0.57
string	-0.57
complaints	-0.57
ios/android	-0.57
savings	-0.57
rates	-0.56
am	-0.56
habit	-0.56
kill	-0.56
middle	-0.56
draw	-0.56
lags	-0.56
quality	-0.56
reference	-0.56
m	-0.56
areas	-0.55
sometimes	-0.55
dedicated	-0.55
reputation	-0.55
frozen	-0.55
additionally	-0.55
vary	-0.55
nowadays	-0.55
permanent	-0.55
regarding	-0.55
meant	-0.55
forget	-0.55
endless	-0.54
attached	-0.54
usually	-0.54
shoot	-0.54
independent	-0.54
flagships	-0.54
perception	-0.54
school	-0.54
kept	-0.54
shift	-0.54
private	-0.53
and/or	-0.53
suffer	-0.53
fake	-0.53
combine	-0.53
insert	-0.53
rights	-0.53
pointing	-0.53
myself	-0.53
chosen	-0.53
largely	-0.53
rumor	-0.53
permissions	-0.52
apples	-0.52
joke	-0.52
downvote	-0.52
dragging	-0.52
acquisition	-0.52
dynamic	-0.52
tom	-0.52
saves	-0.51
book	-0.51
asha	-0.51
beat	-0.51
depend	-0.51
combination	-0.51
occasional	-0.51
warren	-0.51
experiences	-0.51
blocking	-0.50
rely	-0.50
altogether	-0.50
macs	-0.50
surprising	-0.50
protocol	-0.50
um	-0.50
involved	-0.49
proof	-0.49
main	-0.49
bottom	-0.49
miss	-0.49
mistaken	-0.49
engineering	-0.49
selfie	-0.49
yo	-0.49
powered	-0.49
partner	-0.49
programs	-0.49
cellphone	-0.49
town	-0.49
rooting	-0.48
enthusiast	-0.48
second	-0.48
exists	-0.48
people	-0.48
desk	-0.48
static	-0.48
complain	-0.48
alternate	-0.48
dots	-0.48
parity	-0.48
side	-0.48
fantasy	-0.48
reporting	-0.48
businesses	-0.47
associated	-0.47
fat	-0.47
requirements	-0.47
told	-0.47
keyboards	-0.47
appeared	-0.47
judging	-0.47
satya	-0.46
thrown	-0.46
moves	-0.46
touchscreen	-0.46
ultimately	-0.46
competitors	-0.46
class	-0.46
interaction	-0.46
rendering	-0.46
bullet	-0.46
addressed	-0.46
preferences	-0.46
arrow	-0.46
remind	-0.46
below	-0.46
public	-0.46
handset	-0.45
hang	-0.45
minimum	-0.45
switching	-0.45
purchases	-0.45
massive	-0.45
downvoted	-0.45
downvotes	-0.45
kid	-0.44
legit	-0.44
continued	-0.44
jump	-0.44
reported	-0.44
explicitly	-0.44
route	-0.44
mclaren	-0.44
threads	-0.44
quote	-0.43
assault	-0.43
motion	-0.43
critical	-0.43
engine	-0.43
softcard	-0.43
wherever	-0.43
extensions	-0.43
unacceptable	-0.43
cars	-0.43
suddenly	-0.43
specs	-0.43
icons	-0.43
cdma	-0.43
treatment	-0.43
person	-0.42
niche	-0.42
convert	-0.42
t-mo	-0.42
repeatedly	-0.42
repeat	-0.42
vice	-0.42
optional	-0.42
include	-0.42
fair	-0.42
suits	-0.42
left	-0.42
oses	-0.42
indicator	-0.41
typical	-0.41
explained	-0.41
abandon	-0.41
switch	-0.41
decade	-0.41
use	-0.41
differently	-0.41
casual	-0.41
large	-0.41
headphones	-0.41
stops	-0.41
payments	-0.41
responsible	-0.40
accuracy	-0.40
said	-0.40
line	-0.40
top	-0.40
plastic	-0.40
strategy	-0.40
strong	-0.40
basis	-0.40
freezing	-0.40
painful	-0.40
thread	-0.40
uninstall	-0.40
factor	-0.40
mute	-0.40
created	-0.40
evidence	-0.40
claiming	-0.39
improvement	-0.39
4.0	-0.39
bank	-0.39
listed	-0.39
common	-0.39
effectively	-0.39
r	-0.39
weekly	-0.39
corrected	-0.39
whose	-0.39
naturally	-0.39
accepted	-0.39
overly	-0.39
choose	-0.38
tests	-0.38
desire	-0.38
crush	-0.38
park	-0.38
widely	-0.38
ms	-0.38
ratings	-0.38
expand	-0.38
maps	-0.38
presence	-0.38
teach	-0.38
compete	-0.38
variety	-0.38
falling	-0.38
related	-0.38
scrubbing	-0.38
stopped	-0.38
imgur	-0.37
wrist	-0.37
inside	-0.37
convenience	-0.37
deciding	-0.37
ford	-0.37
regularly	-0.37
candy	-0.37
concerns	-0.37
gap	-0.37
series	-0.36
gaming	-0.36
logic	-0.36
supports	-0.36
1525	-0.36
disappear	-0.36
customize	-0.36
magic	-0.36
asks	-0.36
unlikely	-0.36
sensors	-0.36
driver	-0.36
drm	-0.36
shut	-0.36
dozens	-0.36
won	-0.36
fees	-0.35
actions	-0.35
banking	-0.35
bothered	-0.35
risk	-0.35
existence	-0.35
primary	-0.35
digitizer	-0.35
seriously	-0.35
huge	-0.35
<URL>	-0.35
<SPECIAL>	-0.35
door	-0.35
api	-0.35
minor	-0.35
connectivity	-0.35
fails	-0.35
resource	-0.35
audience	-0.35
communicate	-0.34
achieve	-0.34
r/android	-0.34
obsolete	-0.34
pants	-0.34
skin	-0.34
android	-0.34
closing	-0.34
gen	-0.34
portable	-0.34
themselves	-0.34
girlfriend	-0.34
practically	-0.34
parts	-0.33
manufacturing	-0.33
foot	-0.33
smart	-0.33
baby	-0.33
banner	-0.33
guaranteed	-0.33
subsidized	-0.33
credits	-0.33
lazy	-0.32
optimization	-0.32
structure	-0.32
opinion	-0.32
understand	-0.32
proven	-0.32
2nd	-0.32
workaround	-0.32
priority	-0.32
employees	-0.32
road	-0.32
invite	-0.32
r/windowsphone	-0.32
similar	-0.32
policy	-0.32
towards	-0.32
activation	-0.32
stolen	-0.32
handling	-0.31
replied	-0.31
aka	-0.31
additional	-0.31
edge	-0.31
microsoft	-0.31
pebble	-0.31
handles	-0.31
separately	-0.31
thinking	-0.31
greater	-0.31
menu	-0.31
podcasts	-0.31
rate	-0.31
unable	-0.31
noted	-0.31
proximity	-0.31
small	-0.31
maintain	-0.31
indie	-0.31
becoming	-0.31
clarify	-0.31
square	-0.30
industry	-0.30
inbox	-0.30
stretch	-0.30
attention	-0.30
reports	-0.30
standard	-0.30
wild	-0.30
usual	-0.30
mass	-0.30
creates	-0.30
named	-0.29
midrange	-0.29
competing	-0.29
shooting	-0.29
legal	-0.29
own	-0.29
become	-0.29
n	-0.29
passed	-0.29
click	-0.29
faith	-0.29
ratio	-0.29
blown	-0.29
mix	-0.29
difference	-0.29
backwards	-0.29
android/ios	-0.29
sure	-0.29
flag	-0.29
tiny	-0.29
business	-0.29
advertising	-0.29
tells	-0.29
causes	-0.28
maximum	-0.28
res	-0.28
sit	-0.28
stated	-0.28
fm	-0.28
bars	-0.28
webkit	-0.28
includes	-0.28
commercial	-0.28
fill	-0.28
telegram	-0.28
jailbreak	-0.28
asked	-0.28
leak	-0.28
nav	-0.28
navigation	-0.28
pair	-0.28
blog	-0.28
differentiate	-0.28
waze	-0.27
comments	-0.27
popping	-0.27
leverage	-0.27
catch	-0.27
loud	-0.27
tap	-0.27
daily	-0.27
hanging	-0.27
coded	-0.27
blocks	-0.27
discussion	-0.27
numerous	-0.27
emulators	-0.27
fire	-0.27
types	-0.27
standing	-0.27
user	-0.27
privacy	-0.27
cancelled	-0.27
favor	-0.27
sight	-0.27
high-end	-0.26
length	-0.26
remembered	-0.26
tends	-0.26
hence	-0.26
read	-0.26
crashing	-0.26
measure	-0.26
annoyed	-0.26
holds	-0.26
guidelines	-0.26
hits	-0.26
supported	-0.25
process	-0.25
p.s	-0.25
breaker	-0.25
needs	-0.25
nokias	-0.25
articles	-0.25
falls	-0.25
companies	-0.25
minus	-0.25
supply	-0.25
remotely	-0.25
competitive	-0.25
bird	-0.25
cut	-0.25
major	-0.25
start	-0.25
provider	-0.25
therefore	-0.25
caused	-0.24
manufacturers	-0.24
stars	-0.24
wpcentral	-0.24
expectations	-0.24
laptops	-0.24
range	-0.24
reps	-0.24
nature	-0.24
drops	-0.23
nokia	-0.23
gives	-0.23
others	-0.23
split	-0.23
systems	-0.23
touched	-0.23
mentioned	-0.23
megapixels	-0.23
tweeted	-0.23
rep	-0.23
banks	-0.23
smartwatch	-0.23
300	-0.23
connections	-0.23
succeed	-0.23
navigate	-0.23
symbol	-0.23
increase	-0.23
scroll	-0.23
corner	-0.23
wrote	-0.22
wi-fi	-0.22
significant	-0.22
prompted	-0.22
noticed	-0.22
subject	-0.22
professional	-0.22
connection	-0.22
whoever	-0.22
proprietary	-0.22
site	-0.22
dig	-0.22
products	-0.22
rest	-0.22
restarts	-0.22
flac	-0.22
compact	-0.22
fyi	-0.22
demand	-0.22
complex	-0.22
experienced	-0.22
lately	-0.22
coffee	-0.22
success	-0.21
progress	-0.21
playback	-0.21
behave	-0.21
limits	-0.21
thousands	-0.21
eyes	-0.21
services	-0.21
causing	-0.21
logo	-0.21
atleast	-0.21
increased	-0.21
noise	-0.21
employee	-0.21
1st	-0.21
car	-0.21
affected	-0.21
handsets	-0.21
priced	-0.21
age	-0.21
grid	-0.20
extreme	-0.20
support	-0.20
remains	-0.20
street	-0.20
hog	-0.20
differences	-0.20
arrived	-0.20
attitude	-0.20
cause	-0.20
bloody	-0.20
matching	-0.20
distance	-0.20
initial	-0.20
directions	-0.20
sales	-0.20
cellular	-0.20
burn	-0.20
break	-0.20
eg	-0.20
definition	-0.20
land	-0.20
indian	-0.19
dream	-0.19
writing	-0.19
front	-0.19
particular	-0.19
spectrum	-0.19
sources	-0.19
asphalt	-0.19
utilize	-0.19
mainstream	-0.19
traffic	-0.19
fly	-0.19
sells	-0.18
cup	-0.18
hmmm	-0.18
while	-0.18
serious	-0.18
enthusiasts	-0.18
table	-0.18
posted	-0.18
visual	-0.18
copying	-0.18
speeds	-0.18
japanese	-0.18
obviously	-0.18
fail	-0.18
headline	-0.18
crashes	-0.18
profiles	-0.18
spotify	-0.17
commenting	-0.17
were	-0.17
friend	-0.17
depends	-0.17
sigh	-0.17
benefit	-0.17
tracks	-0.17
commute	-0.17
meet	-0.17
hot	-0.17
reboots	-0.17
walking	-0.17
limiting	-0.17
besides	-0.17
requested	-0.17
mp3	-0.17
him	-0.17
over	-0.17
started	-0.17
ended	-0.17
wifi	-0.16
sub	-0.16
destination	-0.16
playlists	-0.16
entirely	-0.16
meaning	-0.16
brand	-0.16
cuz	-0.16
phones	-0.16
slide	-0.16
depending	-0.16
leaks	-0.16
trouble	-0.16
japan	-0.16
notified	-0.16
versa	-0.15
apple	-0.15
frequency	-0.15
preference	-0.15
commission	-0.15
profit	-0.15
commented	-0.15
belfiore	-0.15
granted	-0.15
networks	-0.15
posting	-0.15
vendors	-0.15
cross	-0.15
4g	-0.15
hacked	-0.15
applied	-0.15
hooked	-0.15
specially	-0.15
spartan	-0.15
elsewhere	-0.15
appears	-0.15
slower	-0.15
virtually	-0.15
failing	-0.14
subreddit	-0.14
full	-0.14
watches	-0.14
knock	-0.14
typically	-0.14
eating	-0.14
seemingly	-0.14
sudden	-0.14
rather	-0.14
deny	-0.14
treated	-0.14
cancel	-0.14
settle	-0.14
kinds	-0.13
extent	-0.13
choosing	-0.13
aswell	-0.13
2g	-0.13
freedom	-0.13
oems	-0.13
versions	-0.13
limitations	-0.13
vast	-0.13
randomly	-0.13
theres	-0.13
sites	-0.13
thus	-0.13
reach	-0.13
limitation	-0.13
accessory	-0.13
heavily	-0.13
recognized	-0.13
brick	-0.13
extend	-0.13
specifically	-0.13
sun	-0.13
discontinued	-0.13
puts	-0.13
encountered	-0.13
contain	-0.12
mid-range	-0.12
popular	-0.12
sorts	-0.12
repair	-0.12
refer	-0.12
situation	-0.12
androids	-0.12
wanted	-0.12
dad	-0.12
happens	-0.12
spread	-0.12
wider	-0.12
game	-0.12
deliver	-0.12
earlier	-0.12
growing	-0.12
tied	-0.11
starbucks	-0.11
their	-0.11
accessible	-0.11
capabilities	-0.11
experiencing	-0.11
talk	-0.11
bt	-0.11
halo	-0.11
depth	-0.11
rewards	-0.11
block	-0.11
hype	-0.11
showed	-0.11
bar	-0.11
deep	-0.11
on-screen	-0.11
permission	-0.11
blogs	-0.11
buyers	-0.11
locks	-0.11
overhaul	-0.11
output	-0.11
egg	-0.10
connected	-0.10
impact	-0.10
usb	-0.10
offerings	-0.10
jumped	-0.10
scores	-0.10
mobile	-0.10
h	-0.10
newer	-0.10
requiring	-0.10
render	-0.10
eu	-0.10
choices	-0.10
sets	-0.10
attachment	-0.10
respect	-0.10
fully	-0.10
glitch	-0.10
advantage	-0.10
scratch	-0.10
reasons	-0.10
messed	-0.10
covering	-0.10
ad	-0.10
whereas	-0.10
configuration	-0.09
jokes	-0.09
msft	-0.09
comment	-0.09
flipboard	-0.09
iteration	-0.09
keep	-0.09
decide	-0.09
corporate	-0.09
location	-0.09
pressure	-0.09
stats	-0.09
thingy	-0.09
water	-0.09
merely	-0.09
prevent	-0.09
posts	-0.09
carried	-0.09
sorry	-0.09
fee	-0.09
another	-0.09
tagged	-0.09
offline	-0.09
being	-0.09
guarantee	-0.08
chrome	-0.08
manner	-0.08
scheme	-0.08
toward	-0.08
placement	-0.08
drag	-0.08
detail	-0.08
sacrifice	-0.08
caught	-0.08
movement	-0.08
portion	-0.08
cap	-0.08
lost	-0.08
difficult	-0.08
partners	-0.08
without	-0.08
previously	-0.08
ideally	-0.08
retailers	-0.08
specific	-0.08
website	-0.08
monthly	-0.08
seen	-0.08
pockets	-0.08
known	-0.08
reached	-0.07
anywhere	-0.07
hassle	-0.07
dslr	-0.07
lighting	-0.07
basically	-0.07
gotten	-0.07
messing	-0.07
transit	-0.07
step	-0.07
stay	-0.07
payment	-0.07
bug	-0.07
agreed	-0.07
disappointed	-0.07
craigslist	-0.07
regions	-0.07
together	-0.07
competitor	-0.07
profitable	-0.07
providers	-0.07
rude	-0.07
wife	-0.07
trade	-0.07
javascript	-0.07
phase	-0.07
worldwide	-0.07
pandora	-0.07
users	-0.07
root	-0.07
demo	-0.07
switches	-0.07
category	-0.07
suggests	-0.06
horizontal	-0.06
headset	-0.06
none	-0.06
friends	-0.06
local	-0.06
prices	-0.06
keys	-0.06
responding	-0.06
son	-0.06
activated	-0.06
natural	-0.06
365	-0.06
locking	-0.06
pinning	-0.06
plug	-0.06
ads	-0.06
lose	-0.06
credit	-0.06
whatnot	-0.06
growth	-0.06
checks	-0.06
angle	-0.06
feeling	-0.06
clash	-0.06
speaking	-0.06
platforms	-0.06
damage	-0.06
staff	-0.05
nearby	-0.05
reasoning	-0.05
forum	-0.05
features	-0.05
unsure	-0.05
sidebar	-0.05
titles	-0.05
shop	-0.05
coding	-0.05
global	-0.05
episodes	-0.05
indicate	-0.05
capacitive	-0.05
dependent	-0.05
devices	-0.05
real	-0.05
breath	-0.05
move	-0.05
bluetooth	-0.05
situations	-0.05
dozen	-0.05
filter	-0.05
father	-0.05
moment	-0.05
encryption	-0.05
removing	-0.05
web	-0.05
enabling	-0.05
heard	-0.04
processes	-0.04
management	-0.04
stores	-0.04
description	-0.04
consumers	-0.04
afaik	-0.04
affordable	-0.04
bus	-0.04
lines	-0.04
walked	-0.04
instances	-0.04
bill	-0.04
flair	-0.04
map	-0.04
building	-0.04
close	-0.04
score	-0.04
actively	-0.04
z3	-0.04
listening	-0.04
units	-0.03
pen	-0.03
finish	-0.03
accidentally	-0.03
adapter	-0.03
visit	-0.03
attract	-0.03
submitted	-0.03
bonus	-0.03
markets	-0.03
crash	-0.03
million	-0.03
walk	-0.03
mentioning	-0.03
pops	-0.03
bought	-0.03
webpage	-0.03
scanning	-0.03
data	-0.03
cameras	-0.03
games	-0.03
hspa	-0.02
imei	-0.02
consideration	-0.02
rotate	-0.02
certain	-0.02
living	-0.02
appear	-0.02
combo	-0.02
suppose	-0.02
basic	-0.02
retail	-0.02
links	-0.02
safari	-0.02
wouldnt	-0.02
temperature	-0.02
buttons	-0.02
orientation	-0.02
forums	-0.02
bored	-0.02
listing	-0.02
browser	-0.02
members	-0.02
aspect	-0.02
access	-0.02
review	-0.02
2000	-0.02
tutorial	-0.02
stands	-0.02
html	-0.02
tweet	-0.01
die	-0.01
isis	-0.01
ffc	-0.01
90	-0.01
sensitive	-0.01
cards	-0.01
written	-0.01
compatibility	-0.01
plans	-0.01
covers	-0.01
secure	-0.01
pack	-0.01
reading	-0.01
medium	-0.01
wordament	-0.01
vpn	-0.01
family	-0.01
position	-0.01
instant	-0.01
physical	-0.01
sister	-0.00
bump	-0.00
including	-0.00
care	-0.00
mic	-0.00
resuming	-0.00
lte	-0.00
added	-0.00
straight	-0.00
millions	-0.00
kidding	-0.00
bulk	-0.00
determine	-0.00
productivity	-0.00
defective	-0.00
wallet	-0.00
conversations	-0.00
dude	-0.00
pay	-0.00
