adorable	3.70
lovely	3.63
travel	3.60
gorgeous	3.57
cute	3.57
congratulations	3.55
classy	3.53
beautiful	3.43
congrats	3.43
wish	3.42
glad	3.35
hope	3.26
loving	3.24
warm	3.23
handsome	3.23
glorious	3.22
good-looking	3.22
incredible	3.18
fancy	3.16
sweet	3.15
enjoys	3.14
travelling	3.14
outdoors	3.09
btw	3.09
cool	3.06
yay	3.06
celebrate	3.04
sexy	3.04
freaking	3.03
soft	3.02
hot	3.01
valentine	3.00
laugh	2.98
considerate	2.96
genuine	2.95
respectful	2.94
thanksgiving	2.94
cake	2.92
romance	2.88
christmas	2.88
happiness	2.86
birthday	2.86
gesture	2.86
smile	2.85
brilliant	2.85
fall	2.84
friendly	2.82
tasty	2.82
wished	2.81
wishes	2.81
holiday	2.80
rad	2.80
weather	2.79
luck	2.79
alive	2.77
holy	2.75
delicious	2.70
great	2.66
keeper	2.64
relaxed	2.63
pleasant	2.63
charming	2.60
close	2.59
wow	2.56
vacation	2.55
haha	2.54
aww	2.54
dude	2.53
liking	2.53
couples	2.52
damn	2.50
normal	2.45
lt	2.45
natural	2.45
laughed	2.44
neat	2.44
surprise	2.42
lucky	2.42
holidays	2.40
darn	2.36
enjoyed	2.35
omg	2.32
blonde	2.31
edit	2.30
nicely	2.29
told	2.27
fun	2.25
liked	2.24
made	2.24
nicer	2.23
gentleman	2.23
patient	2.21
dare	2.21
excellent	2.20
known	2.20
gosh	2.18
chuckle	2.18
smart	2.17
cutie	2.17
flowers	2.16
blast	2.15
hello	2.15
promise	2.15
supportive	2.13
hoping	2.13
caring	2.13
lmao	2.13
affectionate	2.12
p.s	2.12
fixed	2.12
positive	2.11
europe	2.11
summer	2.10
party	2.10
present	2.09
hooray	2.09
typo	2.09
genius	2.08
spots	2.08
thank	2.08
golden	2.07
trips	2.07
welcome	2.06
man	2.06
sincere	2.06
totes	2.06
edited	2.04
generous	2.04
trip	2.03
gift	2.03
john	2.03
family	2.03
formatting	2.02
error	2.02
plus	2.02
errors	2.00
dig	2.00
traveling	2.00
current	1.98
sup	1.97
lady	1.97
cheers	1.97
badass	1.97
edits	1.97
asia	1.97
spelling	1.97
wedding	1.97
mistakes	1.96
dog	1.96
consistent	1.96
winter	1.96
fix	1.95
dear	1.95
wishing	1.94
aw	1.93
gentle	1.93
keen	1.92
obsession	1.91
heh	1.90
sane	1.90
adventure	1.89
thankful	1.88
halloween	1.88
goofy	1.88
baby	1.87
thanks	1.87
traveled	1.87
articulate	1.86
honest	1.86
rich	1.86
capitalization	1.85
spontaneous	1.85
intelligent	1.85
boys	1.84
explore	1.83
reminds	1.83
adventures	1.83
cat	1.83
lighting	1.82
steal	1.82
kitty	1.81
structure	1.80
solo	1.80
fixing	1.80
spring	1.80
bright	1.79
china	1.78
thoughtful	1.77
punctuation	1.77
eyes	1.76
oh	1.76
truly	1.75
second	1.75
beach	1.75
passionate	1.75
throughout	1.74
approachable	1.73
chocolate	1.73
logic	1.73
reminded	1.72
puppy	1.72
exploring	1.72
lol	1.71
cookies	1.71
expression	1.71
dressed	1.70
reliable	1.70
educated	1.70
wonderful	1.70
accepting	1.70
countries	1.70
son	1.69
friend	1.69
winning	1.69
flair	1.69
whoa	1.69
buddy	1.68
walks	1.68
sir	1.68
smiling	1.67
country	1.67
jesus	1.67
weekend	1.65
input	1.65
successful	1.64
usage	1.64
proud	1.64
worries	1.64
journey	1.64
hugs	1.64
kudos	1.63
straightforward	1.62
clarity	1.62
oooh	1.61
puppies	1.61
sentence	1.61
needed	1.61
title	1.60
camping	1.60
grandma	1.59
minor	1.59
sister	1.59
efforts	1.58
face	1.58
potato	1.58
grammar	1.58
main	1.58
pls	1.58
oops	1.56
chick	1.55
indeed	1.55
flight	1.55
attractive	1.55
spell	1.55
mistake	1.55
ooh	1.55
dresses	1.54
comma	1.54
photo	1.53
daughter	1.53
australia	1.53
10/10	1.53
bf	1.53
blurry	1.52
pose	1.52
pic	1.51
editing	1.51
ahhh	1.50
bb	1.50
forgot	1.50
expensive	1.50
picture	1.49
hiking	1.49
thumbnail	1.49
pie	1.48
outdoor	1.48
proof	1.48
updated	1.48
p	1.48
ah	1.47
dang	1.47
caption	1.47
adventurous	1.46
models	1.46
pointing	1.46
boyfriend	1.46
hahahaha	1.46
yikes	1.46
mom	1.45
hahaha	1.45
humble	1.45
brother	1.45
uh	1.45
absolutely	1.45
likes	1.44
bold	1.44
bro	1.44
chill	1.44
word	1.44
tho	1.43
ha	1.43
hike	1.42
christ	1.42
confident	1.42
understands	1.42
third	1.42
promising	1.41
smiles	1.41
flattering	1.41
encouraging	1.41
yup	1.41
forgive	1.41
babe	1.41
gifts	1.41
gotcha	1.40
crop	1.40
india	1.40
lord	1.40
cropped	1.40
presents	1.40
coat	1.40
angle	1.40
ninja	1.40
use	1.40
treats	1.39
dinner	1.39
ur	1.39
claims	1.39
plz	1.39
ladies	1.39
preferably	1.39
adopt	1.39
changes	1.39
shot	1.39
phrasing	1.39
helped	1.39
goodness	1.38
noted	1.37
girlfriend	1.37
enthusiastic	1.37
driven	1.37
camera	1.37
honey	1.37
ya	1.37
strategy	1.37
cards	1.37
pointed	1.37
unflattering	1.37
apologies	1.37
alright	1.36
pictures	1.36
ginger	1.35
pics	1.35
satisfied	1.35
photos	1.35
sunglasses	1.35
cousin	1.35
sticks	1.35
wording	1.34
sorry	1.34
hahah	1.34
prefers	1.33
chris	1.33
inviting	1.33
bye	1.33
fifth	1.32
funny	1.32
lit	1.32
cookie	1.32
fourth	1.32
jk	1.31
friends	1.31
2nd	1.31
uploaded	1.31
umm	1.31
6th	1.31
good	1.31
whoops	1.31
mountains	1.31
4th	1.31
such	1.30
1st	1.30
woo	1.30
doin	1.30
interesting	1.29
magical	1.29
cheap	1.29
writer	1.29
shots	1.29
woah	1.29
5th	1.29
blown	1.28
swap	1.28
safe	1.28
default	1.28
proper	1.28
passed	1.28
u	1.28
fuk	1.27
cream	1.27
visiting	1.27
angles	1.27
sum	1.27
sentences	1.27
insightful	1.27
selfie	1.27
model	1.27
caps	1.26
ambitious	1.26
periods	1.26
grand	1.26
3rd	1.26
quirky	1.26
mountain	1.26
none	1.25
upload	1.25
boo	1.25
event	1.25
tells	1.25
y	1.25
rocks	1.25
ideally	1.24
precious	1.24
solid	1.24
ice	1.24
captions	1.24
compliment	1.24
mirror	1.24
clarification	1.24
jeez	1.24
impressive	1.24
his	1.24
world	1.24
m'lady	1.24
reasonably	1.23
clearer	1.23
hoped	1.23
comfortable	1.23
famous	1.23
looks	1.23
climbing	1.23
letters	1.23
girl	1.23
snow	1.23
sincerely	1.23
better	1.23
engaging	1.22
says	1.22
creative	1.22
suggestions	1.22
replace	1.22
primary	1.22
selfies	1.22
rain	1.22
closest	1.22
parties	1.22
outgoing	1.21
james	1.21
santa	1.21
woman	1.21
nerdy	1.20
gf	1.20
visit	1.20
concerts	1.20
fly	1.20
smiley	1.20
capable	1.20
bacon	1.19
unexpected	1.19
hey	1.19
usa	1.19
independent	1.19
coast	1.19
detroit	1.19
winner	1.18
prime	1.18
flying	1.18
added	1.18
helpful	1.18
gurl	1.18
feedback	1.18
joy	1.18
starter	1.17
canada	1.17
girlfriends	1.17
witty	1.17
bought	1.17
assumptions	1.17
understood	1.17
exclamation	1.17
guy	1.17
america	1.16
amazon	1.16
plane	1.16
cheesy	1.16
c'mon	1.15
anyways	1.15
bonus	1.15
vegas	1.15
dad	1.14
peace	1.14
o	1.14
germany	1.14
dudes	1.14
hill	1.13
entertaining	1.13
grateful	1.13
f	1.13
outdoorsy	1.13
kid	1.13
airport	1.13
epic	1.12
look	1.12
talks	1.12
blanket	1.12
invited	1.12
t	1.12
hilarious	1.12
memories	1.12
crazy	1.12
mature	1.12
using	1.12
blah	1.11
clever	1.11
taken	1.11
ahh	1.11
light	1.11
national	1.11
happier	1.11
threesome	1.10
wat	1.10
formal	1.10
hehe	1.10
mmm	1.10
soup	1.10
brave	1.10
thinks	1.10
damnit	1.09
sky	1.09
tiger	1.09
tomorrow	1.09
hella	1.09
r	1.09
lem	1.09
planning	1.09
mother	1.09
buying	1.09
brothers	1.09
glasses	1.08
l	1.08
bet	1.08
ditch	1.08
e	1.08
he/she	1.08
manly	1.07
successfully	1.07
noticing	1.07
snowflake	1.07
biking	1.07
poetry	1.07
sigh	1.07
hopeful	1.07
flash	1.07
flow	1.07
dodged	1.07
polite	1.07
photogenic	1.07
international	1.07
extended	1.06
used	1.06
buy	1.06
parents	1.06
hah	1.06
swoon	1.06
format	1.05
improvement	1.05
outta	1.05
actual	1.05
detailed	1.05
england	1.04
yea	1.04
tea	1.04
informative	1.04
posing	1.04
um	1.04
overall	1.04
dark	1.04
seriousness	1.04
words	1.04
shirtless	1.04
date	1.04
enjoying	1.03
wrote	1.03
motivated	1.03
roommate	1.03
interpret	1.03
item	1.03
dem	1.03
father	1.03
motherfucker	1.03
nicest	1.02
families	1.02
afford	1.02
drinks	1.02
recent	1.02
ordered	1.02
candid	1.02
print	1.02
ok	1.02
grade	1.02
describes	1.01
upvote	1.01
bullet	1.01
bugs	1.01
english	1.01
bar	1.01
username	1.01
interpretation	1.00
wins	1.00
david	1.00
george	1.00
xd	1.00
life	1.00
batman	1.00
novel	1.00
spot	1.00
pal	1.00
bringing	1.00
bearded	0.99
wicked	0.99
menu	0.99
colored	0.99
restaurant	0.99
spending	0.99
blue	0.99
typing	0.99
gear	0.99
climb	0.99
messaged	0.99
london	0.99
pc	0.99
texas	0.98
michael	0.98
speaks	0.98
chicks	0.98
stays	0.98
wine	0.98
constructive	0.98
makeup	0.98
g	0.98
enjoy	0.98
playful	0.98
gal	0.98
east	0.98
tips	0.98
catch	0.97
moderately	0.97
real	0.97
scrap	0.97
secure	0.97
stable	0.97
traffic	0.97
rid	0.97
fulfilling	0.97
wife	0.97
day	0.97
boy	0.96
clicked	0.96
uses	0.96
suggestion	0.96
link	0.96
x	0.96
boyfriends	0.96
ex	0.96
fucking	0.96
answers	0.96
cooked	0.96
everyone	0.96
appreciated	0.96
bob	0.96
consideration	0.96
color	0.96
critique	0.96
thats	0.96
marked	0.96
carry	0.95
developed	0.95
beer	0.95
finding	0.95
accomplished	0.95
ones	0.95
island	0.95
mark	0.95
costume	0.94
pet	0.94
sushi	0.94
notes	0.94
grasp	0.94
girls	0.94
gave	0.94
swear	0.94
b	0.93
future	0.93
honesty	0.93
purple	0.93
k	0.93
dialogue	0.92
quote	0.92
welp	0.92
spoke	0.92
unicorn	0.92
foreign	0.91
green	0.91
season	0.91
acceptable	0.91
2014	0.91
affection	0.91
n	0.91
memorable	0.91
first	0.91
scientist	0.91
uncle	0.90
missed	0.90
august	0.90
mystery	0.90
exes	0.90
tacos	0.90
shadow	0.90
pizza	0.90
dammit	0.90
host	0.89
florida	0.89
goal	0.89
named	0.88
whiskey	0.88
child	0.88
pink	0.88
visited	0.88
husband	0.88
characters	0.88
grocery	0.87
insert	0.87
card	0.87
critiquing	0.87
saw	0.87
versus	0.87
smooth	0.87
appreciate	0.87
restaurants	0.87
w	0.87
salad	0.87
0	0.87
twin	0.87
rational	0.87
brown	0.87
skin	0.87
rest	0.86
married	0.86
goddamn	0.86
wut	0.86
background	0.86
suits	0.86
engineer	0.86
some	0.86
grey	0.86
matched	0.86
fishing	0.86
lipstick	0.86
january	0.86
switch	0.86
ryan	0.86
young	0.85
parent	0.85
financially	0.85
fitting	0.85
weird	0.85
tree	0.85
tip	0.85
born	0.85
checked	0.85
url	0.85
breaks	0.85
sandwich	0.85
quality	0.85
volunteering	0.85
pale	0.84
found	0.84
flexible	0.84
photographer	0.84
myspace	0.84
narrative	0.84
geez	0.84
dress	0.84
california	0.84
c	0.83
clothing	0.83
la	0.83
finds	0.83
december	0.83
april	0.83
goods	0.83
outfit	0.83
concise	0.83
criticism	0.83
shopping	0.82
uk	0.82
novels	0.82
sun	0.82
june	0.82
advice	0.82
bud	0.82
july	0.82
unique	0.82
kids	0.82
recipe	0.81
hopefully	0.81
patterns	0.81
wan	0.81
wears	0.81
order	0.81
dead	0.81
march	0.81
yo	0.81
machine	0.80
brings	0.80
trees	0.80
decides	0.80
powerful	0.80
click	0.80
anime	0.79
endearing	0.79
nonetheless	0.79
one	0.79
near	0.79
typed	0.79
fiction	0.79
cast	0.79
only	0.79
chicken	0.78
another	0.78
asks	0.78
ate	0.78
dreams	0.78
whats	0.78
eye	0.78
eyebrows	0.78
eta	0.78
rolls	0.78
closed	0.77
critiques	0.77
who	0.77
likewise	0.77
talked	0.77
zone	0.77
parks	0.77
activity	0.77
san	0.77
updating	0.77
ticket	0.77
banged	0.77
potatoes	0.77
lives	0.76
showed	0.76
stranger	0.76
career	0.76
idk	0.76
food	0.76
bread	0.76
submit	0.76
properly	0.76
apple	0.76
flirty	0.76
surface	0.76
part	0.76
won	0.76
yeah	0.76
writes	0.76
road	0.76
tall	0.75
vote	0.75
suggested	0.75
hmm	0.75
fries	0.75
responsible	0.75
november	0.74
her	0.74
meetup	0.74
owner	0.74
round	0.74
shades	0.74
states	0.74
last	0.74
insight	0.74
loss	0.74
describe	0.74
growth	0.74
francisco	0.74
lover	0.74
metro	0.73
approve	0.73
perfect	0.73
met	0.73
marry	0.73
update	0.73
updates	0.73
century	0.73
raising	0.73
suit	0.73
mentioned	0.72
cuddle	0.72
coworker	0.72
cup	0.72
explains	0.72
sayin	0.72
business	0.72
gray	0.72
brb	0.72
bay	0.72
breakfast	0.72
fwiw	0.71
club	0.71
austin	0.71
middle	0.71
brief	0.71
2013	0.71
outside	0.71
tom	0.71
perfectly	0.71
oxford	0.71
z	0.71
master	0.71
north	0.71
planned	0.71
improve	0.71
october	0.70
tickets	0.70
activities	0.70
egg	0.70
coffee	0.70
relax	0.70
yellow	0.70
bike	0.70
tldr	0.70
de	0.70
differently	0.70
worn	0.70
final	0.70
yep	0.70
orange	0.70
kindness	0.70
michigan	0.70
looked	0.70
ps	0.70
september	0.69
contacted	0.69
attend	0.69
scheduled	0.69
q	0.69
south	0.69
falls	0.69
rated	0.69
hat	0.69
lined	0.69
remove	0.69
entire	0.69
etc	0.68
festival	0.68
crack	0.68
boston	0.68
tuesday	0.68
seattle	0.68
vanilla	0.68
banana	0.68
fuckin	0.68
lunch	0.68
dc	0.68
delete	0.68
paragraph	0.68
guys	0.68
chrome	0.67
chicago	0.67
ny	0.67
dated	0.67
guessed	0.67
lived	0.67
wednesday	0.67
experienced	0.67
saved	0.67
genuinely	0.67
canadian	0.67
shops	0.67
craft	0.67
facial	0.67
shine	0.66
must	0.66
mr	0.66
beginning	0.66
midwest	0.66
sweater	0.66
wants	0.66
concert	0.66
nah	0.66
locals	0.66
carefully	0.66
episode	0.66
cleavage	0.66
lips	0.65
enthusiasm	0.65
form	0.65
bird	0.65
whom	0.65
follows	0.65
leather	0.65
phones	0.65
thursday	0.65
monday	0.65
aged	0.65
steak	0.65
meals	0.65
town	0.65
monkey	0.65
agrees	0.65
languages	0.65
wore	0.65
action	0.65
marks	0.65
moms	0.65
silver	0.65
remind	0.64
raised	0.64
wearing	0.64
firm	0.64
scene	0.64
help	0.64
jersey	0.64
sooo	0.64
evening	0.64
gold	0.64
prospects	0.64
nuclear	0.64
southern	0.64
lesbian	0.64
exciting	0.63
expects	0.63
asked	0.63
museum	0.63
died	0.63
suburbs	0.63
fantasy	0.63
divorced	0.63
pages	0.63
drink	0.63
nyc	0.63
win	0.63
measure	0.63
brought	0.63
local	0.63
group	0.63
fellow	0.63
cancelled	0.63
easiest	0.63
st	0.63
geeky	0.63
dressing	0.63
advance	0.63
grew	0.63
term	0.62
saturday	0.62
earth	0.62
prince	0.62
west	0.62
scientific	0.62
york	0.62
italian	0.62
has	0.62
calm	0.62
comment	0.62
receptive	0.62
philly	0.62
war	0.62
pub	0.62
math	0.62
tight	0.62
slept	0.62
sunday	0.61
living	0.61
ultimate	0.61
deserve	0.61
formula	0.61
session	0.61
professional	0.61
screen	0.61
area	0.61
disregard	0.61
picks	0.61
generation	0.61
points	0.61
teacher	0.61
curve	0.61
cheese	0.61
poly	0.60
navy	0.60
sidebar	0.60
shop	0.60
mobile	0.60
app	0.60
state	0.60
explained	0.60
frame	0.60
romantic	0.60
delivery	0.60
lets	0.60
wear	0.60
degrees	0.60
wheel	0.60
sf	0.60
neutral	0.60
jacket	0.59
yoga	0.59
afternoon	0.59
rock	0.59
humorous	0.59
understanding	0.59
motorcycle	0.59
theory	0.59
adult	0.59
marriage	0.59
album	0.59
viewed	0.59
worded	0.59
beings	0.59
pair	0.59
imo	0.59
fights	0.59
shooting	0.59
hopes	0.59
swimming	0.58
image	0.58
dunno	0.58
support	0.58
buddies	0.58
place	0.58
flavor	0.58
breakers	0.58
productive	0.58
downtown	0.58
equation	0.58
crash	0.58
places	0.58
expense	0.58
redditor	0.58
e.g	0.58
portland	0.58
shirt	0.58
hotel	0.58
neighborhood	0.58
dedication	0.58
pure	0.58
tools	0.58
white	0.57
spoken	0.57
okc	0.57
indian	0.57
bowling	0.57
sandwiches	0.57
active	0.57
bartender	0.57
french	0.57
public	0.57
sack	0.57
positively	0.57
most	0.57
wiki	0.57
direct	0.56
na	0.56
regular	0.56
changed	0.56
visible	0.56
highlight	0.56
moved	0.56
today	0.56
fell	0.56
red	0.56
hi	0.56
greatly	0.56
eat	0.56
magic	0.56
check	0.56
daddy	0.56
starbucks	0.56
rural	0.56
slide	0.55
minus	0.55
category	0.55
evidence	0.55
closing	0.55
wise	0.55
responds	0.55
misread	0.55
wallet	0.55
sees	0.55
steady	0.55
children	0.55
accent	0.55
hooks	0.55
beers	0.55
sort	0.55
trail	0.55
joined	0.55
shall	0.55
explanations	0.55
dive	0.55
apologized	0.55
cats	0.55
strict	0.55
german	0.55
humor	0.55
essays	0.55
cities	0.55
language	0.54
hobbies	0.54
plays	0.54
survive	0.54
fish	0.54
fits	0.54
according	0.54
benefits	0.54
heavy	0.54
grown	0.54
written	0.54
knows	0.54
assertive	0.54
website	0.54
native	0.54
helping	0.54
planet	0.54
ohio	0.54
horror	0.54
lastly	0.53
sole	0.53
conversational	0.53
reasoning	0.53
name	0.53
don'ts	0.53
spanish	0.53
babies	0.53
every	0.53
amp	0.53
appealing	0.53
figured	0.53
events	0.53
store	0.53
live	0.53
free	0.53
content	0.52
soooo	0.52
select	0.52
beef	0.52
nearby	0.52
hire	0.52
clubs	0.52
site	0.52
walk	0.52
jeans	0.52
city	0.52
texted	0.52
civil	0.52
ridiculously	0.52
animals	0.52
ride	0.52
observation	0.52
serves	0.51
homeless	0.51
american	0.51
park	0.51
limits	0.51
freedom	0.51
member	0.51
shift	0.51
wikipedia	0.51
former	0.51
making	0.51
lay	0.51
bars	0.51
introduction	0.51
chose	0.51
each	0.51
previous	0.51
jack	0.51
colour	0.51
irish	0.51
uhh	0.51
hair	0.51
computers	0.51
changing	0.51
phrase	0.51
liquor	0.50
camp	0.50
dealbreakers	0.50
battle	0.50
98	0.50
sale	0.50
haircut	0.50
rice	0.50
human	0.50
russian	0.50
profile	0.50
minded	0.50
initially	0.50
internet	0.50
snap	0.50
links	0.49
tinder	0.49
edgy	0.49
princess	0.49
passions	0.49
pokemon	0.49
owned	0.49
representation	0.49
boots	0.49
captain	0.49
adjust	0.49
clothes	0.49
bout	0.49
abs	0.49
riding	0.49
dat	0.49
99	0.48
credit	0.48
accidentally	0.48
policy	0.48
please	0.48
central	0.48
week	0.48
following	0.48
percentages	0.48
gay	0.48
asleep	0.48
poorly	0.48
friday	0.48
writing	0.48
browser	0.48
analysis	0.48
apps	0.48
replaced	0.47
western	0.47
advanced	0.47
humour	0.47
members	0.47
thai	0.47
dance	0.47
useful	0.47
kinky	0.47
cuz	0.47
screenshot	0.47
eharmony	0.47
key	0.47
since	0.47
er	0.47
hero	0.47
flaws	0.47
served	0.47
flags	0.47
accordingly	0.47
improving	0.47
urban	0.47
toronto	0.47
paragraphs	0.47
incapable	0.46
healthy	0.46
sausage	0.46
goals	0.46
decent	0.46
manner	0.46
studied	0.46
r/okc	0.46
strangers	0.46
match	0.46
boss	0.46
top	0.46
hitler	0.46
tour	0.46
keyboard	0.46
starters	0.46
relevant	0.46
los	0.46
answered	0.46
row	0.46
government	0.46
solved	0.46
fine	0.46
suggests	0.46
animal	0.46
google	0.46
square	0.46
outlook	0.46
late	0.46
intriguing	0.46
tie	0.45
meetups	0.45
assumes	0.45
iq	0.45
ltr	0.45
baseball	0.45
meal	0.45
shoes	0.45
emergency	0.45
water	0.45
continues	0.45
sympathy	0.45
reads	0.45
golf	0.45
thrones	0.45
nature	0.45
hm	0.45
morning	0.45
posted	0.45
cupid	0.45
cuddling	0.44
contrast	0.44
karaoke	0.44
office	0.44
questions	0.44
bump	0.44
adding	0.44
dogs	0.44
soul	0.44
okcupid	0.44
desktop	0.44
bible	0.44
page	0.44
land	0.44
accurately	0.44
tonight	0.44
body	0.44
slip	0.44
earned	0.44
95	0.44
tab	0.44
logged	0.43
calls	0.43
early	0.43
ears	0.43
female	0.43
wonders	0.43
engaged	0.43
essay	0.43
okay	0.43
relatively	0.43
hobby	0.43
drives	0.43
drank	0.43
imgur	0.43
knowledge	0.43
fruit	0.43
remaining	0.43
said	0.43
mask	0.43
lip	0.43
night	0.43
importance	0.43
plenty	0.43
library	0.43
shares	0.43
european	0.42
write	0.42
additional	0.42
focus	0.42
r/okcupid	0.42
interaction	0.42
skip	0.42
anecdotes	0.42
history	0.42
prospective	0.42
under	0.42
fedora	0.42
ocean	0.42
comfort	0.42
stores	0.42
moving	0.42
handed	0.42
lesbians	0.42
def	0.42
wings	0.42
went	0.42
post	0.42
analogy	0.42
bottle	0.42
briefly	0.42
stories	0.42
irony	0.41
other	0.41
catholic	0.41
refused	0.41
wars	0.41
cell	0.41
she	0.41
losing	0.41
mandatory	0.41
book	0.41
wild	0.41
killer	0.41
intellectual	0.41
premise	0.41
removed	0.41
take	0.41
sts	0.41
extra	0.41
lots	0.41
replied	0.41
chinese	0.41
method	0.41
75	0.41
skipped	0.41
humans	0.41
various	0.40
woods	0.40
anecdotal	0.40
game	0.40
tries	0.40
toy	0.40
bi	0.40
speak	0.40
hats	0.40
secret	0.40
searched	0.40
harry	0.40
shirts	0.40
plan	0.40
vodka	0.40
dedicated	0.40
optimistic	0.40
intimate	0.40
yesterday	0.40
dos	0.40
treat	0.40
dot	0.40
asian	0.40
lake	0.40
fallen	0.40
information	0.40
settings	0.40
pof	0.39
kinds	0.39
mile	0.39
read	0.39
article	0.39
personalized	0.39
center	0.39
90	0.39
continued	0.39
shape	0.39
percent	0.39
shorts	0.39
those	0.39
recommendations	0.39
potter	0.39
85	0.39
review	0.39
medical	0.39
held	0.39
pen	0.39
these	0.38
games	0.38
swipe	0.38
playing	0.38
variety	0.38
anecdote	0.38
technical	0.38
stare	0.38
nsa	0.38
women	0.38
past	0.38
technology	0.38
serial	0.38
learning	0.38
depth	0.38
played	0.38
sugar	0.38
answering	0.38
jewish	0.38
problems	0.38
desires	0.38
male	0.38
plans	0.38
sharing	0.37
monster	0.37
missing	0.37
needs	0.37
arrived	0.37
speaking	0.37
network	0.37
sometime	0.37
web	0.37
financial	0.37
100	0.37
scroll	0.37
hmmm	0.37
men	0.37
vancouver	0.37
enemy	0.37
bingo	0.37
methods	0.37
line	0.37
canceled	0.37
reactivated	0.37
semester	0.37
our	0.37
boner	0.37
profiles	0.37
kissed	0.37
97	0.37
experiment	0.37
officially	0.37
universe	0.37
lawyer	0.37
majority	0.37
sports	0.37
equal	0.37
40s	0.36
areas	0.36
venue	0.36
lights	0.36
pants	0.36
logical	0.36
argument	0.36
switching	0.36
raise	0.36
closer	0.36
names	0.36
loads	0.36
info	0.36
baking	0.36
deleted	0.36
pack	0.36
fill	0.36
cost	0.36
professor	0.36
series	0.36
computer	0.36
realized	0.36
joining	0.35
guide	0.35
convey	0.35
blog	0.35
statement	0.35
single	0.35
matches	0.35
research	0.35
laughter	0.35
80	0.35
males	0.35
declined	0.35
signed	0.35
sensitive	0.35
meaningful	0.35
linked	0.35
routine	0.35
community	0.35
relating	0.35
play	0.35
letter	0.35
alternative	0.35
ghost	0.35
sold	0.35
author	0.35
awkwardly	0.35
brooklyn	0.34
favorites	0.34
serve	0.34
ambition	0.34
eating	0.34
garden	0.34
reached	0.34
dancing	0.34
black	0.34
cheat	0.34
sufficient	0.34
150	0.34
price	0.34
creates	0.34
literature	0.34
cash	0.34
version	0.34
organized	0.34
browse	0.34
teaching	0.34
females	0.34
science	0.34
laughing	0.34
explanation	0.34
60	0.34
sat	0.34
halfway	0.34
skinny	0.34
meetings	0.33
rights	0.33
reddit	0.33
users	0.33
fling	0.33
gaming	0.33
chubby	0.33
status	0.33
valuable	0.33
mysterious	0.33
tag	0.33
nc	0.33
opens	0.33
comic	0.33
saving	0.33
mid	0.33
fb	0.33
wont	0.33
there	0.33
basis	0.33
mexican	0.33
driving	0.32
parking	0.32
tendency	0.32
chatted	0.32
broke	0.32
eggs	0.32
deeper	0.32
provided	0.32
add	0.32
mate	0.32
terms	0.32
technique	0.32
joke	0.32
items	0.32
bill	0.32
highest	0.32
access	0.32
attempts	0.32
wake	0.31
max	0.31
4-5	0.31
opened	0.31
eastern	0.31
above	0.31
correctly	0.31
6'2	0.31
70	0.31
next	0.31
progressive	0.31
windows	0.31
thick	0.31
instagram	0.31
tits	0.31
older	0.31
having	0.31
500	0.31
stealing	0.31
crush	0.31
irl	0.31
whatsoever	0.31
tops	0.31
purposes	0.30
closely	0.30
deliver	0.30
1-2	0.30
keys	0.30
hearts	0.30
theater	0.30
jumping	0.30
code	0.30
passion	0.30
split	0.30
pays	0.30
swing	0.30
definition	0.30
function	0.30
fit	0.30
tons	0.30
cover	0.30
200	0.30
offline	0.30
separate	0.30
falling	0.30
studies	0.30
definitions	0.30
50	0.30
mode	0.29
handled	0.29
hung	0.29
committed	0.29
splitting	0.29
attempt	0.29
ensure	0.29
exam	0.29
effective	0.29
alas	0.29
interview	0.29
i.e	0.29
waking	0.29
manhattan	0.29
stars	0.29
reminder	0.29
burn	0.29
percentage	0.29
eaten	0.29
feature	0.28
lab	0.28
weekends	0.28
behave	0.28
commonly	0.28
paying	0.28
oktrends	0.28
object	0.28
heels	0.28
articles	0.28
complex	0.28
solve	0.28
strip	0.28
adults	0.28
hockey	0.28
deactivated	0.28
spin	0.28
fired	0.28
browsing	0.28
singles	0.28
military	0.28
crossed	0.28
300	0.28
grab	0.28
many	0.28
hers	0.28
20	0.27
high	0.27
two	0.27
setup	0.27
satisfaction	0.27
proceed	0.27
detail	0.27
experiences	0.27
damned	0.27
full	0.27
popped	0.27
class	0.27
development	0.27
capacity	0.27
boundaries	0.27
rent	0.27
teams	0.27
path	0.27
note	0.27
lift	0.27
tease	0.27
quickmatch	0.27
5'5	0.27
hangout	0.27
woke	0.27
user	0.27
pillow	0.27
details	0.26
moves	0.26
below	0.26
original	0.26
puts	0.26
benefit	0.26
id	0.26
persona	0.26
sites	0.26
pay	0.26
provides	0.26
summary	0.26
passing	0.26
football	0.26
dates	0.26
happily	0.26
biological	0.26
40	0.26
1	0.26
colors	0.26
regarding	0.26
barely	0.26
chosen	0.26
online	0.25
open	0.25
belief	0.25
month	0.25
finish	0.25
fashion	0.25
resume	0.25
americans	0.25
base	0.25
dealbreaker	0.25
handy	0.25
thread	0.25
multiple	0.25
forum	0.25
four	0.25
twitter	0.25
button	0.25
statements	0.25
clarify	0.25
checks	0.25
vast	0.25
pursue	0.25
offered	0.25
5'8	0.25
flaw	0.25
he	0.25
ill	0.25
hospital	0.25
facebook	0.25
league	0.24
days	0.24
pattern	0.24
fetlife	0.24
threads	0.24
ftfy	0.24
couple	0.24
algorithm	0.24
teasing	0.24
wit	0.24
span	0.24
rating	0.24
picked	0.24
monogamous	0.24
meaning	0.24
nobody	0.24
belt	0.24
video	0.24
ring	0.24
afterwards	0.24
partner	0.24
groups	0.24
church	0.24
three	0.24
months	0.24
bus	0.24
spice	0.23
hours	0.23
street	0.23
30s	0.23
perceive	0.23
aspects	0.23
chain	0.23
subreddit	0.23
soccer	0.23
description	0.23
wide	0.23
recall	0.23
hug	0.23
3-5	0.23
sake	0.23
10	0.23
itself	0.23
posters	0.23
5'9	0.23
paid	0.23
birds	0.23
follow	0.23
lasted	0.23
solution	0.23
rush	0.23
fwb	0.23
star	0.23
3-4	0.23
lifting	0.23
whole	0.23
5-10	0.23
subs	0.23
environment	0.23
pro	0.23
concrete	0.23
crime	0.22
long-term	0.22
heaven	0.22
portion	0.22
door	0.22
a-list	0.22
disabled	0.22
basketball	0.22
brand	0.22
specifics	0.22
graduated	0.22
tech	0.22
reflects	0.22
style	0.22
conclusion	0.22
doors	0.22
digging	0.22
once	0.22
kill	0.22
opportunities	0.22
mod	0.22
team	0.22
took	0.22
few	0.22
15	0.22
material	0.22
boobs	0.22
cooking	0.22
undergrad	0.22
school	0.22
relationships	0.22
reach	0.22
personality	0.22
treated	0.22
balance	0.22
taking	0.22
5	0.22
supposedly	0.22
3	0.22
viewing	0.22
5'7	0.22
4	0.22
5'11	0.21
improved	0.21
player	0.21
geek	0.21
photoshop	0.21
created	0.21
alternatively	0.21
foods	0.21
45	0.21
psychology	0.21
childhood	0.21
weekly	0.21
30	0.21
1000	0.21
glass	0.21
2	0.21
heads	0.21
ip	0.21
had	0.21
target	0.21
security	0.21
exercise	0.21
option	0.21
new	0.21
irrelevant	0.21
bills	0.21
helps	0.21
1/2	0.21
blend	0.21
types	0.21
british	0.21
numerous	0.21
combine	0.21
low	0.21
old	0.20
desired	0.20
degree	0.20
afterward	0.20
stalk	0.20
responded	0.20
drive	0.20
hipster	0.20
stole	0.20
schedule	0.20
discussion	0.20
ten	0.20
8	0.20
totally	0.20
effectively	0.20
senior	0.20
wardrobe	0.20
robot	0.20
midnight	0.20
meanwhile	0.20
sections	0.20
clicking	0.20
built	0.20
foundation	0.20
huh	0.20
beating	0.20
engineering	0.20
1.5	0.20
sauce	0.20
5'6	0.20
knew	0.20
sub	0.20
importantly	0.20
goodbye	0.20
examples	0.20
bomb	0.19
brag	0.19
scratch	0.19
watched	0.19
14	0.19
daily	0.19
programming	0.19
teach	0.19
12	0.19
candy	0.19
11	0.19
20s	0.19
noticed	0.19
laying	0.19
providing	0.19
five	0.19
half	0.19
younger	0.19
shoe	0.19
self	0.19
initiated	0.19
conversation	0.19
selection	0.19
2.5	0.19
latest	0.19
birth	0.19
role	0.19
craigslist	0.19
sell	0.19
mods	0.19
7	0.19
prompt	0.19
9	0.19
data	0.19
until	0.19
through	0.18
heyfgt	0.18
fitness	0.18
bisexual	0.18
priority	0.18
roller	0.18
unacceptable	0.18
philosophy	0.18
filter	0.18
legit	0.18
poster	0.18
maladjust	0.18
qualities	0.18
platonic	0.18
partners	0.18
rewrite	0.18
someday	0.18
banned	0.18
year	0.18
13	0.18
offer	0.18
define	0.18
workout	0.18
reasonable	0.18
supporting	0.18
software	0.18
posting	0.18
zero	0.18
relationship	0.18
friendships	0.18
monogamy	0.18
till	0.18
hour	0.18
bra	0.18
pushed	0.18
eight	0.18
insurance	0.18
circle	0.18
35	0.18
ambiguous	0.18
tests	0.18
iron	0.18
fans	0.17
whose	0.17
ago	0.17
17	0.17
jokes	0.17
grabbing	0.17
offering	0.17
press	0.17
informed	0.17
upside	0.17
16	0.17
hairy	0.17
casual	0.17
log	0.17
48	0.17
contributing	0.17
watch	0.17
reference	0.17
graduate	0.17
laughs	0.17
faces	0.17
25	0.17
da	0.17
truck	0.17
features	0.17
emphasis	0.17
comments	0.17
phone	0.17
opening	0.17
cold	0.17
brains	0.17
seen	0.17
attempted	0.16
netflix	0.16
weeks	0.16
legally	0.16
higher	0.16
radio	0.16
license	0.16
college	0.16
students	0.16
character	0.16
gun	0.16
bits	0.16
naturally	0.16
statistics	0.16
invite	0.16
longest	0.16
participate	0.16
answer	0.16
straight	0.16
years	0.16
filling	0.16
program	0.16
wherever	0.16
crushes	0.16
liberal	0.16
mindset	0.16
account	0.16
several	0.16
testing	0.15
38	0.15
burden	0.15
ldr	0.15
forums	0.15
lasting	0.15
connections	0.15
37	0.15
locked	0.15
norm	0.15
perspective	0.15
6	0.15
confusing	0.15
banging	0.15
deserves	0.15
phd	0.15
24	0.15
34	0.15
42	0.15
categories	0.15
hookups	0.15
33	0.15
age	0.15
address	0.15
demographic	0.15
classes	0.15
twenty	0.15
find	0.15
valid	0.15
route	0.15
handful	0.15
36	0.15
hookup	0.15
japanese	0.15
snapchat	0.15
movie	0.15
interpreted	0.15
attracting	0.15
lower	0.15
build	0.14
field	0.14
jazz	0.14
lurking	0.14
instance	0.14
ton	0.14
represent	0.14
department	0.14
vegan	0.14
touching	0.14
topic	0.14
sorts	0.14
masters	0.14
publicly	0.14
pasta	0.14
matching	0.14
nerd	0.14
arts	0.14
intelligence	0.14
bubble	0.14
provide	0.14
burrito	0.14
practice	0.14
27	0.13
admire	0.13
meeting	0.13
overlook	0.13
interests	0.13
test	0.13
banter	0.13
million	0.13
respect	0.13
nights	0.13
drunken	0.13
stretch	0.13
18	0.13
rely	0.13
31	0.13
hell	0.13
28	0.13
facing	0.13
fuck	0.13
claim	0.13
booze	0.13
pm	0.13
y'all	0.13
2-3	0.13
headed	0.13
combo	0.13
characteristics	0.13
join	0.13
within	0.13
population	0.12
listed	0.12
cancel	0.12
pace	0.12
nine	0.12
jump	0.12
claimed	0.12
subway	0.12
gym	0.12
via	0.12
drinking	0.12
after	0.12
bank	0.12
question	0.12
equivalent	0.12
em	0.12
youtube	0.12
presented	0.12
radius	0.12
chasing	0.12
cheated	0.12
seven	0.12
station	0.12
aim	0.12
guitar	0.12
glance	0.12
highly	0.12
googling	0.12
private	0.12
graphic	0.12
21	0.12
thought	0.12
ban	0.12
22	0.12
success	0.12
unlike	0.12
29	0.12
punk	0.12
blocks	0.12
32	0.12
26	0.12
hop	0.12
idea	0.12
services	0.12
enter	0.12
toss	0.12
19	0.12
apply	0.11
deleting	0.11
university	0.11
short-term	0.11
fundamental	0.11
section	0.11
pops	0.11
describing	0.11
standard	0.11
wondered	0.11
doesnt	0.11
selling	0.11
bond	0.11
studying	0.11
pocket	0.11
allows	0.11
belly	0.11
readers	0.11
books	0.11
billion	0.11
indicator	0.10
false	0.10
t-shirt	0.10
location	0.10
drug	0.10
bound	0.10
ta	0.10
achieve	0.10
necessary	0.10
discount	0.10
humanity	0.10
lessons	0.10
invisible	0.10
volunteer	0.10
decade	0.10
metal	0.10
strike	0.10
creating	0.10
market	0.10
times	0.10
script	0.10
pretty	0.10
episodes	0.10
discussed	0.10
repeated	0.10
car	0.10
binge	0.10
six	0.10
reflect	0.10
kiss	0.10
cliches	0.10
established	0.10
create	0.10
miles	0.10
blunt	0.10
curiosity	0.10
shared	0.10
traits	0.10
therapy	0.09
shortly	0.09
gauge	0.09
him	0.09
aka	0.09
aside	0.09
syndrome	0.09
bang	0.09
cars	0.09
folks	0.09
push	0.09
bald	0.09
nails	0.09
sharp	0.09
individuals	0.09
wave	0.09
twice	0.09
dish	0.09
gamer	0.09
grad	0.09
eventually	0.09
river	0.09
discussing	0.09
shoot	0.09
blank	0.09
hunting	0.09
guard	0.09
throwaway	0.09
confirm	0.09
steps	0.09
self-deprecating	0.09
originally	0.09
proven	0.09
ratings	0.08
lifestyle	0.08
debt	0.08
butter	0.08
unemployed	0.08
more	0.08
related	0.08
spent	0.08
aspect	0.08
visitor	0.08
someone	0.08
thousand	0.08
shown	0.08
education	0.08
seek	0.08
roughly	0.08
23	0.08
hardcore	0.08
propose	0.08
audience	0.08
discuss	0.08
slight	0.08
rip	0.07
deep	0.07
marrying	0.07
defining	0.07
parts	0.07
mins	0.07
awhile	0.07
stayed	0.07
bros	0.07
wrapped	0.07
loose	0.07
disney	0.07
lists	0.07
props	0.07
search	0.07
religion	0.07
person	0.07
kink	0.07
earlier	0.07
coworkers	0.07
hundred	0.07
heard	0.07
inch	0.07
context	0.07
contacts	0.07
student	0.07
inches	0.07
frequent	0.07
doctor	0.07
youre	0.07
wood	0.07
juice	0.07
official	0.07
trial	0.07
varying	0.06
heading	0.06
ethnic	0.06
progress	0.06
amusing	0.06
experiments	0.06
special	0.06
wanted	0.06
inner	0.06
learned	0.06
tv	0.06
over	0.06
returned	0.06
rules	0.06
court	0.06
redditors	0.06
disappeared	0.06
trans	0.06
seconds	0.06
thousands	0.06
song	0.06
basket	0.06
designed	0.06
fail	0.06
study	0.06
intro	0.06
resources	0.05
minutes	0.05
existing	0.05
walking	0.05
bed	0.05
meat	0.05
identifying	0.05
charm	0.05
divorce	0.05
didnt	0.05
vs	0.05
insane	0.05
demonstrate	0.05
substance	0.05
compatibility	0.05
tried	0.05
minute	0.05
nope	0.05
ironically	0.05
friendship	0.05
academic	0.05
flawed	0.05
lengthy	0.05
tank	0.05
imagination	0.05
nerds	0.05
dream	0.05
window	0.05
dozen	0.05
film	0.04
specific	0.04
reader	0.04
legal	0.04
dating	0.04
treating	0.04
theme	0.04
moon	0.04
curvy	0.04
finished	0.04
collect	0.04
bunch	0.04
plot	0.04
curse	0.04
maturity	0.04
watching	0.04
happened	0.04
range	0.04
thoughts	0.04
thin	0.04
eh	0.04
turn-off	0.04
sour	0.03
topics	0.03
recently	0.03
holding	0.03
deal-breaker	0.03
trait	0.03
law	0.03
job	0.03
dominant	0.03
substantial	0.03
pot	0.03
posts	0.03
short	0.03
comedy	0.03
alcohol	0.03
wtf	0.03
cheaper	0.03
long	0.03
voice	0.03
listening	0.03
realizing	0.03
temporary	0.03
confirmation	0.02
forms	0.02
ads	0.02
casually	0.02
refuse	0.02
revealing	0.02
appeal	0.02
conversations	0.02
sex	0.02
jelly	0.02
slim	0.02
later	0.02
controversial	0.02
conclusions	0.02
corny	0.02
universal	0.02
frozen	0.02
deal	0.02
value	0.02
skype	0.02
applied	0.02
waited	0.02
laws	0.02
required	0.02
filters	0.02
fond	0.02
photography	0.02
income	0.02
react	0.02
reduce	0.02
orientation	0.02
kisses	0.01
aiming	0.01
gas	0.01
listened	0.01
relative	0.01
phrases	0.01
jam	0.01
attract	0.01
house	0.01
athletic	0.01
increased	0.01
settled	0.01
contribute	0.01
army	0.01
sales	0.01
bc	0.01
pick	0.01
cook	0.01
rub	0.01
rap	0.01
apart	0.01
weakness	0.01
frank	0.01
comparing	0.00
expert	0.00
preferred	0.00
somewhere	0.00
supply	0.00
dutch	0.00
defined	0.00
develop	0.00
assessment	0.00
silly	0.00
chance	0.00
doctors	0.00
gross	-4.27
unpleasant	-4.12
disgusting	-4.00
painful	-3.91
sick	-3.84
unfortunate	-3.74
sucks	-3.63
suck	-3.63
pig	-3.57
ugh	-3.56
hurtful	-3.49
messy	-3.40
depressing	-3.37
cruel	-3.35
dishonest	-3.29
complain	-3.27
mediocre	-3.20
ugly	-3.18
granted	-3.14
bad	-3.13
frustrating	-3.04
disrespectful	-3.03
shitty	-3.03
smells	-3.02
hating	-3.00
lazy	-2.99
versa	-2.99
moment	-2.97
vice	-2.96
case	-2.95
horny	-2.95
fades	-2.93
unsolicited	-2.93
dealing	-2.92
lame	-2.91
stupid	-2.91
fucked	-2.90
receiving	-2.90
dirty	-2.90
paint	-2.86
sucked	-2.86
poop	-2.86
lied	-2.84
peoples	-2.84
involving	-2.81
pathetic	-2.80
drawing	-2.79
ew	-2.78
crying	-2.78
worthless	-2.74
exhausting	-2.74
ran	-2.72
rude	-2.71
screw	-2.70
disappointing	-2.70
feeling	-2.69
fatties	-2.69
bored	-2.69
wet	-2.68
remembered	-2.68
prepared	-2.68
desperate	-2.66
feel	-2.66
frustrated	-2.65
lonely	-2.65
crappy	-2.64
luckily	-2.64
ms	-2.64
possibly	-2.64
upon	-2.64
angry	-2.63
bummed	-2.62
bitter	-2.62
encounter	-2.62
worse	-2.60
tired	-2.59
misleading	-2.59
wondering	-2.56
feminists	-2.55
torn	-2.55
pussy	-2.55
disappointed	-2.54
introduced	-2.54
odd	-2.53
duh	-2.52
ignorant	-2.52
opposite	-2.52
blame	-2.51
depressed	-2.51
matters	-2.50
utterly	-2.50
boring	-2.48
included	-2.47
dumb	-2.47
especially	-2.47
hurts	-2.46
drama	-2.45
guessing	-2.45
recognized	-2.44
poor	-2.44
confused	-2.44
offensive	-2.42
shallow	-2.42
outcome	-2.42
fucks	-2.41
stuck	-2.41
taste	-2.40
hatred	-2.40
exact	-2.40
pity	-2.39
intentional	-2.39
fault	-2.39
nuts	-2.38
secretly	-2.38
prepare	-2.38
associate	-2.38
exhausted	-2.37
scenario	-2.36
stressful	-2.36
mad	-2.33
piss	-2.32
sweat	-2.31
awkward	-2.31
scares	-2.30
tears	-2.30
believed	-2.29
res	-2.29
risky	-2.28
signals	-2.28
whiny	-2.28
grumpy	-2.28
makes	-2.28
terrified	-2.27
stressed	-2.27
cringe	-2.27
referred	-2.25
smell	-2.23
overwhelmed	-2.23
burnt	-2.22
dick	-2.22
discouraged	-2.22
unnecessarily	-2.22
uncomfortable	-2.22
difficult	-2.22
annoyed	-2.21
selfish	-2.21
surprised	-2.21
remembering	-2.20
worth	-2.19
happening	-2.19
uncommon	-2.18
inappropriate	-2.18
pain	-2.18
bitchy	-2.18
weirded	-2.17
misogynistic	-2.17
brush	-2.15
pissed	-2.14
hungry	-2.14
balls	-2.14
thing	-2.13
desperately	-2.13
shocked	-2.13
tough	-2.12
cry	-2.11
miserable	-2.10
prefer	-2.10
annoying	-2.10
inexperienced	-2.09
scared	-2.09
offended	-2.09
lying	-2.08
hypocritical	-2.08
upset	-2.08
manipulative	-2.07
whining	-2.07
embarrassed	-2.05
weak	-2.05
except	-2.04
which	-2.04
judgmental	-2.04
insulted	-2.03
alone	-2.02
fed	-2.02
naive	-2.02
dull	-2.01
condescending	-2.01
innocent	-2.00
vomit	-1.99
bitching	-1.98
blatantly	-1.98
immature	-1.98
around	-1.98
lie	-1.98
liar	-1.97
pushy	-1.97
homophobic	-1.97
distracted	-1.97
petty	-1.97
sexist	-1.97
hostile	-1.96
cynical	-1.96
habit	-1.96
unaware	-1.95
mean	-1.95
breath	-1.94
doing	-1.94
creeped	-1.94
insecure	-1.94
hurt	-1.94
clueless	-1.93
childish	-1.92
plain	-1.92
obnoxious	-1.92
stomach	-1.92
defensive	-1.91
flattered	-1.91
fading	-1.91
delusional	-1.91
anxious	-1.90
assuming	-1.90
whore	-1.90
entitled	-1.89
insulting	-1.89
by	-1.89
teeth	-1.88
rage	-1.88
sucking	-1.88
flakes	-1.87
shower	-1.87
comprehension	-1.86
narcissistic	-1.86
loneliness	-1.85
ever	-1.85
inspired	-1.85
wreck	-1.84
intrigued	-1.84
clearly	-1.84
losers	-1.83
throat	-1.83
crushing	-1.83
needy	-1.82
true	-1.82
butthurt	-1.81
oblivious	-1.80
inevitable	-1.80
jaded	-1.79
breakup	-1.79
entitlement	-1.79
miss	-1.79
timing	-1.78
unsure	-1.78
racist	-1.78
dicks	-1.77
messed	-1.75
implied	-1.75
blows	-1.74
getting	-1.74
douchey	-1.74
latter	-1.73
constantly	-1.71
freaked	-1.71
uninterested	-1.71
biased	-1.71
debating	-1.71
happens	-1.70
catfishing	-1.70
intimidated	-1.70
amazed	-1.70
nothing	-1.69
tattoos	-1.69
sociopath	-1.69
prick	-1.68
ass	-1.68
process	-1.67
screaming	-1.67
deserved	-1.67
vagina	-1.66
familiar	-1.66
considering	-1.66
ruin	-1.66
rejections	-1.65
sadness	-1.65
hiding	-1.64
complaining	-1.64
worried	-1.63
worrying	-1.63
masturbating	-1.63
questionable	-1.62
rejected	-1.62
recognize	-1.62
toilet	-1.62
unhealthy	-1.61
bitch	-1.61
right	-1.61
pretentious	-1.59
dangerous	-1.59
hideous	-1.58
means	-1.58
ashamed	-1.58
bs	-1.58
asshole	-1.57
suspect	-1.57
across	-1.57
demanding	-1.57
scream	-1.56
hassle	-1.56
popular	-1.56
admit	-1.55
arrogant	-1.55
imagine	-1.54
excuses	-1.54
controlling	-1.54
receive	-1.54
clingy	-1.54
toxic	-1.54
clean	-1.54
crap	-1.54
eats	-1.54
impressed	-1.53
rejection	-1.53
busy	-1.53
burned	-1.52
happen	-1.52
laid	-1.52
either	-1.52
uninteresting	-1.51
usual	-1.51
crushed	-1.51
off-putting	-1.51
laundry	-1.51
blaming	-1.51
desperation	-1.50
biggest	-1.50
seeming	-1.50
superficial	-1.49
penis	-1.48
noise	-1.48
hard	-1.47
potentially	-1.47
confusion	-1.47
unattractive	-1.47
excuse	-1.47
basically	-1.47
pointless	-1.47
eager	-1.46
reviews	-1.46
anger	-1.46
bothered	-1.46
cum	-1.46
deliberately	-1.46
frustration	-1.46
ignored	-1.45
exist	-1.45
scare	-1.45
suspicious	-1.45
tacky	-1.45
unfair	-1.45
yell	-1.44
slow	-1.44
unusual	-1.44
truth	-1.44
fade	-1.44
mouth	-1.44
initial	-1.43
sounding	-1.43
guilt	-1.43
afraid	-1.43
itt	-1.42
worry	-1.42
much	-1.42
sending	-1.42
masturbate	-1.42
outright	-1.42
approval	-1.42
inherently	-1.41
replies	-1.41
nervous	-1.41
reporting	-1.40
overwhelming	-1.40
cases	-1.40
wonder	-1.40
disappointment	-1.40
knowing	-1.40
stick	-1.40
creepy	-1.40
sound	-1.39
invest	-1.39
am	-1.39
considered	-1.39
justified	-1.39
sheets	-1.38
feels	-1.38
too	-1.38
embarrassing	-1.38
aggressive	-1.38
requests	-1.38
simply	-1.37
meaningless	-1.37
fatty	-1.37
nerves	-1.37
volume	-1.37
pee	-1.37
causing	-1.37
strange	-1.37
shut	-1.37
messages	-1.37
harsh	-1.37
imagining	-1.37
judged	-1.36
caught	-1.36
catfished	-1.36
calling	-1.36
result	-1.36
cock	-1.35
regret	-1.35
certainly	-1.35
assume	-1.35
associated	-1.35
complaints	-1.35
tempted	-1.35
douchebag	-1.34
sometimes	-1.34
responses	-1.34
honestly	-1.34
attention	-1.34
complicated	-1.34
fast	-1.34
accused	-1.34
choice	-1.34
concerned	-1.33
slut	-1.33
wash	-1.33
sink	-1.33
easily	-1.32
stress	-1.32
guilty	-1.32
offend	-1.32
douche	-1.31
violent	-1.31
rarely	-1.31
bother	-1.31
surprising	-1.31
talk	-1.31
personally	-1.30
useless	-1.30
cautious	-1.29
wary	-1.29
moron	-1.29
boredom	-1.29
meh	-1.29
jealousy	-1.29
being	-1.28
stop	-1.28
received	-1.28
cunt	-1.28
freak	-1.28
matter	-1.28
idiot	-1.28
shocking	-1.27
hurting	-1.27
bullshit	-1.27
inclined	-1.27
extreme	-1.27
pretend	-1.27
easier	-1.27
invested	-1.27
convenient	-1.27
fear	-1.27
partly	-1.26
managed	-1.26
jerk	-1.26
circumstances	-1.26
course	-1.26
obviously	-1.26
passive	-1.26
situations	-1.26
think	-1.26
however	-1.26
involve	-1.26
silence	-1.26
apparently	-1.26
sent	-1.25
emails	-1.25
lately	-1.25
instances	-1.25
troll	-1.24
disease	-1.24
awkwardness	-1.24
tricky	-1.24
rather	-1.24
nonsense	-1.24
horribly	-1.23
copypasta	-1.23
somehow	-1.23
affected	-1.23
vibes	-1.23
surgery	-1.22
explicit	-1.22
paranoid	-1.22
and/or	-1.22
pile	-1.22
victim	-1.21
trap	-1.21
dr	-1.21
misunderstanding	-1.21
raped	-1.21
believe	-1.21
due	-1.21
rapist	-1.21
point	-1.21
harm	-1.21
insults	-1.21
idiots	-1.20
judge	-1.20
possible	-1.20
ironic	-1.20
screwed	-1.20
fact	-1.19
op	-1.19
struggle	-1.19
trivial	-1.19
keep	-1.19
bragging	-1.18
hesitant	-1.18
ruining	-1.18
otherwise	-1.18
saying	-1.18
obvious	-1.17
tell	-1.17
unless	-1.17
coming	-1.17
inbox	-1.17
hardly	-1.17
count	-1.17
puns	-1.17
comes	-1.17
insecurity	-1.17
thinking	-1.17
ignorance	-1.17
validation	-1.16
meets	-1.15
unwilling	-1.15
possibility	-1.15
know	-1.15
generic	-1.15
ought	-1.15
justify	-1.15
felt	-1.15
situation	-1.14
vent	-1.14
still	-1.14
service	-1.14
bastard	-1.14
say	-1.13
sore	-1.13
send	-1.13
unlikely	-1.13
overly	-1.13
shock	-1.13
mixed	-1.13
even	-1.13
ignore	-1.12
creeps	-1.12
bland	-1.12
come	-1.12
rare	-1.12
anymore	-1.12
garbage	-1.11
request	-1.11
consider	-1.11
talking	-1.11
tends	-1.11
understand	-1.11
expect	-1.11
instead	-1.11
gotten	-1.11
emotion	-1.11
care	-1.11
ruined	-1.11
curious	-1.11
intentionally	-1.11
screams	-1.11
involved	-1.11
assholes	-1.11
contract	-1.10
conflict	-1.10
terrifying	-1.10
spite	-1.10
tad	-1.10
respond	-1.10
notice	-1.10
conscious	-1.09
starting	-1.09
reaction	-1.09
lies	-1.09
response	-1.09
nudes	-1.09
bitterness	-1.09
overweight	-1.09
obese	-1.09
sorta	-1.09
anything	-1.09
overthink	-1.09
interested	-1.08
because	-1.08
investing	-1.08
probably	-1.08
wasting	-1.08
struggling	-1.08
skeptical	-1.08
accident	-1.08
work	-1.08
get	-1.08
call	-1.08
completely	-1.07
downvoted	-1.07
bizarre	-1.07
keeps	-1.07
dramatic	-1.07
abusive	-1.07
fat	-1.07
condition	-1.07
pleasantly	-1.07
expected	-1.06
intention	-1.06
kinda	-1.06
equality	-1.06
vulnerable	-1.06
causes	-1.06
going	-1.05
flake	-1.05
remember	-1.05
cleaning	-1.05
scenarios	-1.05
reject	-1.05
convinced	-1.05
repeating	-1.05
breathe	-1.05
loser	-1.04
directed	-1.04
guarantee	-1.04
rejecting	-1.04
destroy	-1.04
applies	-1.03
impossible	-1.03
brain	-1.03
really	-1.03
why	-1.02
unfortunately	-1.02
avoiding	-1.02
vaguely	-1.02
convince	-1.02
see	-1.02
downvoting	-1.02
explain	-1.02
everywhere	-1.01
rape	-1.01
negativity	-1.01
struck	-1.01
pets	-1.01
jerks	-1.01
stand	-1.01
partially	-1.00
imho	-1.00
suffering	-1.00
also	-1.00
necessarily	-1.00
whatever	-1.00
recommend	-1.00
tolerate	-1.00
aware	-1.00
par	-1.00
figuring	-1.00
bitches	-1.00
identical	-0.99
resort	-0.99
clue	-0.99
mentally	-0.99
voted	-0.99
actually	-0.99
complaint	-0.99
giving	-0.99
reply	-0.98
remark	-0.98
hear	-0.98
seems	-0.98
fool	-0.98
becomes	-0.98
underwear	-0.98
putting	-0.98
bit	-0.98
boxes	-0.98
borderline	-0.97
prospect	-0.97
tastes	-0.97
off	-0.97
mainly	-0.97
leads	-0.97
realize	-0.96
trash	-0.96
blew	-0.96
ignoring	-0.96
choices	-0.96
skills	-0.95
entirely	-0.95
likely	-0.95
acting	-0.95
waste	-0.95
sounded	-0.95
exactly	-0.95
bothering	-0.95
silent	-0.95
sure	-0.94
drawn	-0.94
mind	-0.94
whenever	-0.94
mutual	-0.94
painting	-0.94
sucker	-0.94
attached	-0.94
heck	-0.93
although	-0.93
arbitrary	-0.93
dump	-0.93
persons	-0.93
trolls	-0.92
harmless	-0.92
negative	-0.92
may	-0.92
slightly	-0.92
forever	-0.92
normally	-0.92
floor	-0.92
referring	-0.92
moira	-0.91
go	-0.91
shame	-0.91
emotionally	-0.91
demand	-0.91
trolling	-0.91
unrealistic	-0.91
return	-0.91
weirdly	-0.91
phrased	-0.91
seriously	-0.91
strikes	-0.91
approached	-0.91
anyway	-0.91
cops	-0.90
longer	-0.90
prevent	-0.90
myself	-0.90
able	-0.90
forgotten	-0.90
shy	-0.90
did	-0.90
messing	-0.90
impress	-0.90
caused	-0.90
responding	-0.90
tape	-0.90
downvotes	-0.89
would	-0.89
stats	-0.89
follow-up	-0.89
resulted	-0.89
figure	-0.89
put	-0.89
failing	-0.88
sitting	-0.88
tension	-0.88
combination	-0.88
feminism	-0.88
incompatible	-0.88
fascinating	-0.88
message	-0.88
picky	-0.88
dismiss	-0.88
understandable	-0.88
implying	-0.87
actions	-0.87
insult	-0.87
bug	-0.87
suffer	-0.87
blocking	-0.87
fucker	-0.87
empty	-0.86
anal	-0.86
violence	-0.86
fence	-0.86
admittedly	-0.86
cause	-0.86
disinterest	-0.86
appear	-0.86
bail	-0.86
were	-0.85
panic	-0.85
blood	-0.85
actively	-0.85
retarded	-0.85
cliche	-0.85
random	-0.85
something	-0.85
scam	-0.85
yelling	-0.85
depression	-0.85
wait	-0.85
direction	-0.84
intent	-0.84
stopping	-0.84
forget	-0.84
damage	-0.84
anywhere	-0.84
burning	-0.84
illegal	-0.84
maybe	-0.83
prejudice	-0.83
now	-0.83
rough	-0.83
becoming	-0.83
super	-0.83
weirdo	-0.83
led	-0.83
generalization	-0.83
become	-0.83
satisfying	-0.82
leave	-0.82
murder	-0.82
intimidating	-0.82
spam	-0.82
does	-0.82
neither	-0.82
seeing	-0.82
its	-0.82
trouble	-0.82
panties	-0.82
approaching	-0.82
effort	-0.81
relate	-0.81
same	-0.81
frankly	-0.81
handle	-0.81
gut	-0.81
obscure	-0.81
lack	-0.81
cared	-0.81
catfish	-0.81
doubt	-0.81
connected	-0.81
jackass	-0.81
could	-0.80
joking	-0.80
absurd	-0.80
b/c	-0.80
contacting	-0.80
kept	-0.80
showing	-0.80
racism	-0.80
competing	-0.80
yet	-0.80
assault	-0.80
comparison	-0.80
judging	-0.80
sign	-0.79
snarky	-0.79
meant	-0.79
creep	-0.79
towards	-0.79
offense	-0.79
slutty	-0.79
stigma	-0.78
might	-0.78
decide	-0.78
cycle	-0.78
inside	-0.78
sleep	-0.78
perhaps	-0.78
explicitly	-0.78
often	-0.78
consistently	-0.78
ratio	-0.78
maintenance	-0.78
somewhat	-0.78
occur	-0.78
discrimination	-0.77
appearance	-0.77
little	-0.77
wo	-0.77
usually	-0.77
virginity	-0.77
waiting	-0.77
bedroom	-0.77
gif	-0.76
inevitably	-0.76
quickly	-0.76
mood	-0.76
signal	-0.76
don't	-0.76
draw	-0.76
deny	-0.76
nerve	-0.76
avoid	-0.76
lost	-0.76
d	-0.76
ask	-0.75
directly	-0.75
bear	-0.75
dishes	-0.75
impression	-0.75
mutually	-0.75
ca	-0.75
feelings	-0.75
precisely	-0.75
leading	-0.75
surprisingly	-0.75
entertainment	-0.75
should	-0.75
down	-0.74
risk	-0.74
social	-0.74
replying	-0.74
overcome	-0.74
typically	-0.74
begin	-0.74
hog	-0.74
particular	-0.74
called	-0.74
asking	-0.74
attacking	-0.74
stage	-0.73
how	-0.73
harassment	-0.73
scary	-0.73
expecting	-0.73
likelihood	-0.73
notification	-0.73
can	-0.73
thoroughly	-0.73
lovers	-0.73
mail	-0.73
cues	-0.73
anxiety	-0.72
regardless	-0.72
ties	-0.72
surely	-0.72
manage	-0.72
tear	-0.72
includes	-0.72
subtle	-0.72
far	-0.72
ripped	-0.71
downvote	-0.71
anyone	-0.71
effect	-0.71
load	-0.71
unavailable	-0.71
arguments	-0.71
owe	-0.71
example	-0.71
specifically	-0.71
sticking	-0.71
tl	-0.71
belong	-0.71
suggest	-0.70
acknowledge	-0.70
thumb	-0.70
weirdest	-0.70
messaging	-0.70
labels	-0.70
distant	-0.70
blowing	-0.70
responsibility	-0.70
implication	-0.70
grass	-0.70
ol	-0.70
essentially	-0.69
habits	-0.69
always	-0.69
quit	-0.69
without	-0.69
queen	-0.69
terribly	-0.69
runs	-0.69
feminist	-0.69
them	-0.69
toes	-0.69
bag	-0.69
vague	-0.68
psychological	-0.68
reactions	-0.68
heavier	-0.68
pickup	-0.68
total	-0.68
time	-0.68
specify	-0.68
preference	-0.68
along	-0.67
ending	-0.67
settling	-0.67
openly	-0.67
kitchen	-0.67
signing	-0.67
deeply	-0.67
usernames	-0.67
yours	-0.67
trigger	-0.67
boat	-0.67
became	-0.67
interviews	-0.67
signs	-0.67
kick	-0.67
feet	-0.67
agree	-0.67
imply	-0.66
extent	-0.66
complete	-0.66
king	-0.66
depends	-0.66
insecurities	-0.66
punch	-0.66
incredibly	-0.66
unhappy	-0.66
sparse	-0.65
turning	-0.65
warning	-0.65
knee	-0.65
keeping	-0.65
try	-0.65
defending	-0.65
ridiculous	-0.65
seeking	-0.65
any	-0.65
difficulty	-0.65
votes	-0.65
possibilities	-0.65
ends	-0.65
currently	-0.65
questioning	-0.64
hints	-0.64
consequences	-0.64
trick	-0.64
qualify	-0.64
lead	-0.64
counts	-0.64
endless	-0.64
pulling	-0.64
want	-0.64
advertise	-0.64
fridge	-0.64
less	-0.64
judgment	-0.64
kidding	-0.64
let	-0.64
attack	-0.64
generally	-0.64
performance	-0.64
willing	-0.63
texts	-0.63
stating	-0.63
telling	-0.63
forward	-0.63
severe	-0.63
drunk	-0.63
way	-0.63
meme	-0.63
number	-0.63
tiny	-0.63
perceived	-0.63
disorder	-0.63
critical	-0.63
mention	-0.63
thankfully	-0.63
track	-0.62
things	-0.62
chair	-0.62
stopped	-0.62
evil	-0.62
sides	-0.62
staring	-0.62
verbal	-0.62
privilege	-0.62
favors	-0.62
justice	-0.62
arm	-0.62
esteem	-0.62
plate	-0.62
leaves	-0.62
blind	-0.62
self-esteem	-0.61
collection	-0.61
spark	-0.61
disappear	-0.61
gt	-0.61
yourself	-0.61
beta	-0.61
nightmare	-0.61
energy	-0.61
continue	-0.61
rant	-0.61
challenging	-0.61
imagined	-0.61
commit	-0.61
acted	-0.61
forced	-0.61
fears	-0.61
exposed	-0.61
phase	-0.60
expectation	-0.60
anybody	-0.60
police	-0.60
everything	-0.60
while	-0.60
smoke	-0.60
spelled	-0.60
hardest	-0.60
occasionally	-0.60
wasted	-0.60
leaning	-0.59
pull	-0.59
buried	-0.59
socially	-0.59
stds	-0.59
meds	-0.59
creeping	-0.59
symptoms	-0.59
thus	-0.59
gtfo	-0.59
interact	-0.59
quotes	-0.59
products	-0.59
insanely	-0.59
beauty	-0.58
remotely	-0.58
no	-0.58
extremely	-0.58
faster	-0.58
dealt	-0.58
pause	-0.58
ll	-0.58
bigger	-0.58
principle	-0.58
neckbeard	-0.58
own	-0.58
together	-0.58
allergic	-0.58
pursuing	-0.58
realistically	-0.58
filled	-0.58
unreasonable	-0.58
amirite	-0.58
supposed	-0.58
tongue	-0.58
pill	-0.57
emotions	-0.57
hitting	-0.57
confirmed	-0.57
poke	-0.57
control	-0.57
already	-0.57
duck	-0.57
meta	-0.57
broken	-0.57
broad	-0.57
behavior	-0.57
suggesting	-0.57
subjective	-0.57
unrelated	-0.57
upvotes	-0.57
room	-0.57
giant	-0.56
ease	-0.56
quite	-0.56
awareness	-0.56
themselves	-0.56
nearly	-0.56
seem	-0.56
again	-0.56
boom	-0.56
ready	-0.56
problem	-0.56
wisdom	-0.55
yes	-0.55
text	-0.55
email	-0.55
agreement	-0.55
breasts	-0.55
compared	-0.55
attitude	-0.55
head	-0.55
counter	-0.55
therapist	-0.55
throwing	-0.55
gets	-0.54
nose	-0.54
stereotypes	-0.54
easy	-0.54
advise	-0.54
meantime	-0.54
believing	-0.54
hunt	-0.54
stay	-0.54
typical	-0.54
genre	-0.54
apologize	-0.54
spectrum	-0.54
accomplish	-0.54
letting	-0.54
trade	-0.54
when	-0.54
oral	-0.54
claiming	-0.53
excited	-0.53
than	-0.53
cried	-0.53
favor	-0.53
abuse	-0.53
admitting	-0.53
cheating	-0.53
virgin	-0.53
cancer	-0.53
stages	-0.53
available	-0.53
lacking	-0.53
lick	-0.53
kicked	-0.53
attracted	-0.53
music	-0.53
danger	-0.53
reason	-0.53
objectively	-0.52
away	-0.52
criminal	-0.52
weirdos	-0.52
running	-0.52
shave	-0.52
frequently	-0.52
slowly	-0.52
convincing	-0.52
risks	-0.52
needing	-0.52
save	-0.52
exception	-0.52
assumed	-0.52
start	-0.52
alot	-0.52
irrational	-0.52
depend	-0.52
sudden	-0.52
herpes	-0.52
hide	-0.52
himself	-0.52
cents	-0.52
driver	-0.52
trust	-0.52
smoking	-0.52
charge	-0.52
purely	-0.51
stalker	-0.51
though	-0.51
varies	-0.51
faced	-0.51
creeper	-0.51
compare	-0.51
disclose	-0.51
elaborate	-0.51
intend	-0.51
failed	-0.51
defend	-0.51
potential	-0.51
roles	-0.50
expressing	-0.50
dtr	-0.50
accept	-0.50
string	-0.50
sea	-0.50
ego	-0.50
absolute	-0.50
act	-0.50
bummer	-0.50
spend	-0.50
requires	-0.50
sloppy	-0.50
entertain	-0.50
romantically	-0.49
bathroom	-0.49
stuff	-0.49
investment	-0.49
alternate	-0.49
regard	-0.49
affect	-0.49
medicine	-0.49
sends	-0.49
deciding	-0.49
attraction	-0.49
working	-0.49
standards	-0.49
interest	-0.49
communicating	-0.49
piece	-0.49
tied	-0.48
skewed	-0.48
images	-0.48
fyi	-0.48
fewer	-0.48
disagree	-0.48
bring	-0.48
indicate	-0.48
hint	-0.48
both	-0.48
psycho	-0.48
mess	-0.48
genitals	-0.48
bones	-0.48
finger	-0.48
intense	-0.48
porn	-0.48
assure	-0.48
sober	-0.47
heart	-0.47
concept	-0.47
literally	-0.47
us	-0.47
up	-0.47
pressure	-0.47
musical	-0.47
facts	-0.47
where	-0.47
favorite	-0.47
logging	-0.47
indicates	-0.47
never	-0.47
from	-0.47
based	-0.47
dry	-0.47
hall	-0.47
misunderstood	-0.46
inability	-0.46
meet	-0.46
experiencing	-0.46
connect	-0.46
surrounded	-0.46
hanging	-0.46
decline	-0.46
weed	-0.46
basic	-0.46
overthinking	-0.46
tend	-0.46
internal	-0.46
obligated	-0.46
referencing	-0.46
alert	-0.46
apparent	-0.46
selectively	-0.46
suicide	-0.46
baggage	-0.46
cooler	-0.46
bait	-0.45
illness	-0.45
pushing	-0.45
hook	-0.45
courtesy	-0.45
sentiment	-0.45
raw	-0.45
simultaneously	-0.45
classic	-0.45
regularly	-0.45
cross	-0.45
largely	-0.45
escape	-0.45
dies	-0.44
reciprocate	-0.44
then	-0.44
occurred	-0.44
competitive	-0.44
position	-0.44
whether	-0.44
projecting	-0.44
done	-0.44
concern	-0.44
agreed	-0.44
movement	-0.44
continuing	-0.44
suddenly	-0.44
money	-0.44
physical	-0.44
dislike	-0.44
seemed	-0.44
report	-0.44
unnecessary	-0.43
ways	-0.43
moments	-0.43
strong	-0.43
shaving	-0.43
reveal	-0.43
oil	-0.43
niche	-0.43
shaming	-0.43
tbh	-0.43
opinion	-0.43
covered	-0.43
mentality	-0.43
covers	-0.43
turn	-0.43
management	-0.43
advantage	-0.43
unable	-0.42
distinction	-0.42
view	-0.42
strongly	-0.42
condom	-0.42
enjoyable	-0.42
twist	-0.42
hooked	-0.42
seat	-0.42
butt	-0.42
accepted	-0.42
devil	-0.42
further	-0.42
irc	-0.42
stalking	-0.42
closet	-0.42
channel	-0.42
drag	-0.42
safety	-0.42
kind	-0.41
traditional	-0.41
efficient	-0.41
mental	-0.41
solely	-0.41
arms	-0.41
lyrics	-0.41
reward	-0.41
consensus	-0.41
before	-0.41
shows	-0.41
ultimately	-0.41
ourselves	-0.41
forcing	-0.41
lean	-0.41
plastic	-0.41
corner	-0.41
jealous	-0.41
addiction	-0.41
given	-0.41
touched	-0.41
offers	-0.40
nor	-0.40
mass	-0.40
permanent	-0.40
opener	-0.40
almost	-0.40
discovered	-0.40
mine	-0.40
impressions	-0.40
sexual	-0.40
issues	-0.40
introduce	-0.40
pepper	-0.40
dependent	-0.40
alike	-0.40
addition	-0.40
drove	-0.40
permission	-0.40
recommended	-0.40
courage	-0.39
admitted	-0.39
stronger	-0.39
stood	-0.39
exists	-0.39
booty	-0.39
change	-0.39
definitely	-0.39
kicking	-0.39
visits	-0.39
realise	-0.39
argue	-0.39
politely	-0.39
mostly	-0.39
loop	-0.39
got	-0.39
zombie	-0.39
harder	-0.39
consent	-0.38
hang	-0.38
preferences	-0.38
intentions	-0.38
pleasure	-0.38
instant	-0.38
acts	-0.38
shoulder	-0.38
sit	-0.38
involves	-0.38
fart	-0.38
their	-0.38
se	-0.38
lacks	-0.37
run	-0.37
focusing	-0.37
heavily	-0.37
homework	-0.37
upper	-0.37
criteria	-0.37
choose	-0.37
lap	-0.37
views	-0.37
here	-0.37
block	-0.37
instantly	-0.37
additionally	-0.37
settle	-0.36
embrace	-0.36
left	-0.36
compromise	-0.36
artists	-0.36
notion	-0.36
opportunity	-0.36
territory	-0.36
automatically	-0.36
influence	-0.36
lesson	-0.36
reputation	-0.36
bucks	-0.36
show	-0.36
drugs	-0.36
hole	-0.36
perception	-0.36
everybody	-0.36
metaphor	-0.36
sooner	-0.36
similar	-0.35
roll	-0.35
ability	-0.35
elsewhere	-0.35
wordy	-0.35
sets	-0.35
turned	-0.35
std	-0.35
mistaken	-0.35
guess	-0.35
subscribe	-0.35
memory	-0.35
judgement	-0.35
pregnancy	-0.35
realistic	-0.35
hold	-0.35
beyond	-0.35
fortunately	-0.35
attempting	-0.35
stops	-0.35
paste	-0.35
grain	-0.34
identify	-0.34
walls	-0.34
tactic	-0.34
spirit	-0.34
requirement	-0.34
massive	-0.34
against	-0.34
superior	-0.34
ground	-0.34
sexually	-0.34
studio	-0.34
smoker	-0.34
vibe	-0.34
mild	-0.34
wall	-0.34
initiative	-0.34
simple	-0.34
emotional	-0.34
leaving	-0.34
fan	-0.33
urge	-0.33
faded	-0.33
cultural	-0.33
definite	-0.33
choosing	-0.33
anytime	-0.33
mesh	-0.33
arguing	-0.33
factors	-0.33
need	-0.33
score	-0.33
introvert	-0.33
compete	-0.33
magically	-0.33
move	-0.33
fingers	-0.33
technically	-0.33
initiating	-0.33
cop	-0.33
society	-0.32
dropping	-0.32
artist	-0.32
manager	-0.32
medication	-0.32
others	-0.32
minds	-0.32
larger	-0.32
moral	-0.32
leg	-0.32
stone	-0.32
amount	-0.32
wind	-0.32
speech	-0.32
stereotypical	-0.32
sounds	-0.32
ball	-0.32
throw	-0.32
copy	-0.32
advocate	-0.32
appropriate	-0.32
randomly	-0.32
approach	-0.31
spare	-0.31
variation	-0.31
wanting	-0.31
bust	-0.31
spread	-0.31
texting	-0.31
exchanging	-0.31
pregnant	-0.31
rolling	-0.31
gap	-0.31
milk	-0.31
ai	-0.31
upfront	-0.31
very	-0.31
junk	-0.31
genders	-0.30
insist	-0.30
norms	-0.30
negging	-0.30
films	-0.30
snark	-0.30
soon	-0.30
bowl	-0.30
race	-0.30
forgetting	-0.30
genetic	-0.30
pulled	-0.30
proceeded	-0.30
quantity	-0.30
table	-0.30
alcoholic	-0.30
queer	-0.30
cares	-0.30
expressed	-0.30
marathon	-0.29
stereotype	-0.29
tagged	-0.29
determine	-0.29
all	-0.29
despite	-0.29
pan	-0.29
kissing	-0.29
behaviour	-0.29
dollars	-0.29
literal	-0.29
fairly	-0.29
effects	-0.29
reactivate	-0.29
regards	-0.29
spoon	-0.29
art	-0.29
cant	-0.29
circles	-0.29
reading	-0.29
filtered	-0.29
break	-0.28
flip	-0.28
bite	-0.28
tested	-0.28
whilst	-0.28
gender	-0.28
expectations	-0.28
we	-0.28
arent	-0.28
feed	-0.28
initiate	-0.28
purposely	-0.28
issue	-0.28
pounds	-0.28
v	-0.28
worthy	-0.28
slap	-0.28
goes	-0.28
shrug	-0.28
foot	-0.27
wrap	-0.27
include	-0.27
confidence	-0.27
opinions	-0.27
apartment	-0.27
representative	-0.27
dying	-0.27
adds	-0.27
anyhow	-0.27
secrets	-0.27
picking	-0.27
requirements	-0.27
treatment	-0.27
bodies	-0.27
nowadays	-0.27
allow	-0.27
back	-0.27
attitudes	-0.27
knife	-0.26
schedules	-0.26
trivia	-0.26
obsessed	-0.26
depending	-0.26
shorter	-0.26
applicable	-0.26
god	-0.26
failure	-0.26
sample	-0.26
growing	-0.26
enough	-0.26
type	-0.26
chest	-0.26
tone	-0.26
sleeping	-0.26
presumably	-0.26
minimum	-0.26
salt	-0.26
sense	-0.26
project	-0.26
knock	-0.26
factor	-0.26
fair	-0.26
diet	-0.25
exchanged	-0.25
refer	-0.25
personal	-0.25
races	-0.25
socks	-0.25
training	-0.25
tumblr	-0.25
profession	-0.25
scale	-0.25
peanut	-0.25
folk	-0.25
cj	-0.25
works	-0.25
small	-0.25
redundant	-0.25
certain	-0.25
gently	-0.25
decisions	-0.25
fetish	-0.25
opposed	-0.25
oddly	-0.25
vegans	-0.25
figures	-0.25
pass	-0.25
careful	-0.25
movies	-0.24
closure	-0.24
50/50	-0.24
reflection	-0.24
size	-0.24
dumped	-0.24
deactivating	-0.24
ended	-0.24
hid	-0.24
beat	-0.24
references	-0.24
reaching	-0.24
limiting	-0.24
constant	-0.24
results	-0.24
chat	-0.24
killed	-0.24
guaranteed	-0.24
shake	-0.24
faith	-0.24
nowhere	-0.24
ship	-0.23
mentions	-0.23
dynamic	-0.23
rates	-0.23
ad	-0.23
indication	-0.23
hypothetical	-0.23
shoulders	-0.23
backwards	-0.23
stated	-0.23
difference	-0.23
explaining	-0.23
industry	-0.23
apology	-0.23
trying	-0.23
immediate	-0.23
stance	-0.23
empathy	-0.23
beforehand	-0.23
affects	-0.23
pool	-0.23
encourage	-0.23
reported	-0.23
lbs	-0.23
herself	-0.22
package	-0.22
ear	-0.22
reality	-0.22
basement	-0.22
campus	-0.22
twenties	-0.22
box	-0.22
skill	-0.22
reasons	-0.22
couch	-0.22
conservative	-0.22
protect	-0.22
immediately	-0.22
interactions	-0.22
hits	-0.22
grow	-0.21
believes	-0.21
anonymous	-0.21
beard	-0.21
im	-0.21
greater	-0.21
forth	-0.21
objective	-0.21
connecting	-0.21
indicative	-0.21
merely	-0.21
alpha	-0.21
confuse	-0.21
burger	-0.21
dont	-0.21
else	-0.21
double	-0.21
pua	-0.21
theirs	-0.21
agreeing	-0.20
throws	-0.20
make	-0.20
avoided	-0.20
fresh	-0.20
presence	-0.20
will	-0.20
home	-0.20
maintaining	-0.20
hands	-0.20
lines	-0.20
muscle	-0.20
death	-0.20
fighting	-0.20
source	-0.20
mustache	-0.20
maintain	-0.20
pretending	-0.20
whereas	-0.20
began	-0.20
system	-0.20
desire	-0.20
coincidence	-0.20
occasional	-0.19
inform	-0.19
knees	-0.19
net	-0.19
protection	-0.19
communicate	-0.19
air	-0.19
loud	-0.19
hooking	-0.19
neck	-0.19
commenting	-0.19
cuts	-0.19
equally	-0.19
pieces	-0.19
product	-0.19
threshold	-0.19
videos	-0.19
unknown	-0.18
desk	-0.18
hence	-0.18
deactivate	-0.18
encountered	-0.18
catching	-0.18
greatest	-0.18
albeit	-0.18
furniture	-0.18
into	-0.18
shits	-0.18
laptop	-0.18
onto	-0.18
concerns	-0.18
chatting	-0.18
bare	-0.18
tool	-0.18
started	-0.18
backup	-0.18
hip	-0.18
sarcasm	-0.18
everyday	-0.18
beards	-0.18
isnt	-0.18
y'know	-0.17
disaster	-0.17
among	-0.17
legs	-0.17
appears	-0.17
big	-0.17
cutting	-0.17
space	-0.17
bow	-0.17
circlejerk	-0.17
negatively	-0.17
orgasm	-0.17
fake	-0.17
stands	-0.17
selective	-0.17
well	-0.17
taller	-0.17
vary	-0.17
costs	-0.17
exclusivity	-0.17
learn	-0.17
setting	-0.17
shaved	-0.16
quiet	-0.16
ops	-0.16
lose	-0.16
developing	-0.16
levels	-0.16
filtering	-0.16
experience	-0.16
limited	-0.16
discover	-0.16
bias	-0.16
projects	-0.16
automatic	-0.16
speed	-0.16
touch	-0.16
legitimate	-0.16
general	-0.16
exclusive	-0.16
share	-0.16
tattoo	-0.16
occasions	-0.16
worthwhile	-0.15
reserved	-0.15
suppose	-0.15
story	-0.15
slightest	-0.15
train	-0.15
chin	-0.15
skim	-0.15
promised	-0.15
occasion	-0.15
flat	-0.15
sarcastic	-0.15
drop	-0.15
exceptions	-0.15
karma	-0.15
particularly	-0.15
personalities	-0.15
sexuality	-0.15
defense	-0.15
translate	-0.14
condoms	-0.14
advertising	-0.14
die	-0.14
communication	-0.14
sing	-0.14
fashioned	-0.14
olds	-0.14
carrying	-0.14
visual	-0.14
allowed	-0.14
altogether	-0.14
health	-0.14
cheek	-0.14
narrow	-0.14
statistically	-0.14
teenager	-0.14
toward	-0.14
staying	-0.14
looking	-0.14
level	-0.13
takes	-0.13
mix	-0.13
jumped	-0.13
houses	-0.13
exchange	-0.13
record	-0.13
behind	-0.13
engage	-0.13
rapport	-0.13
board	-0.13
mini	-0.13
attractiveness	-0.13
pop	-0.13
atheist	-0.13
funnier	-0.13
connection	-0.13
boost	-0.13
gain	-0.13
guns	-0.13
excessive	-0.13
90s	-0.13
wound	-0.13
assumption	-0.13
bam	-0.12
application	-0.12
regulars	-0.12
bottom	-0.12
hand	-0.12
beliefs	-0.12
asap	-0.12
least	-0.12
sport	-0.12
intended	-0.12
finishing	-0.12
perform	-0.12
salary	-0.12
individual	-0.12
ve	-0.12
hearing	-0.12
followed	-0.12
kills	-0.12
prove	-0.12
distance	-0.12
standing	-0.12
fight	-0.12
impact	-0.12
weight	-0.12
therefore	-0.12
intimacy	-0.12
important	-0.12
fails	-0.12
stem	-0.12
feminine	-0.11
major	-0.11
rise	-0.11
adjectives	-0.11
force	-0.11
compatible	-0.11
sized	-0.11
bell	-0.11
decision	-0.11
switched	-0.11
primarily	-0.11
repeat	-0.11
christian	-0.11
stock	-0.11
chemistry	-0.11
political	-0.11
combined	-0.11
ahead	-0.11
prize	-0.11
news	-0.11
proactive	-0.11
killing	-0.11
sight	-0.10
horse	-0.10
hidden	-0.10
trend	-0.10
amounts	-0.10
decided	-0.10
numbers	-0.10
flesh	-0.10
similarly	-0.10
religious	-0.10
removing	-0.10
threw	-0.10
heat	-0.10
determined	-0.10
flirt	-0.10
significantly	-0.10
disable	-0.10
politics	-0.10
lot	-0.10
weigh	-0.10
remain	-0.10
gon	-0.09
listen	-0.09
establish	-0.09
abortion	-0.09
introverted	-0.09
songs	-0.09
period	-0.09
dozens	-0.09
power	-0.09
incorrect	-0.09
lock	-0.09
taught	-0.09
worked	-0.09
odds	-0.09
5'10	-0.09
set	-0.09
commitment	-0.09
googled	-0.09
came	-0.09
practical	-0.09
building	-0.09
earn	-0.09
ouch	-0.09
mentioning	-0.08
muscles	-0.08
prior	-0.08
chances	-0.08
modern	-0.08
end	-0.08
interacting	-0.08
bands	-0.08
increase	-0.08
patience	-0.08
neg	-0.08
turnoff	-0.08
common	-0.08
attacks	-0.08
trim	-0.08
besides	-0.08
step	-0.08
values	-0.08
root	-0.08
express	-0.08
excitement	-0.08
gained	-0.08
breaker	-0.08
styles	-0.08
crowd	-0.08
mildly	-0.08
seemingly	-0.08
serious	-0.08
core	-0.08
hit	-0.07
gives	-0.07
been	-0.07
existence	-0.07
whoever	-0.07
implies	-0.07
physically	-0.07
websites	-0.07
vegetarian	-0.07
visitors	-0.07
applying	-0.07
brunch	-0.07
side	-0.07
limit	-0.07
per	-0.07
minority	-0.07
nailed	-0.07
transition	-0.07
finally	-0.07
<SPECIAL>	-0.07
<URL>	-0.07
flag	-0.07
expand	-0.07
holds	-0.06
brutal	-0.06
huge	-0.06
differences	-0.06
reschedule	-0.06
ditto	-0.06
hipsters	-0.06
an	-0.06
checking	-0.06
waist	-0.06
large	-0.06
list	-0.06
convo	-0.06
give	-0.06
require	-0.06
racial	-0.06
disclaimer	-0.06
shorten	-0.06
shes	-0.06
favourite	-0.06
jobs	-0.06
contrary	-0.06
company	-0.06
coke	-0.06
ideas	-0.06
competition	-0.06
millions	-0.06
focused	-0.05
edge	-0.05
obligation	-0.05
hundreds	-0.05
creativity	-0.05
encouraged	-0.05
ideal	-0.05
theres	-0.05
between	-0.05
ups	-0.05
medium	-0.05
label	-0.05
chase	-0.05
self-summary	-0.05
exposure	-0.05
compliments	-0.05
blocked	-0.05
media	-0.05
attributes	-0.05
described	-0.05
taco	-0.05
dumbass	-0.04
smarter	-0.04
schools	-0.04
asians	-0.04
file	-0.04
rule	-0.04
roommates	-0.04
refreshing	-0.04
singing	-0.04
options	-0.04
staff	-0.04
fully	-0.04
hotter	-0.04
purpose	-0.04
badly	-0.04
existed	-0.04
contact	-0.04
accounts	-0.04
rolled	-0.04
bot	-0.04
rephrase	-0.04
during	-0.04
submissive	-0.04
dropped	-0.04
length	-0.04
paper	-0.03
bothers	-0.03
marketing	-0.03
identity	-0.03
upvoted	-0.03
thrown	-0.03
nail	-0.03
pun	-0.03
culture	-0.03
mission	-0.03
priorities	-0.03
design	-0.03
minimal	-0.03
blow	-0.03
ages	-0.03
dollar	-0.03
ive	-0.03
shit	-0.03
bone	-0.03
subject	-0.03
average	-0.03
bat	-0.03
bdsm	-0.03
front	-0.03
til	-0.03
fire	-0.03
bridge	-0.03
strength	-0.03
discussions	-0.03
quick	-0.03
starts	-0.03
commented	-0.03
including	-0.03
counting	-0.03
ie	-0.03
gone	-0.02
repeatedly	-0.02
debate	-0.02
iphone	-0.02
privacy	-0.02
somebody	-0.02
bags	-0.02
previously	-0.02
non	-0.02
searching	-0.02
motivation	-0.02
challenge	-0.02
cut	-0.02
walked	-0.02
overlap	-0.02
band	-0.02
ethnicity	-0.02
youth	-0.02
reverse	-0.02
clear	-0.02
height	-0.01
blur	-0.01
grabbed	-0.01
searches	-0.01
legitimately	-0.01
desirable	-0.01
whatnot	-0.01
practically	-0.01
wildly	-0.01
subjects	-0.01
naked	-0.01
players	-0.01
listing	-0.01
display	-0.01
flirting	-0.01
pride	-0.01
rate	-0.01
lurker	-0.01
arrange	-0.01
exclusively	-0.01
lifetime	-0.01
correlation	-0.01
sadly	-0.01
breaking	-0.00
subreddits	-0.00
resist	-0.00
turns	-0.00
smaller	-0.00
significant	-0.00
different	-0.00
accurate	-0.00
strictly	-0.00
invitation	-0.00
