great	3.39
excellent	3.37
informative	3.31
fascinating	3.30
detailed	3.28
beautiful	3.28
helpful	3.22
neat	3.19
gif	3.15
sharing	3.15
info	3.14
thorough	3.12
incredible	3.12
summary	3.04
interesting	3.04
fun	2.99
thank	2.98
nicely	2.98
cool	2.98
decent	2.97
impressive	2.97
explains	2.95
overview	2.94
quick	2.93
favorite	2.91
wow	2.91
explaining	2.89
guys	2.88
brief	2.84
story	2.83
here	2.83
animation	2.82
explanation	2.81
pictures	2.80
appreciate	2.80
video	2.80
damn	2.78
gives	2.77
provided	2.77
give	2.74
good	2.74
thanks	2.73
trick	2.71
pdf	2.69
ton	2.69
accessible	2.67
link	2.64
man	2.64
showing	2.63
simpler	2.61
stuff	2.60
insane	2.60
insight	2.59
simple	2.58
giving	2.56
straightforward	2.56
read	2.55
movie	2.55
provide	2.54
glad	2.52
links	2.51
helped	2.50
huh	2.49
geometric	2.49
explanations	2.49
website	2.48
wikipedia	2.48
nonetheless	2.46
smooth	2.43
site	2.43
wish	2.43
wiki	2.42
thats	2.41
job	2.41
page	2.40
clearing	2.39
exciting	2.38
looks	2.38
crazy	2.38
google	2.38
oh	2.38
cleared	2.37
recommend	2.37
hey	2.37
follow-up	2.36
check	2.35
book	2.35
chart	2.35
youtube	2.34
pages	2.34
picture	2.33
provides	2.31
reading	2.30
hope	2.28
reply	2.27
reddit	2.26
offer	2.25
references	2.25
resource	2.24
videos	2.24
tough	2.20
gave	2.20
makes	2.20
demonstration	2.19
hmm	2.18
article	2.16
okay	2.16
lol	2.13
shows	2.12
watch	2.12
simplest	2.11
introduction	2.10
yep	2.10
articles	2.10
haha	2.09
online	2.09
minds	2.08
stories	2.07
diagram	2.07
pretty	2.07
covers	2.06
ah	2.05
image	2.03
images	2.03
reliable	2.02
topic	2.02
kinda	2.02
relevant	2.01
photo	2.00
subject	2.00
entry	2.00
search	1.99
ok	1.99
list	1.98
illustrate	1.98
luck	1.97
classic	1.96
searching	1.96
wonderful	1.95
knew	1.95
acceptable	1.95
section	1.93
linked	1.93
paper	1.92
complete	1.90
providing	1.90
accurate	1.90
according	1.89
complicated	1.87
greatest	1.86
easiest	1.84
sources	1.84
literature	1.83
graph	1.82
helps	1.82
detail	1.82
interested	1.82
cooler	1.81
answer	1.81
cools	1.81
camera	1.80
answers	1.80
yea	1.79
description	1.79
books	1.78
photos	1.78
film	1.77
blows	1.77
colder	1.77
papers	1.77
weird	1.77
simplified	1.77
useful	1.76
web	1.76
cooling	1.75
topics	1.75
access	1.74
help	1.74
found	1.74
suitable	1.73
willing	1.72
moderators	1.71
coincidence	1.71
alright	1.71
available	1.70
hotter	1.70
cited	1.69
tremendous	1.69
review	1.69
heat	1.69
shit	1.68
warm	1.68
heats	1.67
depth	1.67
monitor	1.67
citation	1.66
ambient	1.66
plot	1.66
recent	1.66
hot	1.66
find	1.66
elaborate	1.65
warmer	1.64
fit	1.63
extensive	1.63
answering	1.63
tricks	1.62
visualize	1.62
rough	1.62
aka	1.62
cosmos	1.62
guide	1.61
screen	1.60
helping	1.60
sense	1.60
works	1.59
immense	1.59
temp	1.59
member	1.58
tv	1.58
deals	1.58
easy	1.58
sheer	1.57
dr	1.57
suggest	1.56
movies	1.56
cooled	1.56
fits	1.56
yeah	1.56
basics	1.56
talks	1.55
episode	1.55
display	1.55
representing	1.55
scene	1.55
optimal	1.55
freeze	1.55
quote	1.54
alternative	1.54
failing	1.54
super	1.54
submission	1.53
checking	1.53
checked	1.53
freezes	1.53
dig	1.52
hoping	1.52
enormous	1.51
room	1.51
posted	1.50
cameras	1.50
briefly	1.50
cold	1.50
username	1.50
explain	1.50
transfers	1.49
nowhere	1.48
robust	1.47
complex	1.47
replies	1.46
maps	1.46
wrap	1.46
shower	1.46
mentions	1.45
permanently	1.44
look	1.44
hell	1.44
surprising	1.44
understanding	1.44
analogy	1.44
covalent	1.44
response	1.44
easier	1.43
attempt	1.43
subsequently	1.43
map	1.41
microscope	1.40
party	1.40
watching	1.40
tl	1.40
diagrams	1.39
basic	1.39
cite	1.38
puts	1.38
heck	1.38
googling	1.37
hopefully	1.37
huge	1.37
ride	1.36
quicker	1.36
discussion	1.36
contrast	1.36
fan	1.35
alternate	1.34
figured	1.34
important	1.33
try	1.33
pixels	1.33
future	1.31
hello	1.31
valuable	1.31
share	1.30
fiction	1.30
efforts	1.29
forgot	1.29
truly	1.29
internet	1.28
hubble	1.28
definitely	1.28
news	1.28
war	1.28
published	1.28
protection	1.26
sweat	1.26
posting	1.26
freezer	1.26
games	1.26
removal	1.25
shared	1.25
describes	1.25
similarity	1.24
pixel	1.24
fancy	1.24
difficult	1.24
textbook	1.24
watched	1.24
twins	1.23
resolution	1.23
service	1.23
study	1.23
et	1.22
oldest	1.22
projects	1.22
lecture	1.21
surroundings	1.21
nope	1.21
discussions	1.21
peer	1.20
challenge	1.20
art	1.19
estimate	1.18
askscience	1.18
posts	1.18
conducted	1.18
comparison	1.18
allows	1.17
sites	1.17
harder	1.17
heated	1.17
brings	1.17
history	1.16
sub	1.16
encourage	1.16
absolutely	1.16
whole	1.16
clever	1.16
engineers	1.15
text	1.15
ultimate	1.15
obtained	1.15
bunch	1.15
tool	1.15
realistic	1.14
faq	1.14
h	1.14
indicator	1.14
al	1.14
represents	1.14
better	1.14
air	1.14
lot	1.13
show	1.13
opportunity	1.12
telescope	1.11
predicts	1.11
cheaper	1.10
example	1.10
really	1.09
academic	1.09
blowing	1.09
nasa	1.09
paying	1.08
drawing	1.08
information	1.08
mind	1.07
bet	1.07
magic	1.07
journal	1.07
clarification	1.07
clearer	1.07
kind	1.06
identical	1.06
correction	1.06
written	1.06
odd	1.06
suited	1.06
gon	1.06
considerable	1.06
sensor	1.05
firstly	1.05
shot	1.05
details	1.05
understand	1.05
please	1.05
cover	1.05
company	1.05
examples	1.04
version	1.04
lit	1.04
jobs	1.04
appropriate	1.04
recorded	1.04
intuitive	1.04
resolve	1.03
allowing	1.03
listed	1.03
hi	1.03
telescopes	1.03
tech	1.03
fridge	1.03
home	1.03
possible	1.02
r/askscience	1.02
discuss	1.02
weighs	1.02
manage	1.02
tons	1.02
strange	1.02
weigh	1.02
his	1.02
threads	1.02
questions	1.02
btw	1.02
humidity	1.01
indicates	1.01
obtain	1.01
report	1.01
comments	1.01
welcome	1.01
correcting	1.01
park	1.01
attempting	1.01
industry	1.00
removed	1.00
lesser	1.00
clear	1.00
resubmit	1.00
feynman	1.00
surrounding	1.00
manufacturers	1.00
hard	0.99
finally	0.99
grasp	0.99
visually	0.99
digital	0.99
construction	0.99
sophisticated	0.99
guidelines	0.99
demonstrate	0.99
studies	0.99
seeking	0.99
spend	0.99
price	0.98
proper	0.98
traffic	0.98
serves	0.98
linear	0.98
subreddit	0.98
convection	0.98
trial	0.98
r/asksciencediscussion	0.98
author	0.98
imaging	0.97
view	0.97
3d	0.97
users	0.97
simplify	0.97
dry	0.96
calculator	0.96
fair	0.96
dot	0.96
model	0.96
afaik	0.96
says	0.96
redirect	0.95
order	0.95
draw	0.95
open-ended	0.95
kg	0.95
interest	0.95
pluto	0.95
taking	0.94
using	0.94
plausible	0.94
flair	0.94
thread	0.94
print	0.94
underground	0.94
temperatures	0.94
following	0.94
research	0.94
format	0.94
everybody	0.94
yup	0.93
calculation	0.93
spending	0.93
source	0.92
speculative	0.92
solve	0.92
looked	0.92
rosetta	0.92
rip	0.92
domain	0.92
evaporation	0.92
cheap	0.92
efficient	0.92
calculated	0.92
smart	0.91
pay	0.91
maths	0.91
sky	0.91
team	0.91
writing	0.90
integration	0.90
advice	0.90
sister	0.90
novel	0.90
ways	0.90
thoroughly	0.90
viewing	0.89
consequently	0.89
capability	0.89
roads	0.89
vast	0.89
guy	0.89
authors	0.89
formatting	0.88
describe	0.88
technique	0.88
concepts	0.88
freezing	0.88
our	0.88
buy	0.88
rises	0.88
allow	0.88
progress	0.87
take	0.87
gotten	0.87
measurements	0.87
gaps	0.87
2d	0.87
wherever	0.87
hypotheticals	0.87
competing	0.87
regarding	0.87
paid	0.87
figures	0.87
perfect	0.86
excited	0.86
superior	0.86
capture	0.86
intuitively	0.86
actual	0.86
dramatic	0.86
solving	0.85
consumer	0.85
mapping	0.85
himself	0.85
allowed	0.85
less	0.85
sadly	0.84
advances	0.84
accomplish	0.84
ability	0.84
gather	0.84
short	0.84
methods	0.84
calculations	0.83
realistically	0.83
make	0.83
appear	0.83
tools	0.83
boils	0.83
write	0.82
tomorrow	0.82
captured	0.82
pounds	0.82
grams	0.82
serve	0.82
fails	0.82
dynamics	0.81
pack	0.81
unable	0.81
relationships	0.81
attempts	0.81
philosophy	0.81
additional	0.81
invite	0.81
conversation	0.81
edit	0.81
moisture	0.81
similar	0.80
gram	0.80
efficiently	0.80
organized	0.80
diverse	0.80
taken	0.79
see	0.79
shadow	0.79
temporarily	0.79
tricky	0.79
companies	0.79
free	0.79
evaporating	0.79
advance	0.79
temperature	0.79
improvement	0.79
implement	0.79
comes	0.78
apologies	0.78
explosions	0.78
wondered	0.78
melt	0.78
buying	0.77
accuracy	0.77
heating	0.77
discussing	0.77
game	0.77
tells	0.77
reasonably	0.77
support	0.77
sell	0.77
teaching	0.77
records	0.77
modeled	0.77
moments	0.77
stream	0.77
woman	0.77
protective	0.76
impractical	0.76
wait	0.76
card	0.76
sets	0.76
enjoy	0.75
turned	0.75
representation	0.75
post	0.75
2012	0.75
techniques	0.75
comparable	0.75
snow	0.75
covering	0.75
desired	0.75
mining	0.75
sufficient	0.75
incredibly	0.75
scope	0.75
speculation	0.75
imaginary	0.75
builds	0.75
finding	0.74
reality	0.74
debris	0.74
subjects	0.74
appears	0.74
line	0.74
boiling	0.74
compression	0.74
uk	0.74
predict	0.74
tries	0.74
explained	0.74
illusion	0.74
use	0.74
interior	0.74
needed	0.74
condensation	0.74
things	0.73
researchers	0.73
calculating	0.73
finds	0.73
clue	0.73
thinner	0.73
spaces	0.73
ice	0.73
necessary	0.73
interpretations	0.72
record	0.72
examine	0.72
dense	0.72
shapes	0.72
perform	0.72
scientific	0.72
melted	0.72
sheet	0.72
analyze	0.72
angles	0.72
realm	0.72
denser	0.72
general	0.71
ridiculously	0.71
direct	0.71
successful	0.71
rigorous	0.71
nature	0.71
reason	0.71
private	0.71
led	0.71
joules	0.71
melting	0.70
dog	0.70
predictions	0.70
reports	0.70
assist	0.70
alien	0.70
scratch	0.70
success	0.70
array	0.70
typical	0.70
isnt	0.70
wonder	0.70
gps	0.70
meanwhile	0.70
kick	0.70
method	0.69
viewed	0.69
forget	0.69
condense	0.69
lines	0.69
triangle	0.69
knowledge	0.69
ideas	0.69
approximate	0.69
saturated	0.69
money	0.68
onto	0.68
apparently	0.68
textbooks	0.68
precision	0.68
approximation	0.68
geometry	0.68
letting	0.68
answered	0.68
agreed	0.67
surface	0.67
personal	0.67
ridiculous	0.67
another	0.67
able	0.67
melts	0.67
science	0.67
fabric	0.66
late	0.66
business	0.66
subset	0.66
plan	0.66
comparatively	0.66
cost	0.65
practical	0.65
h2o	0.65
instant	0.65
reads	0.65
filters	0.65
numerical	0.65
technologies	0.65
albeit	0.65
style	0.65
advanced	0.65
approximations	0.65
modeling	0.64
framework	0.64
save	0.64
existing	0.64
unfortunately	0.64
simulate	0.64
previous	0.64
folks	0.64
accounted	0.64
diffraction	0.64
lets	0.64
flat	0.64
uses	0.64
sold	0.64
national	0.63
prediction	0.63
essence	0.63
required	0.63
knowing	0.63
investment	0.63
corrections	0.63
drawn	0.63
evaporate	0.63
applications	0.63
theories	0.63
figure	0.63
funding	0.63
compact	0.62
idea	0.62
simulation	0.62
suits	0.61
evaporates	0.61
shown	0.61
ii	0.61
algorithms	0.61
availability	0.61
vapor	0.61
thing	0.61
manipulate	0.61
skip	0.61
sensors	0.61
costs	0.61
lenses	0.61
benefits	0.60
celsius	0.60
4d	0.60
simulations	0.60
corrected	0.60
convenient	0.60
frozen	0.60
matches	0.60
analysis	0.60
becomes	0.60
represent	0.59
balloon	0.59
exceedingly	0.59
lies	0.59
calculate	0.59
technology	0.59
precise	0.59
lighter	0.59
radiating	0.59
government	0.59
dollars	0.59
sums	0.59
tightly	0.59
experts	0.59
house	0.59
lucky	0.59
lens	0.59
ve	0.58
barely	0.58
aspects	0.58
versus	0.58
triple	0.58
so-called	0.58
wants	0.58
basis	0.58
recently	0.58
compute	0.58
infrastructure	0.58
beyond	0.58
layman	0.58
curve	0.58
stock	0.58
bonus	0.58
proposed	0.58
predictable	0.57
phenomena	0.57
trying	0.57
deal	0.57
require	0.57
dots	0.57
remote	0.57
buoyant	0.57
collection	0.57
thermal	0.57
slope	0.57
nevertheless	0.57
yes	0.57
character	0.57
budget	0.56
discovered	0.56
focus	0.56
includes	0.56
dump	0.56
sort	0.56
men	0.56
reliably	0.56
bulb	0.56
steam	0.56
rising	0.56
pot	0.56
adequate	0.56
construct	0.56
viable	0.56
limited	0.56
seemingly	0.55
transfer	0.55
functions	0.55
paragraph	0.55
exceeds	0.55
task	0.55
periods	0.55
apply	0.55
importantly	0.55
approach	0.55
likes	0.55
wider	0.54
round	0.54
exponential	0.54
rolling	0.54
figuring	0.54
edges	0.54
network	0.54
grid	0.54
abstract	0.54
forced	0.54
exact	0.54
everything	0.54
demand	0.54
us	0.54
disagree	0.54
automatically	0.54
cosmological	0.53
covered	0.53
feasible	0.53
tried	0.53
deeper	0.53
programs	0.53
theory	0.53
summer	0.53
computing	0.53
aim	0.53
boil	0.53
doesnt	0.53
tight	0.53
them	0.53
naked	0.53
generates	0.53
defining	0.53
discovery	0.53
question	0.52
substantial	0.52
computers	0.52
reflective	0.52
warming	0.52
detectors	0.52
drives	0.52
vapour	0.52
operates	0.52
needs	0.52
curiosity	0.52
elsewhere	0.52
engineering	0.52
mess	0.52
radiate	0.52
thicker	0.52
internal	0.52
technological	0.52
highly	0.52
real	0.52
themselves	0.52
represented	0.52
blackbody	0.51
considering	0.51
hypotheses	0.51
foundation	0.51
winter	0.51
invented	0.51
standards	0.51
j	0.51
predicted	0.51
configurations	0.51
iv	0.51
panels	0.51
obvious	0.51
come	0.51
happening	0.50
keeps	0.50
extremely	0.50
remove	0.50
full	0.50
offset	0.50
deliver	0.50
options	0.50
concept	0.50
situations	0.50
expands	0.50
identified	0.50
matrix	0.50
met	0.50
software	0.49
flexible	0.49
effort	0.49
rubber	0.49
management	0.49
quite	0.49
qm	0.49
successfully	0.49
multiverse	0.49
went	0.49
computer	0.49
probe	0.49
duration	0.49
anyway	0.49
standard	0.49
medical	0.49
forms	0.49
focusing	0.49
enough	0.49
files	0.49
2000	0.49
economy	0.49
easily	0.49
powerful	0.49
discussed	0.48
microscopic	0.48
cracks	0.48
build	0.48
correlation	0.48
results	0.48
ll	0.48
military	0.48
encountered	0.48
achieve	0.48
turns	0.48
deform	0.48
given	0.48
accurately	0.48
came	0.48
glow	0.48
blown	0.48
existed	0.48
bigger	0.48
tests	0.48
waiting	0.48
reasons	0.47
focused	0.47
scenarios	0.47
collected	0.47
mechanism	0.47
fuels	0.47
einstein	0.47
sweating	0.47
imo	0.47
faint	0.47
extrapolate	0.47
wet	0.47
generators	0.47
transition	0.47
newer	0.46
improved	0.46
os	0.46
atm	0.46
function	0.46
used	0.46
depths	0.46
next	0.46
fairly	0.46
labs	0.46
chaotic	0.46
flash	0.46
family	0.46
project	0.46
file	0.46
compensate	0.46
weather	0.46
step	0.45
bring	0.45
panel	0.45
sit	0.45
features	0.45
table	0.45
requiring	0.45
noted	0.45
further	0.45
procedure	0.45
usable	0.45
studied	0.45
nutrition	0.45
mine	0.45
deterministic	0.45
plain	0.45
seen	0.45
minimal	0.45
experiments	0.45
astronomers	0.45
manufacturing	0.45
devices	0.45
compare	0.45
transform	0.45
chips	0.45
connection	0.44
new	0.44
quickly	0.44
brighter	0.44
balls	0.44
too	0.44
demonstrated	0.44
computational	0.44
suppose	0.44
relatively	0.44
equations	0.44
lights	0.44
qft	0.44
wind	0.44
newtonian	0.44
large	0.44
calculus	0.44
problem	0.43
dimensions	0.43
plastic	0.43
stone	0.43
cosmology	0.43
curves	0.43
bought	0.43
entropy	0.43
contributes	0.43
ftl	0.43
cross	0.43
mission	0.43
models	0.43
vectors	0.43
shed	0.43
brightness	0.43
universes	0.43
worked	0.43
match	0.43
decision	0.43
molten	0.43
differential	0.43
handle	0.43
intel	0.43
manufacture	0.43
wrote	0.42
sheets	0.42
theoretical	0.42
mechanics	0.42
server	0.42
gr	0.42
distant	0.42
grab	0.42
dating	0.42
1/4	0.42
clarity	0.42
na	0.42
observed	0.42
designing	0.42
dimensional	0.42
computation	0.42
basically	0.42
cpus	0.42
math	0.42
practice	0.42
pocket	0.42
fossils	0.41
mirror	0.41
confidently	0.41
happens	0.41
filter	0.41
extra	0.41
him	0.41
possibility	0.41
dim	0.41
solved	0.41
imagine	0.41
product	0.41
machines	0.41
extension	0.41
theoretically	0.40
windows	0.40
distorted	0.40
counts	0.40
honestly	0.40
ending	0.40
degrees	0.40
goal	0.40
user	0.40
float	0.40
possibilities	0.40
combined	0.40
program	0.40
cube	0.40
described	0.40
shorter	0.40
systems	0.40
date	0.40
qualified	0.40
hardware	0.40
rain	0.40
entire	0.40
row	0.40
instructions	0.40
symmetrical	0.40
ai	0.40
error	0.40
store	0.40
loses	0.40
sink	0.40
send	0.40
compared	0.40
andromeda	0.40
taylor	0.39
disk	0.39
mark	0.39
drive	0.39
probes	0.39
random	0.39
classical	0.39
exoplanets	0.39
scheme	0.39
stands	0.39
solutions	0.39
voyager	0.39
maintaining	0.39
ram	0.39
equilibrium	0.39
failed	0.39
precipitation	0.39
capabilities	0.39
determine	0.39
tails	0.39
binary	0.39
phenomenon	0.39
continuous	0.38
equipment	0.38
unrelated	0.38
curved	0.38
clouds	0.38
stresses	0.38
win	0.38
obey	0.38
remotely	0.38
let	0.38
measuring	0.38
spheres	0.38
droplets	0.38
became	0.38
coin	0.38
altitudes	0.38
underneath	0.38
heads	0.38
code	0.38
members	0.38
testing	0.38
tangent	0.38
e=mc^2	0.38
shaped	0.38
got	0.38
arranged	0.38
were	0.38
paradox	0.37
sufficiently	0.37
ages	0.37
series	0.37
range	0.37
substrate	0.37
message	0.37
algebra	0.37
contract	0.37
leds	0.37
need	0.37
massive	0.37
yours	0.37
takes	0.37
glasses	0.37
follow	0.37
packed	0.37
formulas	0.37
adjust	0.37
become	0.37
standpoint	0.37
polynomial	0.37
diameter	0.37
relate	0.36
ca	0.36
street	0.36
preserved	0.36
connect	0.36
elevation	0.36
arctic	0.36
intuition	0.36
limiting	0.36
confirmed	0.36
implemented	0.36
indicate	0.36
opinion	0.36
modified	0.36
buoyancy	0.36
cubic	0.36
longer	0.36
known	0.36
hypothetically	0.36
little	0.36
liquid	0.36
radar	0.36
conventional	0.36
flashlight	0.36
supporting	0.36
massively	0.36
phones	0.36
expected	0.35
derivative	0.35
amp	0.35
complexity	0.35
surfaces	0.35
finish	0.35
optics	0.35
trivial	0.35
bright	0.35
machine	0.35
launched	0.35
studying	0.35
realized	0.35
pressure	0.35
data	0.35
cpu	0.35
estimated	0.35
mathematically	0.35
expanding	0.35
climate	0.35
derivatives	0.35
limits	0.34
cores	0.34
maintain	0.34
seriously	0.34
thickness	0.34
experiment	0.34
starting	0.34
warp	0.34
been	0.34
buildings	0.34
he	0.34
impossible	0.34
minimum	0.34
messages	0.34
put	0.34
care	0.34
processor	0.34
rational	0.34
below	0.34
average	0.34
replacement	0.34
missions	0.34
horizontal	0.34
space	0.34
past	0.34
algorithm	0.34
public	0.34
programming	0.34
community	0.34
hawking	0.33
launch	0.33
conduction	0.33
multiplication	0.33
nearby	0.33
embedded	0.33
variables	0.33
convert	0.33
rather	0.33
propulsion	0.33
expansion	0.33
additionally	0.33
vector	0.33
afterwards	0.33
outcome	0.33
spacecraft	0.33
seems	0.33
stretching	0.33
maintenance	0.33
amount	0.33
experimental	0.33
smaller	0.33
making	0.33
electricity	0.33
tensor	0.33
speculations	0.33
add	0.33
integral	0.33
operator	0.33
ancestor	0.33
weight	0.33
mathematical	0.33
per	0.32
modern	0.32
chip	0.32
indirect	0.32
expanded	0.32
cloud	0.32
recording	0.32
pin	0.32
architecture	0.32
shape	0.32
requirements	0.32
instance	0.32
hang	0.32
observable	0.32
operating	0.32
collect	0.32
modify	0.32
track	0.32
orders	0.32
feature	0.32
determining	0.32
tires	0.32
paths	0.32
grade	0.32
want	0.32
performed	0.32
supports	0.32
closely	0.32
farther	0.32
metric	0.32
big	0.32
laboratory	0.32
integer	0.31
communicate	0.31
mere	0.31
vastly	0.31
powered	0.31
earliest	0.31
oven	0.31
obviously	0.31
behaves	0.31
cities	0.31
world	0.31
principles	0.31
extent	0.31
cos	0.31
sin	0.31
winds	0.31
events	0.31
under	0.30
reverse	0.30
documented	0.30
spacetime	0.30
limitations	0.30
parameters	0.30
dropping	0.30
crew	0.30
gained	0.30
apollo	0.30
included	0.30
places	0.30
parameter	0.30
essentially	0.30
isolate	0.30
blow	0.30
surprised	0.30
humanity	0.30
observe	0.30
working	0.30
trajectory	0.30
interpretation	0.30
miss	0.30
ball	0.30
gone	0.30
describing	0.30
express	0.30
anywhere	0.30
connecting	0.30
x-ray	0.30
width	0.30
education	0.30
larger	0.30
decide	0.30
derived	0.30
considerably	0.30
father	0.30
observation	0.30
raises	0.30
values	0.30
outside	0.30
magma	0.30
small	0.29
sized	0.29
trials	0.29
waters	0.29
assembly	0.29
bag	0.29
needing	0.29
encoded	0.29
inefficient	0.29
work	0.29
universe	0.29
max	0.29
processors	0.29
overhead	0.29
application	0.29
gaseous	0.29
points	0.29
stretched	0.29
clarify	0.29
operations	0.29
international	0.29
infer	0.29
immediate	0.29
identify	0.29
road	0.29
lighting	0.29
maintained	0.29
redshift	0.29
galaxies	0.29
sine	0.29
charging	0.29
setup	0.29
lock	0.28
window	0.28
shrink	0.28
sample	0.28
built	0.28
circles	0.28
altered	0.28
constraints	0.28
near	0.28
shortest	0.28
achieved	0.28
measurement	0.28
performance	0.28
de	0.28
should	0.28
observations	0.28
buried	0.28
dinosaur	0.28
electronics	0.28
size	0.28
stretch	0.28
numbers	0.28
instruction	0.28
path	0.28
pile	0.28
saw	0.28
requirement	0.27
equivalent	0.27
ran	0.27
yourself	0.27
entanglement	0.27
design	0.27
k	0.27
envelope	0.27
launching	0.27
planning	0.27
well	0.27
ignoring	0.27
walk	0.27
somebody	0.27
concrete	0.27
strip	0.27
department	0.27
r	0.27
dirty	0.27
flip	0.27
translates	0.27
space-time	0.27
university	0.27
strongest	0.27
networks	0.27
milky	0.27
conversely	0.27
infinity	0.27
proportion	0.27
identity	0.27
binding	0.27
communications	0.27
phase	0.27
transferred	0.27
nebula	0.27
finite	0.27
despite	0.26
decade	0.26
ours	0.26
bearing	0.26
powers	0.26
equation	0.26
integrated	0.26
warning	0.26
raise	0.26
samples	0.26
bulbs	0.26
f	0.26
ultimately	0.26
coordinates	0.26
cmb	0.26
wont	0.26
deep	0.26
physiology	0.26
granted	0.26
stars	0.26
device	0.26
era	0.26
gets	0.26
rise	0.26
delta	0.26
hypothetical	0.26
capacity	0.26
withstand	0.26
circle	0.26
items	0.25
expand	0.25
namely	0.25
throwing	0.25
curvature	0.25
g	0.25
bottom	0.25
eye	0.25
primitive	0.25
economic	0.25
dissipate	0.25
debate	0.25
loops	0.25
driver	0.25
accounts	0.25
q	0.25
occurring	0.25
sustain	0.25
bike	0.25
worth	0.25
floating	0.25
galaxy	0.25
acts	0.25
parallel	0.25
measures	0.25
kelvin	0.25
thick	0.25
t	0.25
revolution	0.25
shuttle	0.25
neuroscience	0.25
peak	0.25
long	0.24
distortion	0.24
go	0.24
industrial	0.24
land	0.24
margin	0.24
inflation	0.24
sum	0.24
thin	0.24
early	0.24
aside	0.24
translate	0.24
unique	0.24
insulation	0.24
probabilities	0.24
gaining	0.24
lt	0.24
appeared	0.24
meter	0.24
lensing	0.24
straight	0.24
building	0.24
position	0.24
period	0.24
0.1	0.24
angle	0.24
runs	0.24
lab	0.24
cycles	0.24
level	0.24
adds	0.24
utilize	0.24
scenario	0.24
magnitude	0.24
pc	0.24
lasts	0.24
quantum	0.24
crap	0.24
group	0.23
supplies	0.23
every	0.23
analog	0.23
secure	0.23
times	0.23
spot	0.23
bridge	0.23
craft	0.23
2.5	0.23
aspect	0.23
she	0.23
kid	0.23
mice	0.23
happened	0.23
transcription	0.23
sea	0.23
understood	0.23
connected	0.23
broadly	0.23
plug	0.23
conversion	0.23
her	0.23
state	0.23
point	0.23
final	0.23
encoding	0.23
weaker	0.23
must	0.23
darker	0.23
ourselves	0.23
number	0.23
overcome	0.23
named	0.23
contraction	0.23
tested	0.23
spectra	0.23
mm	0.23
stability	0.23
register	0.23
non-scientific	0.23
bang	0.22
system	0.22
genetically	0.22
option	0.22
seconds	0.22
alternatively	0.22
bend	0.22
p	0.22
motors	0.22
phases	0.22
infinitely	0.22
fundamental	0.22
strategy	0.22
loaded	0.22
psi	0.22
decimal	0.22
unlikely	0.22
instantly	0.22
place	0.22
circumference	0.22
matching	0.22
mention	0.22
maximum	0.22
mobile	0.22
received	0.22
beginning	0.22
weights	0.22
extract	0.22
astronomical	0.22
addressed	0.22
slide	0.22
primary	0.22
physics	0.22
test	0.22
volcanoes	0.21
length	0.21
specifics	0.21
supernovae	0.21
operate	0.21
turbines	0.21
substantially	0.21
estimates	0.21
outcomes	0.21
defense	0.21
spatial	0.21
versa	0.21
indistinguishable	0.21
significantly	0.21
structures	0.21
restricted	0.21
detecting	0.21
develops	0.21
believed	0.21
initial	0.21
maxwell	0.21
contribution	0.21
least	0.21
designs	0.21
sphere	0.21
observing	0.21
training	0.21
directed	0.21
vertical	0.21
geological	0.21
satellites	0.21
ir	0.21
comparing	0.21
hour	0.21
gates	0.21
180	0.21
detector	0.21
property	0.21
requires	0.21
earlier	0.21
eg	0.21
plus	0.21
strongly	0.21
intermediate	0.21
energetically	0.21
digits	0.21
x^2	0.21
location	0.21
course	0.20
month	0.20
superposition	0.20
lifetime	0.20
branch	0.20
box	0.20
phone	0.20
galactic	0.20
entangled	0.20
bringing	0.20
tiny	0.20
scalar	0.20
expertise	0.20
escapes	0.20
biology	0.20
worlds	0.20
roughly	0.20
volcanic	0.20
economics	0.20
closer	0.20
fashion	0.20
minutes	0.20
key	0.20
transferring	0.20
turning	0.20
spherical	0.20
showed	0.20
beneath	0.20
e	0.20
newly	0.20
leap	0.20
notation	0.20
periodic	0.20
fail	0.20
pi	0.20
y	0.20
developed	0.20
wavefunction	0.20
days	0.20
objects	0.20
parent	0.20
setting	0.20
criteria	0.20
encryption	0.19
schwarzschild	0.19
biochemistry	0.19
suggesting	0.19
height	0.19
itself	0.19
confirm	0.19
defines	0.19
cm	0.19
x	0.19
limitation	0.19
belt	0.19
shifts	0.19
bytes	0.19
younger	0.19
terms	0.19
limit	0.19
4th	0.19
singularity	0.19
binds	0.19
falls	0.19
individually	0.19
actually	0.19
laid	0.19
later	0.19
transistor	0.19
others	0.19
expensive	0.19
beam	0.19
freely	0.19
power	0.19
miles	0.19
energy	0.19
above	0.19
even	0.19
rear	0.19
detected	0.19
away	0.19
span	0.19
shallow	0.19
fossil	0.19
default	0.19
astronomy	0.19
months	0.19
l	0.19
aid	0.19
constructed	0.19
n	0.19
highest	0.19
looking	0.19
peaks	0.19
winning	0.18
electronic	0.18
converts	0.18
everywhere	0.18
discover	0.18
transistors	0.18
steady	0.18
ago	0.18
pipe	0.18
greater	0.18
mirrors	0.18
second	0.18
probability	0.18
yet	0.18
fourier	0.18
landing	0.18
cant	0.18
volume	0.18
macroscopic	0.18
underlying	0.18
cars	0.18
precisely	0.18
static	0.18
sun	0.18
satellite	0.18
trip	0.18
inch	0.18
guaranteed	0.18
column	0.18
friends	0.18
tasks	0.18
turn	0.18
laser	0.18
origin	0.18
emits	0.18
cluster	0.18
diversity	0.18
nearest	0.18
mars	0.18
over	0.18
may	0.18
directly	0.18
its	0.18
v	0.18
began	0.18
skills	0.18
previously	0.18
century	0.18
drops	0.18
close	0.18
collapsed	0.18
circumstances	0.18
continuing	0.18
z	0.18
lives	0.18
kilogram	0.18
trillion	0.17
loosely	0.17
collapse	0.17
shoot	0.17
pockets	0.17
europa	0.17
stellar	0.17
storm	0.17
interstellar	0.17
forest	0.17
heavier	0.17
supermassive	0.17
teach	0.17
phd	0.17
analogous	0.17
formula	0.17
done	0.17
intrinsic	0.17
0	0.17
applying	0.17
since	0.17
loads	0.17
run	0.17
decades	0.17
spelling	0.17
bits	0.17
clusters	0.17
disc	0.17
regular	0.17
collapses	0.17
memory	0.17
vehicles	0.17
beams	0.17
shortly	0.17
lakes	0.17
applied	0.17
water	0.17
pointed	0.17
forming	0.17
holes	0.17
area	0.17
ms	0.17
integers	0.17
digit	0.17
approximately	0.17
wide	0.17
weeks	0.16
addition	0.16
celestial	0.16
throughout	0.16
shooting	0.16
50	0.16
behaviour	0.16
moment	0.16
encode	0.16
problems	0.16
black	0.16
multiplied	0.16
timing	0.16
wheels	0.16
background	0.16
closest	0.16
necessarily	0.16
critical	0.16
apart	0.16
separately	0.16
hole	0.16
saving	0.16
cables	0.16
block	0.16
core	0.16
involved	0.16
whatever	0.16
friend	0.16
batteries	0.16
consider	0.16
radius	0.16
kilometers	0.16
locations	0.16
segment	0.16
million	0.16
supernova	0.16
64	0.16
comet	0.16
steps	0.15
physical	0.15
purposes	0.15
displacement	0.15
candidate	0.15
hours	0.15
dimension	0.15
bending	0.15
terribly	0.15
penetrate	0.15
rock	0.15
performing	0.15
sends	0.15
slightly	0.15
jump	0.15
multiply	0.15
suns	0.15
rocks	0.15
repeating	0.15
within	0.15
blocks	0.15
sciences	0.15
continues	0.15
45	0.15
crushed	0.15
indicated	0.15
bent	0.15
gt	0.15
communication	0.15
experimentally	0.15
pressures	0.15
happen	0.15
odds	0.15
lowest	0.15
filled	0.15
last	0.15
comment	0.15
somewhere	0.15
historical	0.15
pattern	0.15
horizon	0.15
along	0.15
edited	0.15
surprisingly	0.15
ongoing	0.15
narrow	0.15
measure	0.15
billion	0.15
ever	0.15
b	0.15
finished	0.14
infinite	0.14
classes	0.14
repeat	0.14
definite	0.14
simplicity	0.14
valence	0.14
optical	0.14
creature	0.14
masses	0.14
ones	0.14
shells	0.14
bound	0.14
courses	0.14
accretion	0.14
newtons	0.14
returns	0.14
apparent	0.14
noticed	0.14
account	0.14
translated	0.14
bind	0.14
center	0.14
uncertainty	0.14
solar	0.14
gain	0.14
0.5	0.14
ordered	0.14
spider	0.14
might	0.14
coating	0.14
definitive	0.14
surrounded	0.14
integrate	0.14
u	0.14
after	0.14
set	0.14
dark	0.14
gradually	0.14
density	0.14
spiral	0.14
distribution	0.14
learn	0.14
older	0.14
iss	0.13
nonzero	0.13
physicists	0.13
where	0.13
approaches	0.13
ended	0.13
age	0.13
spent	0.13
grew	0.13
mediated	0.13
dust	0.13
collapsing	0.13
becoming	0.13
thrust	0.13
adjacent	0.13
far	0.13
findings	0.13
measured	0.13
star	0.13
cable	0.13
accelerator	0.13
grand	0.13
event	0.13
oort	0.13
wheel	0.13
condensed	0.13
learned	0.13
vs	0.13
50/50	0.13
lose	0.13
commercial	0.13
professional	0.13
tail	0.13
ensure	0.13
old	0.13
90	0.13
nearly	0.13
cosmic	0.13
reaches	0.13
multiplying	0.13
adapt	0.13
responses	0.13
claimed	0.13
being	0.13
formed	0.13
coherent	0.13
w	0.13
presumably	0.13
positions	0.13
elastic	0.13
errors	0.13
reported	0.13
losses	0.13
floor	0.13
meters	0.13
slit	0.13
km	0.12
1st	0.12
globe	0.12
atmospheric	0.12
perpendicular	0.12
until	0.12
habitable	0.12
ships	0.12
1	0.12
region	0.12
centre	0.12
log	0.12
scaling	0.12
deformation	0.12
double	0.12
distance	0.12
sqrt	0.12
1.5	0.12
relativity	0.12
adapted	0.12
comets	0.12
started	0.12
once	0.12
tire	0.12
choices	0.12
shine	0.12
chunks	0.12
tell	0.12
rockets	0.12
ancestors	0.12
tank	0.12
axes	0.12
before	0.12
trend	0.12
bullets	0.12
planets	0.12
forcing	0.12
currently	0.11
turbine	0.11
upwards	0.11
higher	0.11
lost	0.11
1/2	0.11
orbitals	0.11
elliptical	0.11
somehow	0.11
configuration	0.11
timescales	0.11
smallest	0.11
ejected	0.11
effectively	0.11
ratio	0.11
arc	0.11
polarized	0.11
indeed	0.11
sending	0.11
proximity	0.11
empty	0.11
uniformly	0.11
trust	0.11
suggested	0.11
carried	0.11
journey	0.11
merge	0.11
confined	0.11
years	0.11
vehicle	0.11
likewise	0.11
states	0.11
oriented	0.11
largest	0.11
compressing	0.11
bandwidth	0.11
emission	0.11
detect	0.11
market	0.11
reached	0.11
aligned	0.11
statistics	0.11
statistically	0.11
exceed	0.11
statistical	0.11
pool	0.11
rapidly	0.11
compress	0.10
categories	0.10
orbital	0.10
thermodynamic	0.10
centuries	0.10
corresponding	0.10
moved	0.10
nothing	0.10
originated	0.10
friction	0.10
together	0.10
ft	0.10
create	0.10
forever	0.10
survived	0.10
return	0.10
california	0.10
anything	0.10
loop	0.10
reach	0.10
escape	0.10
therefore	0.10
dramatically	0.10
had	0.10
symbols	0.10
2nd	0.10
r^2	0.10
mantle	0.10
relationship	0.10
200	0.10
supported	0.10
fermions	0.10
tension	0.10
subsequent	0.10
electrons	0.10
copy	0.10
sent	0.10
unknown	0.10
main	0.10
contents	0.10
gains	0.10
longest	0.10
arrangement	0.10
eachother	0.10
remained	0.10
gun	0.10
generator	0.10
ill	0.10
projectile	0.09
circuits	0.09
applies	0.09
9	0.09
patterns	0.09
occupy	0.09
32	0.09
running	0.09
indirectly	0.09
magnetism	0.09
300	0.09
spring	0.09
transmitting	0.09
chunk	0.09
fraction	0.09
lower	0.09
gravitationally	0.09
brought	0.09
violate	0.09
faster	0.09
magnets	0.09
objective	0.09
chess	0.09
motions	0.09
square	0.09
strict	0.09
degree	0.09
watts	0.09
500	0.09
country	0.09
extinct	0.09
signs	0.09
week	0.09
ground	0.09
knows	0.09
battery	0.09
still	0.09
adding	0.09
fully	0.09
1000	0.09
ocean	0.09
notably	0.08
stays	0.08
cleaning	0.08
hidden	0.08
apes	0.08
clinical	0.08
converting	0.08
resources	0.08
genomes	0.08
orbiting	0.08
quantity	0.08
again	0.08
route	0.08
year	0.08
mass	0.08
broad	0.08
dc	0.08
bar	0.08
dwarf	0.08
theorized	0.08
own	0.08
movements	0.08
talked	0.08
bodies	0.08
today	0.08
dwarfs	0.08
asteroids	0.08
fired	0.08
transmit	0.08
outer	0.08
equal	0.08
gauge	0.08
output	0.08
physically	0.08
24	0.08
truck	0.08
structure	0.08
matter	0.08
rigid	0.08
transformation	0.08
each	0.08
assign	0.08
2	0.07
zero	0.07
planet	0.07
around	0.07
philosophical	0.07
low	0.07
constant	0.07
newton	0.07
implications	0.07
slowly	0.07
drastically	0.07
count	0.07
80	0.07
stronger	0.07
weapons	0.07
sign	0.07
operation	0.07
strength	0.07
100	0.07
stayed	0.07
vertically	0.07
already	0.07
shifted	0.07
doctors	0.07
begins	0.07
inches	0.07
erosion	0.07
white	0.07
150	0.07
feels	0.07
intelligence	0.07
bubble	0.07
half-life	0.07
derive	0.07
deviation	0.07
percentage	0.07
variable	0.07
grey	0.07
600	0.07
prior	0.07
driving	0.07
certainly	0.07
trained	0.07
responding	0.07
bands	0.07
perfectly	0.06
35	0.06
lunar	0.06
via	0.06
lifespan	0.06
eight	0.06
plane	0.06
means	0.06
conditions	0.06
sampling	0.06
continued	0.06
mid	0.06
sizes	0.06
rpm	0.06
whatsoever	0.06
particular	0.06
centers	0.06
electron	0.06
load	0.06
roll	0.06
40	0.06
o	0.06
car	0.06
colored	0.06
noting	0.06
distances	0.06
interference	0.06
van	0.06
race	0.06
pumps	0.06
piece	0.06
flux	0.06
perspective	0.06
linearly	0.06
spectral	0.06
barrier	0.06
lowering	0.06
colliding	0.06
evidence	0.06
corresponds	0.06
moons	0.06
supply	0.06
scientifically	0.06
however	0.06
chromosomes	0.06
split	0.06
structural	0.06
fell	0.06
exponentially	0.05
lengths	0.05
life	0.05
400	0.05
security	0.05
infrared	0.05
dedicated	0.05
sides	0.05
otherwise	0.05
anybody	0.05
divided	0.05
drop	0.05
giants	0.05
30	0.05
adults	0.05
measurable	0.05
16	0.05
between	0.05
efficiency	0.05
interpret	0.05
reaching	0.05
probably	0.05
day	0.05
established	0.05
though	0.05
beings	0.05
shifting	0.05
proportional	0.05
protein	0.05
spots	0.05
disappear	0.05
emitting	0.05
supposed	0.05
half	0.05
13	0.05
fastest	0.05
rocket	0.05
upward	0.05
coefficient	0.05
extends	0.05
exhibit	0.05
who	0.05
object	0.05
chance	0.05
thrown	0.05
behavior	0.05
literally	0.05
engine	0.05
component	0.05
lowers	0.05
mathematics	0.05
losing	0.05
transitions	0.05
equals	0.05
orientation	0.05
planetary	0.05
8	0.05
lasers	0.05
daughter	0.05
minute	0.05
destination	0.04
strikes	0.04
irrational	0.04
i.e	0.04
thus	0.04
boost	0.04
7	0.04
case	0.04
russian	0.04
turbulence	0.04
sees	0.04
mile	0.04
11	0.04
fixed	0.04
25	0.04
gap	0.04
sperm	0.04
parents	0.04
placed	0.04
related	0.04
travelled	0.04
latitude	0.04
axis	0.04
altitude	0.04
always	0.04
nowadays	0.04
regulation	0.04
whose	0.04
layer	0.04
stay	0.04
counting	0.04
5	0.04
total	0.04
18	0.04
compressed	0.04
align	0.04
12	0.04
electromagnetism	0.04
baseball	0.04
patch	0.04
controlled	0.04
10	0.04
dirt	0.04
arises	0.04
locally	0.04
contracting	0.04
outward	0.04
unit	0.04
mouse	0.04
elementary	0.04
circular	0.04
20	0.04
fractions	0.04
filling	0.04
well-defined	0.04
60	0.04
torque	0.04
sequence	0.04
cat	0.04
twin	0.04
bullet	0.04
contributing	0.04
emit	0.04
remain	0.04
constants	0.03
principle	0.03
10,000	0.03
behind	0.03
gear	0.03
junk	0.03
intelligent	0.03
aging	0.03
17	0.03
km/s	0.03
arbitrarily	0.03
mechanisms	0.03
part	0.03
ask	0.03
island	0.03
giant	0.03
took	0.03
researcher	0.03
top	0.03
counter	0.03
22	0.03
fall	0.03
coordinate	0.03
15	0.03
sensible	0.03
fill	0.03
pointing	0.03
advantages	0.03
thinks	0.03
feet	0.03
conductivity	0.03
inversely	0.03
abilities	0.03
during	0.03
feedback	0.03
gravitation	0.03
70	0.03
spinning	0.03
engines	0.03
factors	0.03
radial	0.02
wo	0.02
mountains	0.02
usual	0.02
segments	0.02
reducing	0.02
spin	0.02
involve	0.02
local	0.02
120	0.02
remember	0.02
rocky	0.02
outwards	0.02
back	0.02
sucked	0.02
address	0.02
mechanical	0.02
grows	0.02
instantaneously	0.02
active	0.02
3	0.02
starts	0.02
atom	0.02
storms	0.02
form	0.02
traveled	0.02
collision	0.02
determines	0.02
ac	0.02
stage	0.02
m/s^2	0.02
technical	0.02
fuse	0.02
suspended	0.02
respectively	0.02
titan	0.02
4	0.02
mechanically	0.02
tower	0.02
percent	0.02
graphene	0.02
kinetic	0.02
bell	0.02
rings	0.01
issue	0.01
follows	0.01
formation	0.01
maybe	0.01
dinosaurs	0.01
bit	0.01
modification	0.01
atoms	0.01
isolated	0.01
determined	0.01
expressed	0.01
fluid	0.01
mountain	0.01
recombination	0.01
crust	0.01
recall	0.01
decreases	0.01
squared	0.01
atmospheres	0.01
hold	0.01
kids	0.01
laws	0.01
coupling	0.01
asteroid	0.01
cellulose	0.01
original	0.01
mother	0.01
item	0.01
grammar	0.01
pipes	0.01
seeing	0.01
players	0.01
currents	0.01
14	0.01
crossing	0.01
putting	0.01
consequence	0.01
except	0.01
wires	0.01
oceans	0.01
microwave	0.01
2/3	0.01
sequences	0.01
23	0.01
dropped	0.01
throw	0.01
relies	0.00
controversial	0.00
pregnant	0.00
ma	0.00
nutrient	0.00
inside	0.00
placing	0.00
children	0.00
zone	0.00
correlated	0.00
natural	0.00
reduces	0.00
stable	0.00
interacts	0.00
hospital	0.00
choosing	0.00
increases	0.00
eventually	0.00
station	0.00
lived	0.00
something	0.00
bonding	0.00
getting	0.00
reflect	0.00
worse	-8.32
tastes	-7.94
deadly	-7.68
harmful	-7.48
toxic	-7.36
fatal	-7.36
dangerous	-7.06
lastly	-7.01
acidic	-6.97
bad	-6.90
chemicals	-6.82
whenever	-6.59
sight	-6.38
intentionally	-6.21
thumb	-6.07
catastrophic	-6.06
respective	-5.99
accident	-5.99
damaging	-5.91
lethal	-5.57
usage	-5.09
compete	-5.08
surprise	-5.08
uncommon	-4.94
iirc	-4.85
doses	-4.77
dose	-4.75
fear	-4.74
emotional	-4.64
regularly	-4.51
arguably	-4.49
latter	-4.45
substances	-4.40
cultures	-4.31
toxicity	-4.28
poison	-4.26
kill	-4.24
nose	-4.03
minor	-3.96
listen	-3.95
ozone	-3.95
compounds	-3.90
acute	-3.80
suffer	-3.71
nail	-3.70
importance	-3.70
volatile	-3.65
lacking	-3.65
taste	-3.57
exposure	-3.52
compound	-3.51
smell	-3.50
danger	-3.45
myth	-3.42
media	-3.40
sorts	-3.38
poor	-3.33
worry	-3.32
soda	-3.32
substance	-3.31
alcohol	-3.29
kills	-3.24
bother	-3.17
tongue	-3.16
infectious	-3.13
potentially	-3.10
accidentally	-3.08
damage	-3.05
foods	-2.99
hosts	-2.93
ethanol	-2.91
ebola	-2.89
drink	-2.88
virus	-2.84
beer	-2.84
sensation	-2.83
influenza	-2.79
painful	-2.77
health	-2.76
infected	-2.76
magical	-2.76
meat	-2.75
tap	-2.69
reacting	-2.68
eaten	-2.67
handling	-2.67
boring	-2.67
severe	-2.64
agents	-2.60
drinking	-2.58
microbes	-2.58
drinks	-2.57
harm	-2.55
caffeine	-2.53
flu	-2.52
concentrations	-2.50
lazy	-2.49
consumed	-2.49
neurotransmitters	-2.46
feeling	-2.46
soluble	-2.44
organic	-2.44
trauma	-2.43
spread	-2.43
music	-2.42
syndrome	-2.40
inert	-2.39
dopamine	-2.37
cause	-2.37
fresh	-2.36
chemical	-2.34
stomach	-2.34
sweet	-2.34
reacts	-2.33
fed	-2.33
mercury	-2.32
senses	-2.32
fine	-2.32
smoke	-2.29
culture	-2.29
tip	-2.28
flavor	-2.28
death	-2.28
finger	-2.28
fever	-2.27
anyways	-2.26
associate	-2.24
false	-2.21
meaningless	-2.21
release	-2.19
intense	-2.18
digestive	-2.18
consumption	-2.18
neurotransmitter	-2.17
acid	-2.14
dissolve	-2.13
accumulation	-2.11
throat	-2.11
depression	-2.10
occasionally	-2.10
incomplete	-2.08
psychological	-2.04
stimuli	-2.03
wake	-2.02
drugs	-2.01
safe	-1.99
ears	-1.98
hearing	-1.96
oral	-1.95
fingers	-1.94
pollution	-1.94
destruction	-1.93
susceptible	-1.93
re	-1.91
consequences	-1.91
notes	-1.90
beneficial	-1.89
referring	-1.89
chronic	-1.89
solvent	-1.88
disease	-1.88
serious	-1.88
convinced	-1.86
illness	-1.86
hiv	-1.86
incorrectly	-1.86
eyes	-1.86
released	-1.85
voice	-1.85
intervals	-1.85
hormones	-1.85
solubility	-1.84
stupid	-1.84
mouth	-1.83
symptoms	-1.83
tone	-1.82
foot	-1.82
pain	-1.82
spreads	-1.81
arm	-1.81
cultural	-1.81
viruses	-1.81
behavioral	-1.81
perception	-1.81
excessive	-1.81
dont	-1.81
tolerance	-1.81
infect	-1.80
saliva	-1.79
parasites	-1.78
hear	-1.78
cuts	-1.78
believe	-1.78
flawed	-1.78
m	-1.78
vitamins	-1.78
concentration	-1.77
concentrated	-1.77
stimulus	-1.76
western	-1.76
impression	-1.76
vague	-1.76
violent	-1.74
dominant	-1.74
oils	-1.73
loud	-1.73
am	-1.73
talking	-1.72
chest	-1.71
experience	-1.70
tired	-1.70
historically	-1.69
sugar	-1.69
incorrect	-1.68
infections	-1.68
daily	-1.68
explicitly	-1.68
respiratory	-1.67
mental	-1.67
darkness	-1.66
antibiotic	-1.66
cues	-1.66
medium	-1.65
blind	-1.65
valid	-1.65
contamination	-1.65
cutting	-1.65
touch	-1.64
coffee	-1.64
receptors	-1.64
invasive	-1.64
die	-1.64
misleading	-1.64
vision	-1.63
statement	-1.63
killing	-1.63
experiences	-1.63
viral	-1.62
absence	-1.62
prone	-1.62
diseases	-1.61
portions	-1.61
widespread	-1.61
hand	-1.61
waste	-1.61
pitch	-1.60
mistaken	-1.59
thinking	-1.59
stick	-1.59
propagation	-1.59
breathe	-1.58
confusing	-1.57
bacteria	-1.57
note	-1.56
subjective	-1.55
missing	-1.55
listening	-1.55
interval	-1.55
played	-1.54
reactor	-1.54
visual	-1.54
saying	-1.54
reversed	-1.54
fruits	-1.53
exclusively	-1.53
mutate	-1.53
misunderstanding	-1.52
blade	-1.51
breath	-1.51
lead	-1.51
reactors	-1.51
sticks	-1.51
instrument	-1.51
admit	-1.50
kinds	-1.50
index	-1.50
injury	-1.50
frequent	-1.49
true	-1.48
correctly	-1.48
differing	-1.48
sometimes	-1.47
harmonic	-1.46
pedantic	-1.46
adaptation	-1.46
damaged	-1.46
handful	-1.46
abundance	-1.45
frequently	-1.45
infection	-1.45
stating	-1.45
former	-1.45
triggers	-1.45
calling	-1.44
sexual	-1.43
consume	-1.43
inaccurate	-1.43
strains	-1.42
impacts	-1.42
failure	-1.42
threat	-1.42
press	-1.41
refractive	-1.41
wording	-1.40
prolonged	-1.40
impact	-1.40
touching	-1.40
reactive	-1.39
crash	-1.39
exception	-1.39
facial	-1.38
bacterial	-1.36
rarely	-1.36
diet	-1.36
instruments	-1.36
protect	-1.36
hunting	-1.35
tract	-1.35
agree	-1.35
confident	-1.35
allergic	-1.34
dissolved	-1.34
eating	-1.34
said	-1.34
killed	-1.33
physiological	-1.33
chlorine	-1.32
major	-1.32
strain	-1.31
mortality	-1.31
my	-1.31
aids	-1.30
injected	-1.30
did	-1.30
rule	-1.29
neck	-1.29
vocal	-1.29
thoughts	-1.29
flora	-1.29
refraction	-1.29
op	-1.28
eat	-1.28
fruit	-1.28
head	-1.27
avoid	-1.27
reservoir	-1.27
experiencing	-1.27
antibiotics	-1.26
bats	-1.26
meant	-1.26
different	-1.26
inflammation	-1.26
pathogen	-1.26
milk	-1.25
digestion	-1.25
solution	-1.24
memories	-1.24
energetic	-1.24
cooking	-1.24
right	-1.23
digest	-1.23
ear	-1.23
destroy	-1.23
mild	-1.23
prevalent	-1.23
asking	-1.23
phrase	-1.23
experienced	-1.23
risk	-1.23
food	-1.22
scales	-1.22
silly	-1.22
react	-1.21
face	-1.21
auditory	-1.20
sound	-1.20
stop	-1.20
perceived	-1.20
tunnel	-1.20
whilst	-1.20
confused	-1.19
various	-1.19
stimulation	-1.19
variety	-1.18
gut	-1.18
agent	-1.18
lungs	-1.18
gi	-1.18
spreading	-1.18
vaccines	-1.17
drug	-1.17
fats	-1.17
injection	-1.16
micro	-1.16
insulin	-1.15
resistant	-1.15
multiple	-1.15
certain	-1.15
leading	-1.13
especially	-1.12
cavity	-1.12
causes	-1.12
oxidation	-1.11
skull	-1.11
fighting	-1.11
semantics	-1.11
disorders	-1.11
caused	-1.10
amounts	-1.10
bear	-1.10
generic	-1.10
families	-1.10
ingredients	-1.09
soap	-1.09
acids	-1.09
terminology	-1.09
hydrocarbons	-1.08
play	-1.08
mistakes	-1.08
badly	-1.07
these	-1.07
secondly	-1.07
statements	-1.07
tends	-1.06
trouble	-1.06
diabetes	-1.06
concerned	-1.06
combustion	-1.06
term	-1.06
lung	-1.05
intestine	-1.05
many	-1.05
misconception	-1.05
hz	-1.05
concern	-1.05
salts	-1.04
destroying	-1.04
vaccine	-1.04
cognitive	-1.04
intestines	-1.04
affecting	-1.04
behaviors	-1.03
co2	-1.03
prevents	-1.03
predators	-1.03
associated	-1.03
reasoning	-1.03
responds	-1.03
keys	-1.02
liquids	-1.02
strings	-1.02
solids	-1.02
carbohydrates	-1.02
raw	-1.01
arguing	-1.01
catching	-1.01
frequencies	-1.01
misunderstood	-1.01
tuned	-1.01
sugars	-1.00
preferred	-1.00
reflex	-1.00
nerves	-1.00
chemically	-1.00
lie	-0.99
vibrate	-0.99
ad	-0.99
nitrogen	-0.99
disorder	-0.99
worried	-0.99
bottle	-0.99
mistake	-0.99
environments	-0.99
interface	-0.99
consuming	-0.98
implying	-0.98
seeds	-0.98
proof	-0.98
raised	-0.98
passive	-0.98
recommended	-0.98
rhythm	-0.98
releasing	-0.97
fluids	-0.97
hormone	-0.97
proving	-0.97
sensory	-0.97
intake	-0.96
frequency	-0.96
stroke	-0.96
glass	-0.96
fatty	-0.96
dead	-0.96
poorly	-0.95
se	-0.95
axioms	-0.95
category	-0.95
complications	-0.95
oxygen	-0.95
breathing	-0.95
numerous	-0.94
theorem	-0.94
european	-0.94
vitamin	-0.94
artificially	-0.94
action	-0.93
treat	-0.93
dying	-0.93
predator	-0.93
useless	-0.93
elevated	-0.93
noise	-0.93
receptor	-0.93
altogether	-0.92
refer	-0.92
context	-0.92
neuron	-0.92
ammonia	-0.92
refers	-0.91
including	-0.91
ready	-0.91
third	-0.91
conjecture	-0.91
hands	-0.90
im	-0.90
urine	-0.90
calories	-0.90
common	-0.90
rich	-0.90
neither	-0.90
wildly	-0.89
kidney	-0.89
o2	-0.89
hurt	-0.88
regard	-0.88
prevent	-0.88
prove	-0.88
those	-0.88
intended	-0.88
gases	-0.88
most	-0.88
remembering	-0.88
db	-0.87
treating	-0.87
replacing	-0.87
risks	-0.87
causing	-0.86
specialized	-0.86
stations	-0.86
asleep	-0.86
vibrating	-0.86
proven	-0.86
speaker	-0.85
exceptions	-0.85
host	-0.85
plenty	-0.85
fungi	-0.85
cup	-0.85
without	-0.85
liver	-0.85
assumptions	-0.84
pathogens	-0.84
neurons	-0.84
guess	-0.84
logical	-0.84
content	-0.84
spiders	-0.84
enzymes	-0.84
sudden	-0.84
calls	-0.83
materials	-0.83
arms	-0.83
proved	-0.83
stimulated	-0.83
nerve	-0.82
claim	-0.82
eruption	-0.82
spinal	-0.82
transmission	-0.82
boom	-0.82
inhibit	-0.82
essential	-0.82
bite	-0.82
word	-0.82
premise	-0.81
sticking	-0.81
transmitted	-0.81
molecules	-0.80
sonic	-0.80
contain	-0.80
sick	-0.80
ate	-0.80
definitions	-0.80
argument	-0.80
unclear	-0.79
mixed	-0.79
polymer	-0.79
inherently	-0.79
animal	-0.78
specifically	-0.78
peripheral	-0.78
teeth	-0.78
china	-0.78
minerals	-0.78
metabolic	-0.77
problematic	-0.77
pop	-0.77
global	-0.77
united	-0.77
leads	-0.77
bat	-0.77
attention	-0.77
continually	-0.76
probable	-0.76
facts	-0.76
shock	-0.76
upper	-0.76
prey	-0.76
metabolism	-0.76
awake	-0.75
leg	-0.75
rare	-0.75
activity	-0.75
everyday	-0.75
protected	-0.75
feeding	-0.75
such	-0.75
dioxide	-0.75
respiration	-0.75
truth	-0.74
appearance	-0.74
implies	-0.74
reference	-0.74
chloride	-0.74
civilization	-0.74
sleeping	-0.74
metals	-0.73
survive	-0.73
separating	-0.73
slight	-0.73
hydrophobic	-0.73
flame	-0.73
frames	-0.73
preference	-0.73
speaking	-0.73
membranes	-0.73
lining	-0.73
assumes	-0.73
yields	-0.72
oil	-0.72
missed	-0.72
glucose	-0.72
accept	-0.71
speakers	-0.71
tissues	-0.71
night	-0.71
anymore	-0.71
typically	-0.71
rely	-0.71
subtle	-0.71
levels	-0.71
meet	-0.71
confuse	-0.71
kidneys	-0.71
aware	-0.71
prepared	-0.71
oscillation	-0.70
passage	-0.70
algae	-0.70
unusual	-0.70
honey	-0.69
sleep	-0.69
left	-0.69
significance	-0.69
their	-0.69
tissue	-0.69
quality	-0.69
breakdown	-0.68
environmental	-0.68
morning	-0.68
calcium	-0.68
fight	-0.68
and/or	-0.68
influence	-0.68
mentioning	-0.68
among	-0.68
notable	-0.68
sodium	-0.68
biological	-0.67
speech	-0.67
cap	-0.67
name	-0.67
etc	-0.67
degradation	-0.67
contact	-0.67
limbs	-0.66
ph	-0.66
replicate	-0.66
differently	-0.66
several	-0.66
totally	-0.66
conclusion	-0.66
merely	-0.65
favor	-0.65
cord	-0.65
bleeding	-0.65
feed	-0.65
heart	-0.65
dies	-0.65
bladder	-0.65
c^2	-0.64
legs	-0.64
brain	-0.64
imagining	-0.64
africa	-0.64
vibrations	-0.64
allergies	-0.63
wound	-0.63
upon	-0.63
often	-0.63
trigger	-0.63
imply	-0.63
threshold	-0.62
loss	-0.62
exposed	-0.62
playing	-0.62
potassium	-0.62
amplitude	-0.62
establish	-0.62
rest	-0.62
immunity	-0.62
commonly	-0.62
logically	-0.62
cancer	-0.61
society	-0.61
hemisphere	-0.61
depleted	-0.61
cut	-0.61
activation	-0.61
waves	-0.61
careful	-0.61
generally	-0.60
amino	-0.60
propagates	-0.60
mixture	-0.60
string	-0.60
potentials	-0.60
nutrients	-0.60
processed	-0.60
nonsense	-0.60
amongst	-0.60
pure	-0.60
formal	-0.60
conscious	-0.59
occurred	-0.59
propagating	-0.59
guessing	-0.59
salt	-0.59
bugs	-0.59
vital	-0.59
dozens	-0.59
seemed	-0.58
fat	-0.58
atp	-0.58
residual	-0.58
arbitrary	-0.58
healthy	-0.58
mainly	-0.58
greenhouse	-0.58
testosterone	-0.58
recognition	-0.58
sand	-0.58
plant	-0.58
side	-0.57
mutations	-0.57
usually	-0.57
sounds	-0.57
stimulate	-0.57
advantageous	-0.57
absolute	-0.57
plants	-0.57
influenced	-0.57
insects	-0.57
native	-0.57
perceive	-0.57
cook	-0.57
cellular	-0.57
selective	-0.56
cases	-0.56
types	-0.56
carbon	-0.56
social	-0.56
vulnerable	-0.56
irrelevant	-0.56
sentence	-0.56
organs	-0.56
respond	-0.56
repair	-0.56
arguments	-0.56
lying	-0.56
releases	-0.56
attack	-0.56
competition	-0.55
introduced	-0.55
rats	-0.55
cancers	-0.55
bloodstream	-0.55
abundant	-0.55
holding	-0.55
logic	-0.55
biochemical	-0.55
condition	-0.55
external	-0.55
speak	-0.55
neural	-0.55
definition	-0.55
consistent	-0.54
3rd	-0.54
meaning	-0.54
due	-0.54
burst	-0.54
constantly	-0.54
opposed	-0.54
three	-0.54
chemist	-0.53
ions	-0.53
going	-0.53
exercise	-0.53
organism	-0.53
reproduction	-0.53
rods	-0.53
vibration	-0.53
bird	-0.53
unnecessary	-0.53
funny	-0.53
virtual	-0.52
vessels	-0.52
recovery	-0.52
conclusions	-0.52
mutation	-0.52
claiming	-0.52
emissions	-0.52
referred	-0.52
reaction	-0.52
gasoline	-0.52
propagate	-0.52
channels	-0.52
felt	-0.51
cones	-0.51
workers	-0.51
fish	-0.51
chicken	-0.51
result	-0.51
based	-0.51
transplant	-0.51
trait	-0.51
uv	-0.51
naturally	-0.51
forgive	-0.51
pathways	-0.51
live	-0.51
assume	-0.51
resulting	-0.51
severely	-0.50
synthesis	-0.50
holds	-0.50
biggest	-0.50
induce	-0.50
cone	-0.50
organisms	-0.50
organ	-0.50
hardly	-0.50
effects	-0.50
pressurized	-0.50
triggered	-0.49
spoken	-0.49
assumption	-0.49
japanese	-0.49
crucial	-0.49
arise	-0.49
consideration	-0.49
implied	-0.49
grass	-0.49
photosynthesis	-0.49
dependence	-0.49
somewhat	-0.49
label	-0.48
monkeys	-0.48
functioning	-0.48
recognized	-0.48
differ	-0.48
produced	-0.48
burned	-0.48
reactions	-0.48
exotic	-0.48
reasonable	-0.48
difficulty	-0.48
traveling	-0.47
activities	-0.47
sensitivity	-0.47
rapid	-0.47
interestingly	-0.47
containing	-0.47
feel	-0.47
against	-0.47
tree	-0.47
gasses	-0.47
delivery	-0.47
signaling	-0.47
attacks	-0.47
existence	-0.47
readily	-0.47
hemoglobin	-0.47
accordingly	-0.47
self	-0.47
specific	-0.47
surgery	-0.47
breast	-0.47
apples	-0.47
permanent	-0.46
cortex	-0.46
seasonal	-0.46
bed	-0.46
contribute	-0.46
safety	-0.46
material	-0.46
resting	-0.46
preventing	-0.46
em	-0.46
storage	-0.46
east	-0.46
bubbles	-0.46
fiber	-0.46
sure	-0.45
wave	-0.45
assumed	-0.45
sitting	-0.45
middle	-0.45
conduct	-0.45
ant	-0.45
cure	-0.45
trees	-0.45
ants	-0.45
contaminated	-0.45
scale	-0.45
veins	-0.45
mineral	-0.45
america	-0.45
afraid	-0.45
hair	-0.45
matters	-0.45
continuum	-0.45
membrane	-0.44
argue	-0.44
chains	-0.44
radioactive	-0.44
grow	-0.44
belief	-0.44
facing	-0.44
survival	-0.44
equally	-0.44
travels	-0.44
assuming	-0.44
dream	-0.44
removes	-0.44
selected	-0.44
applicable	-0.44
stem	-0.44
adaptations	-0.44
lateral	-0.44
akin	-0.44
blood	-0.44
ancient	-0.43
evolution	-0.43
separate	-0.43
flies	-0.43
select	-0.43
trace	-0.43
leaves	-0.43
act	-0.43
bone	-0.43
closing	-0.43
traits	-0.43
effective	-0.43
production	-0.43
powder	-0.43
sensitive	-0.43
europe	-0.43
gender	-0.43
defects	-0.43
gradients	-0.43
resist	-0.43
safer	-0.42
atmosphere	-0.42
selection	-0.42
densities	-0.42
grains	-0.42
south	-0.42
medications	-0.42
fitness	-0.42
consciousness	-0.42
american	-0.42
central	-0.42
varying	-0.42
suck	-0.42
myself	-0.42
long-term	-0.41
changed	-0.41
catch	-0.41
african	-0.41
biologist	-0.41
sorry	-0.41
processing	-0.41
extracted	-0.41
arithmetic	-0.41
diamond	-0.41
overall	-0.41
wood	-0.41
degrade	-0.41
wear	-0.41
conductive	-0.41
eliminate	-0.41
machinery	-0.40
shake	-0.40
english	-0.40
north	-0.40
rod	-0.40
receive	-0.40
latin	-0.40
upside	-0.40
polarization	-0.40
replication	-0.40
update	-0.40
mix	-0.39
infant	-0.39
cardiac	-0.39
gradient	-0.39
gas	-0.39
mitochondria	-0.39
nervous	-0.39
reproducing	-0.39
evolve	-0.39
australia	-0.39
coupled	-0.39
majority	-0.39
inputs	-0.39
95	-0.39
words	-0.39
oxide	-0.39
oscillating	-0.39
blast	-0.39
motor	-0.39
significant	-0.38
pacific	-0.38
while	-0.38
arteries	-0.38
proteins	-0.38
primates	-0.38
diffusion	-0.38
chain	-0.38
special	-0.37
bends	-0.37
title	-0.37
concerns	-0.37
southern	-0.37
cells	-0.37
roots	-0.37
supersonic	-0.37
two	-0.37
west	-0.37
methane	-0.37
molecule	-0.37
gold	-0.37
produces	-0.37
bread	-0.37
blocking	-0.37
modes	-0.36
bees	-0.36
colonies	-0.36
usa	-0.36
drift	-0.36
regards	-0.36
fission	-0.36
clearly	-0.36
populations	-0.36
safely	-0.36
stuck	-0.36
french	-0.36
frame	-0.36
electromagnetic	-0.35
impurities	-0.35
synthetic	-0.35
coast	-0.35
diffuse	-0.35
tend	-0.35
tubes	-0.35
cell	-0.35
followed	-0.35
void	-0.35
mating	-0.35
sections	-0.35
ion	-0.35
normally	-0.35
antibodies	-0.35
uranium	-0.35
repeated	-0.35
surviving	-0.35
input	-0.34
distinct	-0.34
suspect	-0.34
consist	-0.34
couple	-0.34
responsible	-0.34
burning	-0.34
marrow	-0.34
animals	-0.34
broken	-0.34
explode	-0.34
activate	-0.34
exit	-0.34
relative	-0.34
instead	-0.34
yeast	-0.34
nuclear	-0.34
opening	-0.34
induced	-0.34
growth	-0.34
dozen	-0.34
stack	-0.34
immune	-0.33
needle	-0.33
consensus	-0.33
pathway	-0.33
<URL>	-0.33
<SPECIAL>	-0.33
metal	-0.33
speed	-0.33
seed	-0.33
universal	-0.33
rna	-0.33
vary	-0.33
swing	-0.33
contains	-0.33
whether	-0.33
tumor	-0.32
coal	-0.32
hypothesis	-0.32
presence	-0.32
moving	-0.32
activated	-0.32
start	-0.32
tear	-0.32
specify	-0.32
partially	-0.32
increasingly	-0.32
confusion	-0.32
bulk	-0.32
pregnancy	-0.32
influences	-0.32
straw	-0.32
grown	-0.32
extinction	-0.32
purpose	-0.32
burns	-0.32
vacuum	-0.32
inertial	-0.32
normal	-0.32
mixing	-0.32
mutated	-0.31
wild	-0.31
status	-0.31
distinction	-0.31
talk	-0.31
firing	-0.31
strictly	-0.31
engineer	-0.31
extreme	-0.31
gradual	-0.31
babies	-0.31
wall	-0.31
infants	-0.31
touched	-0.31
similarly	-0.31
hive	-0.31
queen	-0.31
trade	-0.31
reproduce	-0.31
alleles	-0.31
phenotype	-0.31
audio	-0.31
enter	-0.31
repeatedly	-0.31
patient	-0.30
occurs	-0.30
bee	-0.30
insect	-0.30
motion	-0.30
german	-0.30
mature	-0.30
tube	-0.30
crops	-0.30
depending	-0.30
container	-0.30
solely	-0.30
ignore	-0.30
pumped	-0.30
colour	-0.30
honest	-0.30
dominate	-0.30
absorbed	-0.29
population	-0.29
temporary	-0.29
acceleration	-0.29
stationary	-0.29
alive	-0.29
fibers	-0.29
student	-0.29
moreover	-0.29
doubt	-0.29
flying	-0.29
allele	-0.29
affects	-0.29
capable	-0.29
rates	-0.29
resonance	-0.29
occur	-0.29
physicist	-0.29
promote	-0.29
variation	-0.29
genetic	-0.29
polar	-0.29
exchange	-0.28
travelling	-0.28
fire	-0.28
doing	-0.28
keep	-0.28
conclude	-0.28
growing	-0.28
patients	-0.28
whales	-0.28
properly	-0.28
pigment	-0.28
observers	-0.28
clean	-0.28
reproductive	-0.28
soil	-0.28
heavily	-0.28
marine	-0.28
recessive	-0.28
wings	-0.28
bias	-0.28
names	-0.28
light	-0.28
chinese	-0.28
likely	-0.28
fusion	-0.28
canada	-0.28
cease	-0.27
brains	-0.27
wondering	-0.27
viscosity	-0.27
targets	-0.27
individuals	-0.27
both	-0.27
asked	-0.27
treatment	-0.27
inner	-0.27
preserve	-0.27
foreign	-0.27
affected	-0.27
mode	-0.27
collisions	-0.27
localized	-0.27
role	-0.27
accumulate	-0.27
copper	-0.27
lithium	-0.27
effected	-0.27
males	-0.27
accelerated	-0.27
hammer	-0.27
few	-0.27
sex	-0.27
capillary	-0.26
intensity	-0.26
bare	-0.26
widely	-0.26
acquired	-0.26
knock	-0.26
velocities	-0.26
through	-0.26
breaks	-0.26
randomness	-0.26
anyone	-0.26
technically	-0.26
cats	-0.26
disrupt	-0.25
discharge	-0.25
advantage	-0.25
travel	-0.25
speeding	-0.25
ignored	-0.25
backward	-0.25
branches	-0.25
birds	-0.25
staying	-0.25
edge	-0.25
forth	-0.25
pump	-0.25
genes	-0.25
composition	-0.25
photons	-0.25
blades	-0.25
wash	-0.25
therapy	-0.25
non	-0.25
fires	-0.25
incident	-0.25
accelerating	-0.25
slow	-0.24
opened	-0.24
composed	-0.24
donor	-0.24
plutonium	-0.24
moves	-0.24
certainty	-0.24
breaking	-0.24
dividing	-0.24
respect	-0.24
drain	-0.24
none	-0.24
breeding	-0.24
antibody	-0.24
designed	-0.24
specified	-0.24
wearing	-0.24
strike	-0.24
season	-0.24
meaningful	-0.24
transport	-0.24
actions	-0.24
partial	-0.24
mostly	-0.24
resistance	-0.24
fuzzy	-0.24
curious	-0.24
potential	-0.24
else	-0.24
chemistry	-0.24
creation	-0.23
mach	-0.23
sake	-0.23
asks	-0.23
comfortable	-0.23
boat	-0.23
colony	-0.23
variations	-0.23
possibly	-0.23
created	-0.23
decreased	-0.23
guarantee	-0.23
removing	-0.23
insignificant	-0.23
opposite	-0.23
differences	-0.23
wing	-0.23
ionic	-0.23
individual	-0.23
insert	-0.23
evolutionary	-0.23
transparent	-0.23
destroyed	-0.23
passing	-0.23
carrier	-0.23
poster	-0.23
excite	-0.23
temporal	-0.23
causality	-0.22
reflection	-0.22
touches	-0.22
fix	-0.22
surely	-0.22
slows	-0.22
stores	-0.22
carefully	-0.22
gene	-0.22
vessel	-0.22
teacher	-0.22
treatments	-0.22
undergo	-0.22
medication	-0.22
burn	-0.22
caught	-0.22
ionized	-0.22
generations	-0.22
slowed	-0.22
thousands	-0.22
emergency	-0.22
undergoes	-0.22
replaced	-0.22
effect	-0.22
accelerates	-0.21
element	-0.21
telling	-0.21
fast	-0.21
spaceship	-0.21
affect	-0.21
languages	-0.21
adult	-0.21
brown	-0.21
notion	-0.21
slowing	-0.21
river	-0.21
shut	-0.21
call	-0.20
standing	-0.20
creates	-0.20
entering	-0.20
tendency	-0.20
women	-0.20
supposedly	-0.20
horses	-0.20
orange	-0.20
continents	-0.20
generation	-0.20
tied	-0.20
ideal	-0.20
lattice	-0.20
varies	-0.20
language	-0.20
tides	-0.20
separation	-0.20
faces	-0.20
dna	-0.20
fly	-0.20
choice	-0.20
plate	-0.20
intact	-0.20
plays	-0.20
target	-0.20
properties	-0.20
atlantic	-0.20
optic	-0.19
ash	-0.19
creatures	-0.19
say	-0.19
ratios	-0.19
improve	-0.19
observer	-0.19
clock	-0.19
recognize	-0.19
lake	-0.19
mph	-0.19
fragments	-0.19
developing	-0.19
isotopes	-0.19
consists	-0.19
groups	-0.19
colours	-0.19
d	-0.19
enzyme	-0.19
partly	-0.19
person	-0.19
combining	-0.19
antigens	-0.19
conservation	-0.19
spontaneously	-0.19
personally	-0.19
sterile	-0.19
dilation	-0.19
annihilation	-0.19
mate	-0.19
managed	-0.19
receives	-0.19
speeds	-0.19
portion	-0.19
doubling	-0.19
rivers	-0.18
across	-0.18
continental	-0.18
largely	-0.18
vice	-0.18
hanging	-0.18
isotope	-0.18
cycle	-0.18
venus	-0.18
grain	-0.18
delivered	-0.18
undergoing	-0.18
continuously	-0.18
chose	-0.18
regions	-0.18
flight	-0.18
antenna	-0.18
possess	-0.18
convention	-0.18
receiver	-0.18
acting	-0.18
dolphins	-0.18
females	-0.18
leak	-0.17
originally	-0.17
accelerate	-0.17
artificial	-0.17
unless	-0.17
graduate	-0.17
move	-0.17
plates	-0.17
instances	-0.17
iron	-0.17
quantities	-0.17
inclined	-0.17
stated	-0.17
altering	-0.17
familiar	-0.17
speculate	-0.17
simplification	-0.17
innate	-0.17
bones	-0.17
stress	-0.17
stopping	-0.17
stored	-0.17
perhaps	-0.17
rules	-0.17
minimize	-0.17
airplanes	-0.17
tldr	-0.17
microwaves	-0.17
traditional	-0.17
undergrad	-0.17
added	-0.17
radio	-0.17
likelihood	-0.17
rays	-0.16
educated	-0.16
pumping	-0.16
controls	-0.16
anatomy	-0.16
connections	-0.16
zones	-0.16
off	-0.16
school	-0.16
notice	-0.16
class	-0.16
involves	-0.16
ordinary	-0.16
bases	-0.16
think	-0.16
ship	-0.16
mammals	-0.16
regulate	-0.16
changing	-0.16
doctor	-0.16
people	-0.16
ecosystem	-0.16
laying	-0.16
invariant	-0.16
trap	-0.16
slower	-0.16
tidally	-0.16
distributed	-0.16
manner	-0.16
sideways	-0.15
open	-0.15
hitting	-0.15
impulse	-0.15
thereby	-0.15
lay	-0.15
detectable	-0.15
inherent	-0.15
either	-0.15
rope	-0.15
bouncing	-0.15
fuel	-0.15
rid	-0.15
wanted	-0.15
independent	-0.15
enters	-0.15
dependent	-0.15
train	-0.15
airplane	-0.15
depend	-0.15
lack	-0.15
college	-0.15
products	-0.15
positron	-0.15
replace	-0.15
eggs	-0.15
transported	-0.15
seal	-0.15
acquire	-0.15
higgs	-0.15
muscles	-0.15
gamma	-0.15
continue	-0.15
bomb	-0.15
pretend	-0.15
genetics	-0.15
annihilate	-0.15
bonds	-0.15
helium	-0.14
astronauts	-0.14
neutrons	-0.14
resulted	-0.14
fundamentally	-0.14
deposits	-0.14
stops	-0.14
signal	-0.14
mathematicians	-0.14
decided	-0.14
bucket	-0.14
sharp	-0.14
confidence	-0.14
boundaries	-0.14
differs	-0.14
symmetric	-0.14
suggests	-0.14
rate	-0.14
pairs	-0.14
elements	-0.14
increased	-0.14
conserved	-0.14
explosive	-0.14
flows	-0.14
classified	-0.14
although	-0.14
ie	-0.14
converted	-0.14
begin	-0.14
law	-0.14
completely	-0.14
coming	-0.14
push	-0.14
particles	-0.14
dogs	-0.14
located	-0.14
producing	-0.14
four	-0.14
developmental	-0.14
having	-0.14
baby	-0.14
opens	-0.14
terrestrial	-0.14
contained	-0.14
decaying	-0.14
evenly	-0.13
made	-0.13
pair	-0.13
deuterium	-0.13
charged	-0.13
hundred	-0.13
field	-0.13
diesel	-0.13
boson	-0.13
oceanic	-0.13
sunlight	-0.13
earth	-0.13
deposited	-0.13
swimming	-0.13
differentiate	-0.13
aerodynamic	-0.13
strands	-0.13
negligible	-0.13
heavy	-0.13
versions	-0.13
forward	-0.13
seek	-0.13
codes	-0.13
fusing	-0.13
changes	-0.13
carriers	-0.13
wavelength	-0.13
symmetry	-0.13
signals	-0.13
antigen	-0.13
negative	-0.13
fields	-0.13
characteristics	-0.13
silver	-0.13
ray	-0.13
processes	-0.13
famous	-0.13
living	-0.13
gluons	-0.13
association	-0.13
thought	-0.13
noticeable	-0.13
countries	-0.13
millions	-0.13
walking	-0.12
driven	-0.12
told	-0.12
independently	-0.12
loose	-0.12
regardless	-0.12
combine	-0.12
heard	-0.12
massless	-0.12
bump	-0.12
composite	-0.12
favorable	-0.12
molecular	-0.12
passes	-0.12
attached	-0.12
me	-0.12
grad	-0.12
primarily	-0.12
receiving	-0.12
undergraduate	-0.12
ring	-0.12
volumes	-0.12
earthquake	-0.12
interfere	-0.12
adaptive	-0.12
scatter	-0.12
consistently	-0.12
pilot	-0.12
ends	-0.12
solid	-0.12
interact	-0.12
wavelengths	-0.12
characters	-0.11
door	-0.11
doors	-0.11
invisible	-0.11
northern	-0.11
stand	-0.11
anti	-0.11
ideally	-0.11
six	-0.11
soft	-0.11
hence	-0.11
electric	-0.11
collide	-0.11
keeping	-0.11
five	-0.11
movement	-0.11
astronaut	-0.11
pushing	-0.11
contrary	-0.11
settle	-0.11
dynamic	-0.11
beta	-0.11
accepted	-0.11
doppler	-0.11
jumping	-0.11
green	-0.11
earthquakes	-0.11
trapped	-0.11
color	-0.11
velocity	-0.11
control	-0.11
shear	-0.11
beat	-0.11
hydrogen	-0.11
exhaust	-0.11
aircraft	-0.11
interpreted	-0.11
held	-0.11
bosons	-0.11
positively	-0.11
attractive	-0.11
division	-0.11
lifting	-0.11
x-rays	-0.11
broke	-0.11
introduce	-0.11
cast	-0.11
e.g	-0.10
copies	-0.10
placebo	-0.10
students	-0.10
correspond	-0.10
alter	-0.10
recover	-0.10
fetus	-0.10
excitation	-0.10
relates	-0.10
tanks	-0.10
include	-0.10
caveat	-0.10
pulling	-0.10
negatively	-0.10
scientist	-0.10
storing	-0.10
components	-0.10
medicine	-0.10
scattered	-0.10
alone	-0.10
weapon	-0.10
sits	-0.10
skin	-0.10
neutral	-0.10
pass	-0.10
conductors	-0.10
cylinder	-0.10
pauli	-0.10
scattering	-0.10
explosion	-0.10
crystal	-0.10
evolving	-0.10
goes	-0.10
extend	-0.10
realize	-0.10
m/s	-0.10
chromosome	-0.10
horse	-0.10
photon	-0.10
colors	-0.10
splitting	-0.10
birth	-0.10
player	-0.09
absorb	-0.09
offspring	-0.09
excess	-0.09
letters	-0.09
underwater	-0.09
balance	-0.09
kept	-0.09
prefer	-0.09
depends	-0.09
dealing	-0.09
remaining	-0.09
moon	-0.09
nuclei	-0.09
quarks	-0.09
expect	-0.09
electrically	-0.09
fluctuations	-0.09
goat	-0.09
charge	-0.09
aluminum	-0.09
paint	-0.09
quark	-0.09
fertile	-0.09
fold	-0.09
pilots	-0.09
rotating	-0.09
units	-0.09
instantaneous	-0.09
swim	-0.09
species	-0.09
everyone	-0.09
rotational	-0.09
distinguish	-0.09
soon	-0.09
combinations	-0.09
crystals	-0.09
clocks	-0.08
expert	-0.08
male	-0.08
satisfy	-0.08
leave	-0.08
crystalline	-0.08
leaving	-0.08
positive	-0.08
ten	-0.08
strand	-0.08
jet	-0.08
interaction	-0.08
uniform	-0.08
drag	-0.08
cancels	-0.08
treated	-0.08
flow	-0.08
translation	-0.08
proton	-0.08
steel	-0.08
change	-0.08
flowing	-0.08
equivalence	-0.08
characteristic	-0.08
tilt	-0.08
volts	-0.08
homogeneous	-0.08
particle	-0.08
opaque	-0.08
locked	-0.08
mammal	-0.08
break	-0.08
define	-0.08
base	-0.08
ranges	-0.08
encounter	-0.07
humans	-0.07
reduction	-0.07
root	-0.07
born	-0.07
died	-0.07
geology	-0.07
21	-0.07
repel	-0.07
bonded	-0.07
neutrinos	-0.07
balanced	-0.07
attracted	-0.07
apple	-0.07
antimatter	-0.07
boundary	-0.07
rotates	-0.07
gravitons	-0.07
hundreds	-0.07
claims	-0.07
furthermore	-0.07
produce	-0.07
isolation	-0.07
inherited	-0.07
relativistic	-0.07
saturn	-0.07
interacting	-0.07
blocked	-0.07
hits	-0.07
si	-0.07
reptiles	-0.07
development	-0.07
practically	-0.07
lorentz	-0.07
choose	-0.07
99	-0.07
nm	-0.07
involving	-0.07
creating	-0.07
rotation	-0.07
sealed	-0.07
tectonics	-0.06
charges	-0.06
retina	-0.06
interactions	-0.06
decay	-0.06
desert	-0.06
chosen	-0.06
exert	-0.06
uranus	-0.06
simultaneously	-0.06
suit	-0.06
chamber	-0.06
evolved	-0.06
carry	-0.06
stopped	-0.06
know	-0.06
repulsive	-0.06
lightning	-0.06
directions	-0.06
mentioned	-0.06
pull	-0.06
verify	-0.06
immediately	-0.06
plasma	-0.06
cancel	-0.06
centrifugal	-0.06
learning	-0.06
combination	-0.06
actively	-0.06
pieces	-0.06
attract	-0.06
pole	-0.06
pulls	-0.06
generate	-0.06
hall	-0.06
shielding	-0.06
tidal	-0.06
force	-0.06
switch	-0.06
earths	-0.06
pick	-0.06
protons	-0.06
climb	-0.06
dipole	-0.06
hill	-0.06
opposing	-0.06
incoming	-0.06
centripetal	-0.06
backwards	-0.06
attach	-0.06
defined	-0.06
pulse	-0.06
escaping	-0.05
weak	-0.05
returning	-0.05
silicon	-0.05
alpha	-0.05
stages	-0.05
raising	-0.05
direction	-0.05
thermodynamics	-0.05
towards	-0.05
toward	-0.05
particularly	-0.05
subatomic	-0.05
psychology	-0.05
heading	-0.05
hybrid	-0.05
nor	-0.05
presented	-0.05
counteract	-0.05
fact	-0.05
decays	-0.05
differentiation	-0.05
type	-0.05
divide	-0.05
entirely	-0.05
absorbing	-0.05
coil	-0.05
magnetic	-0.05
develop	-0.05
exerts	-0.05
blue	-0.05
crack	-0.05
virtually	-0.05
energies	-0.05
female	-0.05
orbits	-0.05
billions	-0.05
besides	-0.05
separated	-0.05
prime	-0.05
thousand	-0.05
switching	-0.05
discrete	-0.05
profile	-0.05
c	-0.05
present	-0.05
anti-matter	-0.05
political	-0.05
fault	-0.05
bounces	-0.05
extended	-0.04
terminal	-0.04
initially	-0.04
functional	-0.04
absorbs	-0.04
expression	-0.04
behave	-0.04
pushes	-0.04
difference	-0.04
downward	-0.04
poles	-0.04
1g	-0.04
factor	-0.04
purely	-0.04
first	-0.04
circulation	-0.04
down	-0.04
letter	-0.04
electrical	-0.04
tectonic	-0.04
tens	-0.04
yellow	-0.04
bombs	-0.04
muscle	-0.04
fills	-0.04
whereas	-0.04
breed	-0.04
someone	-0.04
hollow	-0.04
value	-0.04
prize	-0.04
embryo	-0.04
conductor	-0.04
exists	-0.04
unstable	-0.04
simply	-0.04
overlap	-0.04
arrive	-0.04
controlling	-0.04
increase	-0.04
front	-0.04
jupiter	-0.04
reflected	-0.03
emitted	-0.03
bulge	-0.03
slip	-0.03
metallic	-0.03
randomly	-0.03
pushed	-0.03
mitochondrial	-0.03
spontaneous	-0.03
apologize	-0.03
taught	-0.03
neutrino	-0.03
walls	-0.03
benefit	-0.03
pulled	-0.03
parts	-0.03
reflects	-0.03
unlike	-0.03
picked	-0.03
shift	-0.03
issues	-0.03
chances	-0.03
orbit	-0.03
genome	-0.03
retain	-0.03
equator	-0.03
wire	-0.03
layers	-0.03
lhc	-0.03
net	-0.03
almost	-0.03
jets	-0.03
neptune	-0.03
exclusion	-0.03
neutron	-0.03
quoted	-0.03
egg	-0.03
forces	-0.03
electrostatic	-0.03
high	-0.03
non-zero	-0.03
suddenly	-0.03
circuit	-0.02
professor	-0.02
end	-0.02
spectrum	-0.02
scientists	-0.02
exist	-0.02
tall	-0.02
never	-0.02
single	-0.02
sooner	-0.02
fourth	-0.02
nobody	-0.02
coding	-0.02
spins	-0.02
approaching	-0.02
empirical	-0.02
nucleus	-0.02
purple	-0.02
current	-0.02
human	-0.02
effectiveness	-0.02
popular	-0.02
destructive	-0.02
6	-0.02
introducing	-0.02
young	-0.02
reduce	-0.02
delay	-0.02
considered	-0.02
hit	-0.02
twice	-0.02
shell	-0.02
freedom	-0.02
repulsion	-0.02
magnet	-0.02
environment	-0.02
dominated	-0.02
pronounced	-0.02
quantized	-0.02
seat	-0.02
inward	-0.02
downwards	-0.02
called	-0.02
inverse	-0.02
corner	-0.02
angular	-0.02
unchanged	-0.02
weakly	-0.01
picking	-0.01
inertia	-0.01
passed	-0.01
channel	-0.01
city	-0.01
gravitational	-0.01
process	-0.01
shield	-0.01
atomic	-0.01
exactly	-0.01
ethical	-0.01
radiation	-0.01
carrying	-0.01
fewer	-0.01
closed	-0.01
habitat	-0.01
1/3	-0.01
falling	-0.01
visible	-0.01
switches	-0.01
momentum	-0.01
generated	-0.01
bounce	-0.01
increasing	-0.01
perturbation	-0.01
relation	-0.01
mean	-0.01
intermolecular	-0.01
red	-0.01
now	-0.01
remains	-0.01
rotate	-0.01
secondary	-0.01
decreasing	-0.01
indefinitely	-0.01
greatly	-0.01
detection	-0.01
classically	-0.01
lots	-0.01
planes	-0.01
attraction	-0.01
yield	-0.01
why	-0.01
capacitor	-0.01
75	-0.01
exerted	-0.01
generating	-0.01
child	-0.01
lift	-0.01
seem	-0.00
ahead	-0.00
seasons	-0.00
decrease	-0.00
reflecting	-0.00
100,000	-0.00
tangential	-0.00
bond	-0.00
insulator	-0.00
strong	-0.00
body	-0.00
voltage	-0.00
absorption	-0.00
elevator	-0.00
minus	-0.00
band	-0.00
situation	-0.00
carries	-0.00
regulated	-0.00
planck	-0.00
conserve	-0.00
switched	-0.00
board	-0.00
gravity	-0.00
areas	-0.00
reduced	-0.00
elephants	-0.00
ultraviolet	-0.00
